<?xml version="1.0" encoding="UTF-8"?>
<kml xmlns="http://www.opengis.net/kml/2.2">
  <Document id="root_doc">
    <Schema id="Distrito_GUAYAIBI.schema">
      <SimpleField name="Cédula" type="double"/>
      <SimpleField name="cedula" type="string"/>
      <SimpleField name="Cédula_1" type="double"/>
      <SimpleField name="N_" type="double"/>
      <SimpleField name="Nombres_y_" type="string"/>
      <SimpleField name="Sexo" type="string"/>
      <SimpleField name="Cambio_de_" type="string"/>
      <SimpleField name="Titular_se" type="string"/>
      <SimpleField name="Cédula_Ti" type="string"/>
      <SimpleField name="Situación" type="string"/>
      <SimpleField name="Comunidad" type="string"/>
      <SimpleField name="Modelo" type="string"/>
      <SimpleField name="Departamen" type="string"/>
      <SimpleField name="Distrito" type="string"/>
      <SimpleField name="Localidad" type="string"/>
      <SimpleField name="Teléfono" type="string"/>
      <SimpleField name="Vivienda_L" type="double"/>
      <SimpleField name="Vivienda_1" type="double"/>
      <SimpleField name="Superficie" type="double"/>
      <SimpleField name="Situaci_1" type="string"/>
      <SimpleField name="Plantado" type="string"/>
      <SimpleField name="Parcela_La" type="double"/>
      <SimpleField name="Parcela_Lo" type="double"/>
      <SimpleField name="Grupo_Impl" type="string"/>
      <SimpleField name="Grupo_de_P" type="string"/>
      <SimpleField name="Jornales" type="double"/>
      <SimpleField name="Monto" type="double"/>
      <SimpleField name="ETAPA_FAO" type="string"/>
      <SimpleField name="Estado_del" type="string"/>
      <SimpleField name="Empresa" type="string"/>
      <SimpleField name="Lote" type="string"/>
      <SimpleField name="Monitorear" type="string"/>
      <SimpleField name="Fecha_de_M" type="string"/>
      <SimpleField name="F__de_pren" type="string"/>
      <SimpleField name="Estado_FAO" type="string"/>
      <SimpleField name="Etapa_de_i" type="string"/>
      <SimpleField name="Fecha_visi" type="string"/>
      <SimpleField name="Cumple_sup" type="string"/>
      <SimpleField name="Estado_mon" type="string"/>
      <SimpleField name="Situaci_12" type="string"/>
      <SimpleField name="Observaci" type="string"/>
      <SimpleField name="Dias_trans" type="double"/>
      <SimpleField name="Prioridad" type="string"/>
      <SimpleField name="OBJECTID_1" type="int"/>
    </Schema>
    <Document id="Distrito_GUAYAIBI">
      <name>Distrito_GUAYAIBI</name>
      <Placemark id="Distrito_GUAYAIBI.1">
        <ExtendedData>
          <SchemaData schemaUrl="#Distrito_GUAYAIBI.schema">
            <SimpleData name="Cédula">5905452.00000000000</SimpleData>
            <SimpleData name="cedula">5905452</SimpleData>
            <SimpleData name="Cédula_1">5905452.00000000000</SimpleData>
            <SimpleData name="N_">151.00000000000</SimpleData>
            <SimpleData name="Nombres_y_">MIRNA FABIOLA RIVEROS</SimpleData>
            <SimpleData name="Sexo">Mujer</SimpleData>
            <SimpleData name="Cambio_de_">NO</SimpleData>
            <SimpleData name="Titular_se">NO</SimpleData>
            <SimpleData name="Cédula_Ti">NO</SimpleData>
            <SimpleData name="Situación">NO</SimpleData>
            <SimpleData name="Comunidad">Campesina</SimpleData>
            <SimpleData name="Modelo">Modelo 4</SimpleData>
            <SimpleData name="Departamen">SAN PEDRO</SimpleData>
            <SimpleData name="Distrito">GUAYAIBI</SimpleData>
            <SimpleData name="Localidad">BARRIO SAN FRANCISCO (COLONIA LUZ BELLA)</SimpleData>
            <SimpleData name="Teléfono">0983882117</SimpleData>
            <SimpleData name="Vivienda_L">-24.20812320000</SimpleData>
            <SimpleData name="Vivienda_1">-56.16747730000</SimpleData>
            <SimpleData name="Superficie">0.70000000000</SimpleData>
            <SimpleData name="Situaci_1">Pol?gono</SimpleData>
            <SimpleData name="Plantado">Si</SimpleData>
            <SimpleData name="Parcela_La">-24.20754309000</SimpleData>
            <SimpleData name="Parcela_Lo">-56.17255678000</SimpleData>
            <SimpleData name="Grupo_Impl">G1</SimpleData>
            <SimpleData name="Grupo_de_P">Lote 1-P2-XX-XX-XX</SimpleData>
            <SimpleData name="Jornales">0.00000000000</SimpleData>
            <SimpleData name="Monto">0.00000000000</SimpleData>
            <SimpleData name="ETAPA_FAO">Mantenimiento A?o 1.2</SimpleData>
            <SimpleData name="Estado_del">Activo</SimpleData>
            <SimpleData name="Empresa">Hyh Consultores SRL</SimpleData>
            <SimpleData name="Lote">Lote 1</SimpleData>
            <SimpleData name="Monitorear">Si</SimpleData>
            <SimpleData name="Fecha_de_M">-</SimpleData>
            <SimpleData name="F__de_pren">-</SimpleData>
            <SimpleData name="Estado_FAO">Monitorear</SimpleData>
            <SimpleData name="Etapa_de_i">Mantenimiento A?o 1.2</SimpleData>
            <SimpleData name="Fecha_visi">2026/09/22</SimpleData>
            <SimpleData name="Cumple_sup">Si</SimpleData>
            <SimpleData name="Estado_mon">-</SimpleData>
            <SimpleData name="Situaci_12">-</SimpleData>
            <SimpleData name="Observaci">-</SimpleData>
            <SimpleData name="Dias_trans">12.99231481480</SimpleData>
            <SimpleData name="Prioridad">ALTA</SimpleData>
            <SimpleData name="OBJECTID_1">151</SimpleData>
          </SchemaData>
        </ExtendedData>
        <Polygon>
          <outerBoundaryIs>
            <LinearRing>
              <coordinates>
                -56.1716897994345,-24.2076520017852,0
                -56.1735932998255,-24.2078317005731,0
                -56.1730049998307,-24.2073367005209,0
                -56.1718173007181,-24.2072822002684,0
                -56.1716897994345,-24.2076520017852,0
              </coordinates>
            </LinearRing>
          </outerBoundaryIs>
        </Polygon>
      </Placemark>
      <Placemark id="Distrito_GUAYAIBI.2">
        <ExtendedData>
          <SchemaData schemaUrl="#Distrito_GUAYAIBI.schema">
            <SimpleData name="Cédula">4015248.00000000000</SimpleData>
            <SimpleData name="cedula">4015248</SimpleData>
            <SimpleData name="Cédula_1">4015248.00000000000</SimpleData>
            <SimpleData name="N_">14.00000000000</SimpleData>
            <SimpleData name="Nombres_y_">ROMINA LUCIA MORENO SANCHEZ</SimpleData>
            <SimpleData name="Sexo">Mujer</SimpleData>
            <SimpleData name="Cambio_de_">NO</SimpleData>
            <SimpleData name="Titular_se">NO</SimpleData>
            <SimpleData name="Cédula_Ti">NO</SimpleData>
            <SimpleData name="Situación">NO</SimpleData>
            <SimpleData name="Comunidad">Campesina</SimpleData>
            <SimpleData name="Modelo">Modelo 5</SimpleData>
            <SimpleData name="Departamen">SAN PEDRO</SimpleData>
            <SimpleData name="Distrito">GUAYAIBI</SimpleData>
            <SimpleData name="Localidad">DIOSESANO</SimpleData>
            <SimpleData name="Teléfono">0986442009</SimpleData>
            <SimpleData name="Vivienda_L">-24.51698870000</SimpleData>
            <SimpleData name="Vivienda_1">-56.40554800000</SimpleData>
            <SimpleData name="Superficie">0.70000000000</SimpleData>
            <SimpleData name="Situaci_1">Pol?gono</SimpleData>
            <SimpleData name="Plantado">Si</SimpleData>
            <SimpleData name="Parcela_La">-24.51683637000</SimpleData>
            <SimpleData name="Parcela_Lo">-56.40167747000</SimpleData>
            <SimpleData name="Grupo_Impl">G1</SimpleData>
            <SimpleData name="Grupo_de_P">Lote 1-P1-XX-XX-XX</SimpleData>
            <SimpleData name="Jornales">0.00000000000</SimpleData>
            <SimpleData name="Monto">0.00000000000</SimpleData>
            <SimpleData name="ETAPA_FAO">Mantenimiento A?o 1.2</SimpleData>
            <SimpleData name="Estado_del">Activo</SimpleData>
            <SimpleData name="Empresa">Hyh Consultores SRL</SimpleData>
            <SimpleData name="Lote">Lote 1</SimpleData>
            <SimpleData name="Monitorear">No</SimpleData>
            <SimpleData name="Fecha_de_M">-</SimpleData>
            <SimpleData name="F__de_pren">-</SimpleData>
            <SimpleData name="Estado_FAO">Monitorear</SimpleData>
            <SimpleData name="Etapa_de_i">Mantenimiento A?o 1.2</SimpleData>
            <SimpleData name="Fecha_visi">2026/09/03</SimpleData>
            <SimpleData name="Cumple_sup">Si</SimpleData>
            <SimpleData name="Estado_mon">-</SimpleData>
            <SimpleData name="Situaci_12">-</SimpleData>
            <SimpleData name="Observaci">-</SimpleData>
            <SimpleData name="Dias_trans">31.17576388890</SimpleData>
            <SimpleData name="Prioridad">ALTA</SimpleData>
            <SimpleData name="OBJECTID_1">14</SimpleData>
          </SchemaData>
        </ExtendedData>
        <Polygon>
          <outerBoundaryIs>
            <LinearRing>
              <coordinates>
                -56.400621700144,-24.5169417009295,0
                -56.4029149999019,-24.5171349998973,0
                -56.4025217004872,-24.5167316998962,0
                -56.4007782999231,-24.5165117008952,0
                -56.400621700144,-24.5169417009295,0
              </coordinates>
            </LinearRing>
          </outerBoundaryIs>
        </Polygon>
      </Placemark>
      <Placemark id="Distrito_GUAYAIBI.3">
        <ExtendedData>
          <SchemaData schemaUrl="#Distrito_GUAYAIBI.schema">
            <SimpleData name="Cédula">6680081.00000000000</SimpleData>
            <SimpleData name="cedula">6680081</SimpleData>
            <SimpleData name="Cédula_1">6680081.00000000000</SimpleData>
            <SimpleData name="N_">210.00000000000</SimpleData>
            <SimpleData name="Nombres_y_">LIDUVINA  ROA ALCARAZ</SimpleData>
            <SimpleData name="Sexo">Mujer</SimpleData>
            <SimpleData name="Cambio_de_">NO</SimpleData>
            <SimpleData name="Titular_se">NO</SimpleData>
            <SimpleData name="Cédula_Ti">NO</SimpleData>
            <SimpleData name="Situación">NO</SimpleData>
            <SimpleData name="Comunidad">Campesina</SimpleData>
            <SimpleData name="Modelo">Modelo 5</SimpleData>
            <SimpleData name="Departamen">SAN PEDRO</SimpleData>
            <SimpleData name="Distrito">GUAYAIBI</SimpleData>
            <SimpleData name="Localidad">1 DE MAYO (COLONIA LUZ BELLA)</SimpleData>
            <SimpleData name="Teléfono">ND</SimpleData>
            <SimpleData name="Vivienda_L">-24.19661170000</SimpleData>
            <SimpleData name="Vivienda_1">-56.15912480000</SimpleData>
            <SimpleData name="Superficie">0.70000000000</SimpleData>
            <SimpleData name="Situaci_1">Pol?gono</SimpleData>
            <SimpleData name="Plantado">Si</SimpleData>
            <SimpleData name="Parcela_La">-24.19675294000</SimpleData>
            <SimpleData name="Parcela_Lo">-56.16563531000</SimpleData>
            <SimpleData name="Grupo_Impl">G1</SimpleData>
            <SimpleData name="Grupo_de_P">Lote 1-P3-XX-XX-XX</SimpleData>
            <SimpleData name="Jornales">0.00000000000</SimpleData>
            <SimpleData name="Monto">0.00000000000</SimpleData>
            <SimpleData name="ETAPA_FAO">Mantenimiento A?o 1.2</SimpleData>
            <SimpleData name="Estado_del">Activo</SimpleData>
            <SimpleData name="Empresa">Hyh Consultores SRL</SimpleData>
            <SimpleData name="Lote">Lote 1</SimpleData>
            <SimpleData name="Monitorear">Si</SimpleData>
            <SimpleData name="Fecha_de_M">-</SimpleData>
            <SimpleData name="F__de_pren">-</SimpleData>
            <SimpleData name="Estado_FAO">Monitorear</SimpleData>
            <SimpleData name="Etapa_de_i">Mantenimiento A?o 1.2</SimpleData>
            <SimpleData name="Fecha_visi">2026/09/15</SimpleData>
            <SimpleData name="Cumple_sup">Si</SimpleData>
            <SimpleData name="Estado_mon">-</SimpleData>
            <SimpleData name="Situaci_12">-</SimpleData>
            <SimpleData name="Observaci">-</SimpleData>
            <SimpleData name="Dias_trans">19.17253472220</SimpleData>
            <SimpleData name="Prioridad">ALTA</SimpleData>
            <SimpleData name="OBJECTID_1">210</SimpleData>
          </SchemaData>
        </ExtendedData>
        <Polygon>
          <outerBoundaryIs>
            <LinearRing>
              <coordinates>
                -56.1647464001428,-24.1969754005747,0
                -56.1665004003241,-24.1969982995066,0
                -56.166505299774,-24.1965162003757,0
                -56.1647541005931,-24.1965214001779,0
                -56.1647464001428,-24.1969754005747,0
              </coordinates>
            </LinearRing>
          </outerBoundaryIs>
        </Polygon>
      </Placemark>
      <Placemark id="Distrito_GUAYAIBI.4">
        <ExtendedData>
          <SchemaData schemaUrl="#Distrito_GUAYAIBI.schema">
            <SimpleData name="Cédula">4535317.00000000000</SimpleData>
            <SimpleData name="cedula">4535317</SimpleData>
            <SimpleData name="Cédula_1">4535317.00000000000</SimpleData>
            <SimpleData name="N_">37.00000000000</SimpleData>
            <SimpleData name="Nombres_y_">GLADYS MARLENE VILLALBA VELAZQUEZ</SimpleData>
            <SimpleData name="Sexo">Mujer</SimpleData>
            <SimpleData name="Cambio_de_">NO</SimpleData>
            <SimpleData name="Titular_se">NO</SimpleData>
            <SimpleData name="Cédula_Ti">NO</SimpleData>
            <SimpleData name="Situación">NO</SimpleData>
            <SimpleData name="Comunidad">Campesina</SimpleData>
            <SimpleData name="Modelo">Modelo 5</SimpleData>
            <SimpleData name="Departamen">SAN PEDRO</SimpleData>
            <SimpleData name="Distrito">GUAYAIBI</SimpleData>
            <SimpleData name="Localidad">BARRIO SAN FRANCISCO (COLONIA LUZ BELLA)</SimpleData>
            <SimpleData name="Teléfono">0985304504</SimpleData>
            <SimpleData name="Vivienda_L">-24.21999560000</SimpleData>
            <SimpleData name="Vivienda_1">-56.17645480000</SimpleData>
            <SimpleData name="Superficie">0.70000000000</SimpleData>
            <SimpleData name="Situaci_1">Pol?gono</SimpleData>
            <SimpleData name="Plantado">Si</SimpleData>
            <SimpleData name="Parcela_La">-24.21983346000</SimpleData>
            <SimpleData name="Parcela_Lo">-56.18846846000</SimpleData>
            <SimpleData name="Grupo_Impl">G1</SimpleData>
            <SimpleData name="Grupo_de_P">Lote 1-P3-XX-XX-XX</SimpleData>
            <SimpleData name="Jornales">0.00000000000</SimpleData>
            <SimpleData name="Monto">0.00000000000</SimpleData>
            <SimpleData name="ETAPA_FAO">Mantenimiento A?o 1.2</SimpleData>
            <SimpleData name="Estado_del">Activo</SimpleData>
            <SimpleData name="Empresa">Hyh Consultores SRL</SimpleData>
            <SimpleData name="Lote">Lote 1</SimpleData>
            <SimpleData name="Monitorear">Si</SimpleData>
            <SimpleData name="Fecha_de_M">-</SimpleData>
            <SimpleData name="F__de_pren">-</SimpleData>
            <SimpleData name="Estado_FAO">Monitorear</SimpleData>
            <SimpleData name="Etapa_de_i">Mantenimiento A?o 1.2</SimpleData>
            <SimpleData name="Fecha_visi">2026/09/15</SimpleData>
            <SimpleData name="Cumple_sup">Si</SimpleData>
            <SimpleData name="Estado_mon">-</SimpleData>
            <SimpleData name="Situaci_12">-</SimpleData>
            <SimpleData name="Observaci">-</SimpleData>
            <SimpleData name="Dias_trans">19.22935185180</SimpleData>
            <SimpleData name="Prioridad">ALTA</SimpleData>
            <SimpleData name="OBJECTID_1">37</SimpleData>
          </SchemaData>
        </ExtendedData>
        <Polygon>
          <outerBoundaryIs>
            <LinearRing>
              <coordinates>
                -56.187973100059,-24.2194944002347,0
                -56.187961400192,-24.2201790000482,0
                -56.1889682998635,-24.2201664007776,0
                -56.1889767002866,-24.219493300072,0
                -56.187973100059,-24.2194944002347,0
              </coordinates>
            </LinearRing>
          </outerBoundaryIs>
        </Polygon>
      </Placemark>
      <Placemark id="Distrito_GUAYAIBI.5">
        <ExtendedData>
          <SchemaData schemaUrl="#Distrito_GUAYAIBI.schema">
            <SimpleData name="Cédula">5635213.00000000000</SimpleData>
            <SimpleData name="cedula">5635213</SimpleData>
            <SimpleData name="Cédula_1">5635213.00000000000</SimpleData>
            <SimpleData name="N_">16.00000000000</SimpleData>
            <SimpleData name="Nombres_y_">LILIANA MEZA ROMERO</SimpleData>
            <SimpleData name="Sexo">Mujer</SimpleData>
            <SimpleData name="Cambio_de_">NO</SimpleData>
            <SimpleData name="Titular_se">NO</SimpleData>
            <SimpleData name="Cédula_Ti">NO</SimpleData>
            <SimpleData name="Situación">NO</SimpleData>
            <SimpleData name="Comunidad">Campesina</SimpleData>
            <SimpleData name="Modelo">Modelo 5</SimpleData>
            <SimpleData name="Departamen">SAN PEDRO</SimpleData>
            <SimpleData name="Distrito">GUAYAIBI</SimpleData>
            <SimpleData name="Localidad">PRIMAVERA REAL</SimpleData>
            <SimpleData name="Teléfono">0971403399</SimpleData>
            <SimpleData name="Vivienda_L">-24.45038800000</SimpleData>
            <SimpleData name="Vivienda_1">-56.18427670000</SimpleData>
            <SimpleData name="Superficie">0.70000000000</SimpleData>
            <SimpleData name="Situaci_1">Pol?gono</SimpleData>
            <SimpleData name="Plantado">Si</SimpleData>
            <SimpleData name="Parcela_La">-24.45164051000</SimpleData>
            <SimpleData name="Parcela_Lo">-56.18449109000</SimpleData>
            <SimpleData name="Grupo_Impl">G1</SimpleData>
            <SimpleData name="Grupo_de_P">Lote 1-P1-XX-XX-XX</SimpleData>
            <SimpleData name="Jornales">0.00000000000</SimpleData>
            <SimpleData name="Monto">0.00000000000</SimpleData>
            <SimpleData name="ETAPA_FAO">Mantenimiento A?o 1.2</SimpleData>
            <SimpleData name="Estado_del">Activo</SimpleData>
            <SimpleData name="Empresa">Hyh Consultores SRL</SimpleData>
            <SimpleData name="Lote">Lote 1</SimpleData>
            <SimpleData name="Monitorear">No</SimpleData>
            <SimpleData name="Fecha_de_M">-</SimpleData>
            <SimpleData name="F__de_pren">-</SimpleData>
            <SimpleData name="Estado_FAO">Monitorear</SimpleData>
            <SimpleData name="Etapa_de_i">Mantenimiento A?o 1.2</SimpleData>
            <SimpleData name="Fecha_visi">2026/09/02</SimpleData>
            <SimpleData name="Cumple_sup">Si</SimpleData>
            <SimpleData name="Estado_mon">-</SimpleData>
            <SimpleData name="Situaci_12">-</SimpleData>
            <SimpleData name="Observaci">-</SimpleData>
            <SimpleData name="Dias_trans">32.49237268520</SimpleData>
            <SimpleData name="Prioridad">ALTA</SimpleData>
            <SimpleData name="OBJECTID_1">16</SimpleData>
          </SchemaData>
        </ExtendedData>
        <Polygon>
          <outerBoundaryIs>
            <LinearRing>
              <coordinates>
                -56.1841769984913,-24.4522644996524,0
                -56.1846583995713,-24.4523426003413,0
                -56.184796199868,-24.451009600025,0
                -56.1843358630079,-24.4509264801901,0
                -56.1841769984913,-24.4522644996524,0
              </coordinates>
            </LinearRing>
          </outerBoundaryIs>
        </Polygon>
      </Placemark>
      <Placemark id="Distrito_GUAYAIBI.6">
        <ExtendedData>
          <SchemaData schemaUrl="#Distrito_GUAYAIBI.schema">
            <SimpleData name="Cédula">5371206.00000000000</SimpleData>
            <SimpleData name="cedula">5371206</SimpleData>
            <SimpleData name="Cédula_1">5371206.00000000000</SimpleData>
            <SimpleData name="N_">84.00000000000</SimpleData>
            <SimpleData name="Nombres_y_">DIONISIA VERA OJEDA</SimpleData>
            <SimpleData name="Sexo">Mujer</SimpleData>
            <SimpleData name="Cambio_de_">NO</SimpleData>
            <SimpleData name="Titular_se">NO</SimpleData>
            <SimpleData name="Cédula_Ti">NO</SimpleData>
            <SimpleData name="Situación">NO</SimpleData>
            <SimpleData name="Comunidad">Campesina</SimpleData>
            <SimpleData name="Modelo">Modelo 5</SimpleData>
            <SimpleData name="Departamen">SAN PEDRO</SimpleData>
            <SimpleData name="Distrito">GUAYAIBI</SimpleData>
            <SimpleData name="Localidad">CALLE 4000</SimpleData>
            <SimpleData name="Teléfono">ND</SimpleData>
            <SimpleData name="Vivienda_L">-24.56647360000</SimpleData>
            <SimpleData name="Vivienda_1">-56.35233260000</SimpleData>
            <SimpleData name="Superficie">0.70000000000</SimpleData>
            <SimpleData name="Situaci_1">Pol?gono</SimpleData>
            <SimpleData name="Plantado">Si</SimpleData>
            <SimpleData name="Parcela_La">-24.56503470000</SimpleData>
            <SimpleData name="Parcela_Lo">-56.35218677000</SimpleData>
            <SimpleData name="Grupo_Impl">G1</SimpleData>
            <SimpleData name="Grupo_de_P">Lote 1-P1-XX-XX-XX</SimpleData>
            <SimpleData name="Jornales">0.00000000000</SimpleData>
            <SimpleData name="Monto">0.00000000000</SimpleData>
            <SimpleData name="ETAPA_FAO">Mantenimiento A?o 1.2</SimpleData>
            <SimpleData name="Estado_del">Activo</SimpleData>
            <SimpleData name="Empresa">Hyh Consultores SRL</SimpleData>
            <SimpleData name="Lote">Lote 1</SimpleData>
            <SimpleData name="Monitorear">Si</SimpleData>
            <SimpleData name="Fecha_de_M">-</SimpleData>
            <SimpleData name="F__de_pren">-</SimpleData>
            <SimpleData name="Estado_FAO">Monitorear</SimpleData>
            <SimpleData name="Etapa_de_i">Mantenimiento A?o 1.2</SimpleData>
            <SimpleData name="Fecha_visi">2026/09/22</SimpleData>
            <SimpleData name="Cumple_sup">Si</SimpleData>
            <SimpleData name="Estado_mon">-</SimpleData>
            <SimpleData name="Situaci_12">-</SimpleData>
            <SimpleData name="Observaci">-</SimpleData>
            <SimpleData name="Dias_trans">12.17775462960</SimpleData>
            <SimpleData name="Prioridad">ALTA</SimpleData>
            <SimpleData name="OBJECTID_1">84</SimpleData>
          </SchemaData>
        </ExtendedData>
        <MultiGeometry>
          <Polygon>
            <outerBoundaryIs>
              <LinearRing>
                <coordinates>
                  -56.3520738005348,-24.5656794013384,0
                  -56.3520778014085,-24.5657352008713,0
                  -56.351726600133,-24.5657192006559,0
                  -56.3516644000898,-24.5660460001273,0
                  -56.3525338993298,-24.5660516000429,0
                  -56.3525144000322,-24.5656491015413,0
                  -56.3520738005348,-24.5656794013384,0
                </coordinates>
              </LinearRing>
            </outerBoundaryIs>
          </Polygon>
          <Polygon>
            <outerBoundaryIs>
              <LinearRing>
                <coordinates>
                  -56.3517862001509,-24.56501080037,0
                  -56.3520390007073,-24.5653074005003,0
                  -56.3525388006691,-24.56529280038,0
                  -56.3525526016774,-24.56483589986,0
                  -56.3517836003606,-24.5647714993572,0
                  -56.3517862001509,-24.56501080037,0
                </coordinates>
              </LinearRing>
            </outerBoundaryIs>
          </Polygon>
        </MultiGeometry>
      </Placemark>
      <Placemark id="Distrito_GUAYAIBI.7">
        <ExtendedData>
          <SchemaData schemaUrl="#Distrito_GUAYAIBI.schema">
            <SimpleData name="Cédula">6367945.00000000000</SimpleData>
            <SimpleData name="cedula">6367945</SimpleData>
            <SimpleData name="Cédula_1">6367945.00000000000</SimpleData>
            <SimpleData name="N_">181.00000000000</SimpleData>
            <SimpleData name="Nombres_y_">ADELIO ROMERO PORTILLO</SimpleData>
            <SimpleData name="Sexo">Hombre</SimpleData>
            <SimpleData name="Cambio_de_">NO</SimpleData>
            <SimpleData name="Titular_se">NO</SimpleData>
            <SimpleData name="Cédula_Ti">NO</SimpleData>
            <SimpleData name="Situación">NO</SimpleData>
            <SimpleData name="Comunidad">Campesina</SimpleData>
            <SimpleData name="Modelo">Modelo 1</SimpleData>
            <SimpleData name="Departamen">SAN PEDRO</SimpleData>
            <SimpleData name="Distrito">GUAYAIBI</SimpleData>
            <SimpleData name="Localidad">URBANO</SimpleData>
            <SimpleData name="Teléfono">0984511474</SimpleData>
            <SimpleData name="Vivienda_L">-24.53083560000</SimpleData>
            <SimpleData name="Vivienda_1">-56.39558770000</SimpleData>
            <SimpleData name="Superficie">0.80000000000</SimpleData>
            <SimpleData name="Situaci_1">Pol?gono</SimpleData>
            <SimpleData name="Plantado">Si</SimpleData>
            <SimpleData name="Parcela_La">-24.52871390000</SimpleData>
            <SimpleData name="Parcela_Lo">-56.39225536000</SimpleData>
            <SimpleData name="Grupo_Impl">G1</SimpleData>
            <SimpleData name="Grupo_de_P">Lote 1-P1-XX-XX-XX</SimpleData>
            <SimpleData name="Jornales">0.00000000000</SimpleData>
            <SimpleData name="Monto">0.00000000000</SimpleData>
            <SimpleData name="ETAPA_FAO">Mantenimiento A?o 1.2</SimpleData>
            <SimpleData name="Estado_del">Activo</SimpleData>
            <SimpleData name="Empresa">Hyh Consultores SRL</SimpleData>
            <SimpleData name="Lote">Lote 1</SimpleData>
            <SimpleData name="Monitorear">Si</SimpleData>
            <SimpleData name="Fecha_de_M">-</SimpleData>
            <SimpleData name="F__de_pren">-</SimpleData>
            <SimpleData name="Estado_FAO">Monitorear</SimpleData>
            <SimpleData name="Etapa_de_i">Mantenimiento A?o 1.2</SimpleData>
            <SimpleData name="Fecha_visi">2026/09/23</SimpleData>
            <SimpleData name="Cumple_sup">Si</SimpleData>
            <SimpleData name="Estado_mon">-</SimpleData>
            <SimpleData name="Situaci_12">-</SimpleData>
            <SimpleData name="Observaci">-</SimpleData>
            <SimpleData name="Dias_trans">11.29650462960</SimpleData>
            <SimpleData name="Prioridad">ALTA</SimpleData>
            <SimpleData name="OBJECTID_1">181</SimpleData>
          </SchemaData>
        </ExtendedData>
        <MultiGeometry>
          <Polygon>
            <outerBoundaryIs>
              <LinearRing>
                <coordinates>
                  -56.3921889005445,-24.5295117012214,0
                  -56.3923372998651,-24.5295648008733,0
                  -56.3925059555611,-24.5292854512951,0
                  -56.3922176014856,-24.5293006003752,0
                  -56.3921889005445,-24.5295117012214,0
                </coordinates>
              </LinearRing>
            </outerBoundaryIs>
          </Polygon>
          <Polygon>
            <outerBoundaryIs>
              <LinearRing>
                <coordinates>
                  -56.3919020220929,-24.5292738738004,0
                  -56.3924491003094,-24.5292814002689,0
                  -56.3925710007321,-24.5280279999833,0
                  -56.3920869995078,-24.5279906015356,0
                  -56.3919020220929,-24.5292738738004,0
                </coordinates>
              </LinearRing>
            </outerBoundaryIs>
          </Polygon>
        </MultiGeometry>
      </Placemark>
      <Placemark id="Distrito_GUAYAIBI.8">
        <ExtendedData>
          <SchemaData schemaUrl="#Distrito_GUAYAIBI.schema">
            <SimpleData name="Cédula">6664998.00000000000</SimpleData>
            <SimpleData name="cedula">6664998</SimpleData>
            <SimpleData name="Cédula_1">6664998.00000000000</SimpleData>
            <SimpleData name="N_">10.00000000000</SimpleData>
            <SimpleData name="Nombres_y_">BLANCA SOLEDAD CESPEDES GALEANO</SimpleData>
            <SimpleData name="Sexo">Mujer</SimpleData>
            <SimpleData name="Cambio_de_">NO</SimpleData>
            <SimpleData name="Titular_se">NO</SimpleData>
            <SimpleData name="Cédula_Ti">NO</SimpleData>
            <SimpleData name="Situación">NO</SimpleData>
            <SimpleData name="Comunidad">Campesina</SimpleData>
            <SimpleData name="Modelo">Modelo 1</SimpleData>
            <SimpleData name="Departamen">SAN PEDRO</SimpleData>
            <SimpleData name="Distrito">GUAYAIBI</SimpleData>
            <SimpleData name="Localidad">CALLE 4000</SimpleData>
            <SimpleData name="Teléfono">0985924625</SimpleData>
            <SimpleData name="Vivienda_L">-24.56719360000</SimpleData>
            <SimpleData name="Vivienda_1">-56.32251270000</SimpleData>
            <SimpleData name="Superficie">0.80000000000</SimpleData>
            <SimpleData name="Situaci_1">Pol?gono</SimpleData>
            <SimpleData name="Plantado">Si</SimpleData>
            <SimpleData name="Parcela_La">-24.57148055000</SimpleData>
            <SimpleData name="Parcela_Lo">-56.32220879000</SimpleData>
            <SimpleData name="Grupo_Impl">G1</SimpleData>
            <SimpleData name="Grupo_de_P">Lote 1-P1-XX-XX-XX</SimpleData>
            <SimpleData name="Jornales">0.00000000000</SimpleData>
            <SimpleData name="Monto">0.00000000000</SimpleData>
            <SimpleData name="ETAPA_FAO">Mantenimiento A?o 1.2</SimpleData>
            <SimpleData name="Estado_del">Activo</SimpleData>
            <SimpleData name="Empresa">Hyh Consultores SRL</SimpleData>
            <SimpleData name="Lote">Lote 1</SimpleData>
            <SimpleData name="Monitorear">No</SimpleData>
            <SimpleData name="Fecha_de_M">-</SimpleData>
            <SimpleData name="F__de_pren">-</SimpleData>
            <SimpleData name="Estado_FAO">Monitorear</SimpleData>
            <SimpleData name="Etapa_de_i">Mantenimiento A?o 1.2</SimpleData>
            <SimpleData name="Fecha_visi">2026/09/22</SimpleData>
            <SimpleData name="Cumple_sup">Si</SimpleData>
            <SimpleData name="Estado_mon">-</SimpleData>
            <SimpleData name="Situaci_12">-</SimpleData>
            <SimpleData name="Observaci">-</SimpleData>
            <SimpleData name="Dias_trans">12.18186342590</SimpleData>
            <SimpleData name="Prioridad">ALTA</SimpleData>
            <SimpleData name="OBJECTID_1">10</SimpleData>
          </SchemaData>
        </ExtendedData>
        <Polygon>
          <outerBoundaryIs>
            <LinearRing>
              <coordinates>
                -56.3219188996649,-24.5720354003257,0
                -56.3224861999935,-24.5721139012839,0
                -56.3225644998574,-24.5709675013587,0
                -56.3218621423821,-24.5708863871077,0
                -56.3219188996649,-24.5720354003257,0
              </coordinates>
            </LinearRing>
          </outerBoundaryIs>
        </Polygon>
      </Placemark>
      <Placemark id="Distrito_GUAYAIBI.9">
        <ExtendedData>
          <SchemaData schemaUrl="#Distrito_GUAYAIBI.schema">
            <SimpleData name="Cédula">2487456.00000000000</SimpleData>
            <SimpleData name="cedula">2487456</SimpleData>
            <SimpleData name="Cédula_1">2487456.00000000000</SimpleData>
            <SimpleData name="N_">2.00000000000</SimpleData>
            <SimpleData name="Nombres_y_">CELSO ENCINA AGUILERA</SimpleData>
            <SimpleData name="Sexo">Hombre</SimpleData>
            <SimpleData name="Cambio_de_">NO</SimpleData>
            <SimpleData name="Titular_se">NO</SimpleData>
            <SimpleData name="Cédula_Ti">NO</SimpleData>
            <SimpleData name="Situación">NO</SimpleData>
            <SimpleData name="Comunidad">Campesina</SimpleData>
            <SimpleData name="Modelo">Modelo 5</SimpleData>
            <SimpleData name="Departamen">SAN PEDRO</SimpleData>
            <SimpleData name="Distrito">GUAYAIBI</SimpleData>
            <SimpleData name="Localidad">ASENT. ECO URBANISTICO</SimpleData>
            <SimpleData name="Teléfono">0981080289</SimpleData>
            <SimpleData name="Vivienda_L">-24.25643830000</SimpleData>
            <SimpleData name="Vivienda_1">-56.17716650000</SimpleData>
            <SimpleData name="Superficie">0.70000000000</SimpleData>
            <SimpleData name="Situaci_1">Pol?gono</SimpleData>
            <SimpleData name="Plantado">Si</SimpleData>
            <SimpleData name="Parcela_La">-24.25610816000</SimpleData>
            <SimpleData name="Parcela_Lo">-56.17594113000</SimpleData>
            <SimpleData name="Grupo_Impl">G1</SimpleData>
            <SimpleData name="Grupo_de_P">Lote 1-P3-XX-XX-XX</SimpleData>
            <SimpleData name="Jornales">0.00000000000</SimpleData>
            <SimpleData name="Monto">0.00000000000</SimpleData>
            <SimpleData name="ETAPA_FAO">Mantenimiento A?o 1.2</SimpleData>
            <SimpleData name="Estado_del">Activo</SimpleData>
            <SimpleData name="Empresa">Hyh Consultores SRL</SimpleData>
            <SimpleData name="Lote">Lote 1</SimpleData>
            <SimpleData name="Monitorear">Si</SimpleData>
            <SimpleData name="Fecha_de_M">-</SimpleData>
            <SimpleData name="F__de_pren">-</SimpleData>
            <SimpleData name="Estado_FAO">Monitorear</SimpleData>
            <SimpleData name="Etapa_de_i">Mantenimiento A?o 1.2</SimpleData>
            <SimpleData name="Fecha_visi">2026/09/12</SimpleData>
            <SimpleData name="Cumple_sup">Si</SimpleData>
            <SimpleData name="Estado_mon">-</SimpleData>
            <SimpleData name="Situaci_12">-</SimpleData>
            <SimpleData name="Observaci">-</SimpleData>
            <SimpleData name="Dias_trans">22.04547453700</SimpleData>
            <SimpleData name="Prioridad">ALTA</SimpleData>
            <SimpleData name="OBJECTID_1">2</SimpleData>
          </SchemaData>
        </ExtendedData>
        <Polygon>
          <outerBoundaryIs>
            <LinearRing>
              <coordinates>
                -56.1754337003675,-24.2557769998434,0
                -56.1753833000487,-24.2563899994169,0
                -56.1764706007215,-24.2563949995461,0
                -56.1765378001279,-24.2558782004083,0
                -56.1754337003675,-24.2557769998434,0
              </coordinates>
            </LinearRing>
          </outerBoundaryIs>
        </Polygon>
      </Placemark>
      <Placemark id="Distrito_GUAYAIBI.10">
        <ExtendedData>
          <SchemaData schemaUrl="#Distrito_GUAYAIBI.schema">
            <SimpleData name="Cédula">4593295.00000000000</SimpleData>
            <SimpleData name="cedula">4593295</SimpleData>
            <SimpleData name="Cédula_1">4593295.00000000000</SimpleData>
            <SimpleData name="N_">41.00000000000</SimpleData>
            <SimpleData name="Nombres_y_">MAXIMO CHAVEZ MARTINEZ</SimpleData>
            <SimpleData name="Sexo">Hombre</SimpleData>
            <SimpleData name="Cambio_de_">NO</SimpleData>
            <SimpleData name="Titular_se">NO</SimpleData>
            <SimpleData name="Cédula_Ti">NO</SimpleData>
            <SimpleData name="Situación">NO</SimpleData>
            <SimpleData name="Comunidad">Campesina</SimpleData>
            <SimpleData name="Modelo">Modelo 5</SimpleData>
            <SimpleData name="Departamen">SAN PEDRO</SimpleData>
            <SimpleData name="Distrito">GUAYAIBI</SimpleData>
            <SimpleData name="Localidad">15 DE ABRIL</SimpleData>
            <SimpleData name="Teléfono">982041691</SimpleData>
            <SimpleData name="Vivienda_L">-24.51996980000</SimpleData>
            <SimpleData name="Vivienda_1">-56.21361260000</SimpleData>
            <SimpleData name="Superficie">0.70000000000</SimpleData>
            <SimpleData name="Situaci_1">Pol?gono</SimpleData>
            <SimpleData name="Plantado">Si</SimpleData>
            <SimpleData name="Parcela_La">-24.51815034000</SimpleData>
            <SimpleData name="Parcela_Lo">-56.21080129000</SimpleData>
            <SimpleData name="Grupo_Impl">G1</SimpleData>
            <SimpleData name="Grupo_de_P">Lote 1-P1-XX-XX-XX</SimpleData>
            <SimpleData name="Jornales">0.00000000000</SimpleData>
            <SimpleData name="Monto">0.00000000000</SimpleData>
            <SimpleData name="ETAPA_FAO">Mantenimiento A?o 1.2</SimpleData>
            <SimpleData name="Estado_del">Activo</SimpleData>
            <SimpleData name="Empresa">Hyh Consultores SRL</SimpleData>
            <SimpleData name="Lote">Lote 1</SimpleData>
            <SimpleData name="Monitorear">No</SimpleData>
            <SimpleData name="Fecha_de_M">-</SimpleData>
            <SimpleData name="F__de_pren">-</SimpleData>
            <SimpleData name="Estado_FAO">Monitorear</SimpleData>
            <SimpleData name="Etapa_de_i">Mantenimiento A?o 1.2</SimpleData>
            <SimpleData name="Fecha_visi">2026/09/09</SimpleData>
            <SimpleData name="Cumple_sup">Si</SimpleData>
            <SimpleData name="Estado_mon">-</SimpleData>
            <SimpleData name="Situaci_12">-</SimpleData>
            <SimpleData name="Observaci">-</SimpleData>
            <SimpleData name="Dias_trans">25.57457175930</SimpleData>
            <SimpleData name="Prioridad">ALTA</SimpleData>
            <SimpleData name="OBJECTID_1">41</SimpleData>
          </SchemaData>
        </ExtendedData>
        <Polygon>
          <outerBoundaryIs>
            <LinearRing>
              <coordinates>
                -56.2101952005926,-24.5179721007612,0
                -56.2109128994159,-24.5187236997676,0
                -56.2114141005208,-24.5182790009569,0
                -56.2106578000307,-24.5175946006255,0
                -56.2101952005926,-24.5179721007612,0
              </coordinates>
            </LinearRing>
          </outerBoundaryIs>
        </Polygon>
      </Placemark>
      <Placemark id="Distrito_GUAYAIBI.11">
        <ExtendedData>
          <SchemaData schemaUrl="#Distrito_GUAYAIBI.schema">
            <SimpleData name="Cédula">5798957.00000000000</SimpleData>
            <SimpleData name="cedula">5798957</SimpleData>
            <SimpleData name="Cédula_1">5798957.00000000000</SimpleData>
            <SimpleData name="N_">140.00000000000</SimpleData>
            <SimpleData name="Nombres_y_">TOMASA VENIALGO ALFONZO</SimpleData>
            <SimpleData name="Sexo">Mujer</SimpleData>
            <SimpleData name="Cambio_de_">NO</SimpleData>
            <SimpleData name="Titular_se">NO</SimpleData>
            <SimpleData name="Cédula_Ti">NO</SimpleData>
            <SimpleData name="Situación">NO</SimpleData>
            <SimpleData name="Comunidad">Campesina</SimpleData>
            <SimpleData name="Modelo">Modelo 4</SimpleData>
            <SimpleData name="Departamen">SAN PEDRO</SimpleData>
            <SimpleData name="Distrito">GUAYAIBI</SimpleData>
            <SimpleData name="Localidad">NARANJA JAI</SimpleData>
            <SimpleData name="Teléfono">0982524481</SimpleData>
            <SimpleData name="Vivienda_L">-24.52022510000</SimpleData>
            <SimpleData name="Vivienda_1">-56.35029440000</SimpleData>
            <SimpleData name="Superficie">0.70000000000</SimpleData>
            <SimpleData name="Situaci_1">Pol?gono</SimpleData>
            <SimpleData name="Plantado">Si</SimpleData>
            <SimpleData name="Parcela_La">-24.51412317000</SimpleData>
            <SimpleData name="Parcela_Lo">-56.35674126000</SimpleData>
            <SimpleData name="Grupo_Impl">G1</SimpleData>
            <SimpleData name="Grupo_de_P">Lote 1-P2-XX-XX-XX</SimpleData>
            <SimpleData name="Jornales">0.00000000000</SimpleData>
            <SimpleData name="Monto">0.00000000000</SimpleData>
            <SimpleData name="ETAPA_FAO">Mantenimiento A?o 1.2</SimpleData>
            <SimpleData name="Estado_del">Activo</SimpleData>
            <SimpleData name="Empresa">Hyh Consultores SRL</SimpleData>
            <SimpleData name="Lote">Lote 1</SimpleData>
            <SimpleData name="Monitorear">Si</SimpleData>
            <SimpleData name="Fecha_de_M">-</SimpleData>
            <SimpleData name="F__de_pren">-</SimpleData>
            <SimpleData name="Estado_FAO">Monitorear</SimpleData>
            <SimpleData name="Etapa_de_i">Mantenimiento A?o 1.2</SimpleData>
            <SimpleData name="Fecha_visi">2026/09/08</SimpleData>
            <SimpleData name="Cumple_sup">Si</SimpleData>
            <SimpleData name="Estado_mon">-</SimpleData>
            <SimpleData name="Situaci_12">-</SimpleData>
            <SimpleData name="Observaci">-</SimpleData>
            <SimpleData name="Dias_trans">26.19427083330</SimpleData>
            <SimpleData name="Prioridad">ALTA</SimpleData>
            <SimpleData name="OBJECTID_1">140</SimpleData>
          </SchemaData>
        </ExtendedData>
        <Polygon>
          <outerBoundaryIs>
            <LinearRing>
              <coordinates>
                -56.3563919001075,-24.5138071012339,0
                -56.356549501036,-24.5147658001696,0
                -56.3571483006606,-24.5145583001694,0
                -56.3568037994981,-24.5133213005175,0
                -56.3563919001075,-24.5138071012339,0
              </coordinates>
            </LinearRing>
          </outerBoundaryIs>
        </Polygon>
      </Placemark>
      <Placemark id="Distrito_GUAYAIBI.12">
        <ExtendedData>
          <SchemaData schemaUrl="#Distrito_GUAYAIBI.schema">
            <SimpleData name="Cédula">5836644.00000000000</SimpleData>
            <SimpleData name="cedula">5836644</SimpleData>
            <SimpleData name="Cédula_1">5836644.00000000000</SimpleData>
            <SimpleData name="N_">5.00000000000</SimpleData>
            <SimpleData name="Nombres_y_">MERCEDES CAJE ESCURRA</SimpleData>
            <SimpleData name="Sexo">Mujer</SimpleData>
            <SimpleData name="Cambio_de_">NO</SimpleData>
            <SimpleData name="Titular_se">NO</SimpleData>
            <SimpleData name="Cédula_Ti">NO</SimpleData>
            <SimpleData name="Situación">NO</SimpleData>
            <SimpleData name="Comunidad">Campesina</SimpleData>
            <SimpleData name="Modelo">Modelo 5</SimpleData>
            <SimpleData name="Departamen">SAN PEDRO</SimpleData>
            <SimpleData name="Distrito">GUAYAIBI</SimpleData>
            <SimpleData name="Localidad">URBANO</SimpleData>
            <SimpleData name="Teléfono">0993438392</SimpleData>
            <SimpleData name="Vivienda_L">-24.53005570000</SimpleData>
            <SimpleData name="Vivienda_1">-56.39778520000</SimpleData>
            <SimpleData name="Superficie">0.70000000000</SimpleData>
            <SimpleData name="Situaci_1">Pol?gono</SimpleData>
            <SimpleData name="Plantado">Si</SimpleData>
            <SimpleData name="Parcela_La">-24.52337316000</SimpleData>
            <SimpleData name="Parcela_Lo">-56.39859935000</SimpleData>
            <SimpleData name="Grupo_Impl">G1</SimpleData>
            <SimpleData name="Grupo_de_P">Lote 1-P1-XX-XX-XX</SimpleData>
            <SimpleData name="Jornales">0.00000000000</SimpleData>
            <SimpleData name="Monto">0.00000000000</SimpleData>
            <SimpleData name="ETAPA_FAO">Mantenimiento A?o 1.2</SimpleData>
            <SimpleData name="Estado_del">Activo</SimpleData>
            <SimpleData name="Empresa">Hyh Consultores SRL</SimpleData>
            <SimpleData name="Lote">Lote 1</SimpleData>
            <SimpleData name="Monitorear">No</SimpleData>
            <SimpleData name="Fecha_de_M">-</SimpleData>
            <SimpleData name="F__de_pren">-</SimpleData>
            <SimpleData name="Estado_FAO">Monitorear</SimpleData>
            <SimpleData name="Etapa_de_i">Mantenimiento A?o 1.2</SimpleData>
            <SimpleData name="Fecha_visi">2026/09/09</SimpleData>
            <SimpleData name="Cumple_sup">Si</SimpleData>
            <SimpleData name="Estado_mon">-</SimpleData>
            <SimpleData name="Situaci_12">-</SimpleData>
            <SimpleData name="Observaci">-</SimpleData>
            <SimpleData name="Dias_trans">25.50841435180</SimpleData>
            <SimpleData name="Prioridad">ALTA</SimpleData>
            <SimpleData name="OBJECTID_1">5</SimpleData>
          </SchemaData>
        </ExtendedData>
        <Polygon>
          <outerBoundaryIs>
            <LinearRing>
              <coordinates>
                -56.3981016002457,-24.5237073009522,0
                -56.3989749997054,-24.523848301044,0
                -56.39908330044,-24.5229515998523,0
                -56.398171400458,-24.5229872994757,0
                -56.3981016002457,-24.5237073009522,0
              </coordinates>
            </LinearRing>
          </outerBoundaryIs>
        </Polygon>
      </Placemark>
      <Placemark id="Distrito_GUAYAIBI.13">
        <ExtendedData>
          <SchemaData schemaUrl="#Distrito_GUAYAIBI.schema">
            <SimpleData name="Cédula">3401110.00000000000</SimpleData>
            <SimpleData name="cedula">3401110</SimpleData>
            <SimpleData name="Cédula_1">3401110.00000000000</SimpleData>
            <SimpleData name="N_">9.00000000000</SimpleData>
            <SimpleData name="Nombres_y_">ROSALINA PERALTA JARA</SimpleData>
            <SimpleData name="Sexo">Mujer</SimpleData>
            <SimpleData name="Cambio_de_">NO</SimpleData>
            <SimpleData name="Titular_se">NO</SimpleData>
            <SimpleData name="Cédula_Ti">NO</SimpleData>
            <SimpleData name="Situación">NO</SimpleData>
            <SimpleData name="Comunidad">Campesina</SimpleData>
            <SimpleData name="Modelo">Modelo 5</SimpleData>
            <SimpleData name="Departamen">SAN PEDRO</SimpleData>
            <SimpleData name="Distrito">GUAYAIBI</SimpleData>
            <SimpleData name="Localidad">NARANJA JAI</SimpleData>
            <SimpleData name="Teléfono">0983256420</SimpleData>
            <SimpleData name="Vivienda_L">-24.48719730000</SimpleData>
            <SimpleData name="Vivienda_1">-56.30589060000</SimpleData>
            <SimpleData name="Superficie">0.70000000000</SimpleData>
            <SimpleData name="Situaci_1">Pol?gono</SimpleData>
            <SimpleData name="Plantado">Si</SimpleData>
            <SimpleData name="Parcela_La">-24.48772628000</SimpleData>
            <SimpleData name="Parcela_Lo">-56.30454930000</SimpleData>
            <SimpleData name="Grupo_Impl">G1</SimpleData>
            <SimpleData name="Grupo_de_P">Lote 1-P2-XX-XX-XX</SimpleData>
            <SimpleData name="Jornales">0.00000000000</SimpleData>
            <SimpleData name="Monto">0.00000000000</SimpleData>
            <SimpleData name="ETAPA_FAO">Mantenimiento A?o 1.2</SimpleData>
            <SimpleData name="Estado_del">Activo</SimpleData>
            <SimpleData name="Empresa">Hyh Consultores SRL</SimpleData>
            <SimpleData name="Lote">Lote 1</SimpleData>
            <SimpleData name="Monitorear">Si</SimpleData>
            <SimpleData name="Fecha_de_M">-</SimpleData>
            <SimpleData name="F__de_pren">-</SimpleData>
            <SimpleData name="Estado_FAO">Monitorear</SimpleData>
            <SimpleData name="Etapa_de_i">Mantenimiento A?o 1.2</SimpleData>
            <SimpleData name="Fecha_visi">2026/09/09</SimpleData>
            <SimpleData name="Cumple_sup">Si</SimpleData>
            <SimpleData name="Estado_mon">-</SimpleData>
            <SimpleData name="Situaci_12">-</SimpleData>
            <SimpleData name="Observaci">-</SimpleData>
            <SimpleData name="Dias_trans">25.41614583330</SimpleData>
            <SimpleData name="Prioridad">ALTA</SimpleData>
            <SimpleData name="OBJECTID_1">9</SimpleData>
          </SchemaData>
        </ExtendedData>
        <Polygon>
          <outerBoundaryIs>
            <LinearRing>
              <coordinates>
                -56.3037421017547,-24.4878648014615,0
                -56.3039373995415,-24.488255200351,0
                -56.3053722986805,-24.4875759011404,0
                -56.3051493006617,-24.4872040008719,0
                -56.3037421017547,-24.4878648014615,0
              </coordinates>
            </LinearRing>
          </outerBoundaryIs>
        </Polygon>
      </Placemark>
      <Placemark id="Distrito_GUAYAIBI.14">
        <ExtendedData>
          <SchemaData schemaUrl="#Distrito_GUAYAIBI.schema">
            <SimpleData name="Cédula">6665573.00000000000</SimpleData>
            <SimpleData name="cedula">6665573</SimpleData>
            <SimpleData name="Cédula_1">6665573.00000000000</SimpleData>
            <SimpleData name="N_">209.00000000000</SimpleData>
            <SimpleData name="Nombres_y_">MERCEDES CHAVEZ LOPEZ</SimpleData>
            <SimpleData name="Sexo">Mujer</SimpleData>
            <SimpleData name="Cambio_de_">NO</SimpleData>
            <SimpleData name="Titular_se">NO</SimpleData>
            <SimpleData name="Cédula_Ti">NO</SimpleData>
            <SimpleData name="Situación">NO</SimpleData>
            <SimpleData name="Comunidad">Campesina</SimpleData>
            <SimpleData name="Modelo">Modelo 1</SimpleData>
            <SimpleData name="Departamen">SAN PEDRO</SimpleData>
            <SimpleData name="Distrito">GUAYAIBI</SimpleData>
            <SimpleData name="Localidad">SAN FRANCISCO</SimpleData>
            <SimpleData name="Teléfono">0982544710</SimpleData>
            <SimpleData name="Vivienda_L">-24.22538160000</SimpleData>
            <SimpleData name="Vivienda_1">-56.17661480000</SimpleData>
            <SimpleData name="Superficie">0.80000000000</SimpleData>
            <SimpleData name="Situaci_1">Pol?gono</SimpleData>
            <SimpleData name="Plantado">Si</SimpleData>
            <SimpleData name="Parcela_La">-24.22506622000</SimpleData>
            <SimpleData name="Parcela_Lo">-56.18760607000</SimpleData>
            <SimpleData name="Grupo_Impl">G1</SimpleData>
            <SimpleData name="Grupo_de_P">Lote 1-P3-XX-XX-XX</SimpleData>
            <SimpleData name="Jornales">0.00000000000</SimpleData>
            <SimpleData name="Monto">0.00000000000</SimpleData>
            <SimpleData name="ETAPA_FAO">Mantenimiento A?o 1.2</SimpleData>
            <SimpleData name="Estado_del">Activo</SimpleData>
            <SimpleData name="Empresa">Hyh Consultores SRL</SimpleData>
            <SimpleData name="Lote">Lote 1</SimpleData>
            <SimpleData name="Monitorear">Si</SimpleData>
            <SimpleData name="Fecha_de_M">-</SimpleData>
            <SimpleData name="F__de_pren">-</SimpleData>
            <SimpleData name="Estado_FAO">Verificar posible desercion</SimpleData>
            <SimpleData name="Etapa_de_i">Mantenimiento A?o 1.2</SimpleData>
            <SimpleData name="Fecha_visi">2026/09/15</SimpleData>
            <SimpleData name="Cumple_sup">Si</SimpleData>
            <SimpleData name="Estado_mon">-</SimpleData>
            <SimpleData name="Situaci_12">-</SimpleData>
            <SimpleData name="Observaci">Conflicto de tierra familiar;La parcela cela se encuentra muy poco cuidada, en el comienzo un t?o les presto parte de su tierra y ya que no cuidan el uso otra vez su parte.</SimpleData>
            <SimpleData name="Dias_trans">19.49432435190</SimpleData>
            <SimpleData name="Prioridad">ALTA</SimpleData>
            <SimpleData name="OBJECTID_1">209</SimpleData>
          </SchemaData>
        </ExtendedData>
        <Polygon>
          <outerBoundaryIs>
            <LinearRing>
              <coordinates>
                -56.1867935997614,-24.2252818996925,0
                -56.1884479992124,-24.22530349922,0
                -56.1884273001313,-24.2248580000398,0
                -56.186773300185,-24.2248216993984,0
                -56.1867935997614,-24.2252818996925,0
              </coordinates>
            </LinearRing>
          </outerBoundaryIs>
        </Polygon>
      </Placemark>
      <Placemark id="Distrito_GUAYAIBI.15">
        <ExtendedData>
          <SchemaData schemaUrl="#Distrito_GUAYAIBI.schema">
            <SimpleData name="Cédula">5345667.00000000000</SimpleData>
            <SimpleData name="cedula">5345667</SimpleData>
            <SimpleData name="Cédula_1">5345667.00000000000</SimpleData>
            <SimpleData name="N_">82.00000000000</SimpleData>
            <SimpleData name="Nombres_y_">SALVADOR ESTIGARRIBIA VILLALBA</SimpleData>
            <SimpleData name="Sexo">Hombre</SimpleData>
            <SimpleData name="Cambio_de_">NO</SimpleData>
            <SimpleData name="Titular_se">NO</SimpleData>
            <SimpleData name="Cédula_Ti">NO</SimpleData>
            <SimpleData name="Situación">NO</SimpleData>
            <SimpleData name="Comunidad">Campesina</SimpleData>
            <SimpleData name="Modelo">Modelo 4</SimpleData>
            <SimpleData name="Departamen">SAN PEDRO</SimpleData>
            <SimpleData name="Distrito">GUAYAIBI</SimpleData>
            <SimpleData name="Localidad">1 DE MAYO (COLONIA LUZ BELLA)</SimpleData>
            <SimpleData name="Teléfono">0982161416</SimpleData>
            <SimpleData name="Vivienda_L">-24.16714450000</SimpleData>
            <SimpleData name="Vivienda_1">-56.16453130000</SimpleData>
            <SimpleData name="Superficie">0.70000000000</SimpleData>
            <SimpleData name="Situaci_1">Pol?gono</SimpleData>
            <SimpleData name="Plantado">Si</SimpleData>
            <SimpleData name="Parcela_La">-24.16706065000</SimpleData>
            <SimpleData name="Parcela_Lo">-56.16565102000</SimpleData>
            <SimpleData name="Grupo_Impl">G1</SimpleData>
            <SimpleData name="Grupo_de_P">Lote 1-P2-XX-XX-XX</SimpleData>
            <SimpleData name="Jornales">0.00000000000</SimpleData>
            <SimpleData name="Monto">0.00000000000</SimpleData>
            <SimpleData name="ETAPA_FAO">Mantenimiento A?o 1.2</SimpleData>
            <SimpleData name="Estado_del">Activo</SimpleData>
            <SimpleData name="Empresa">Hyh Consultores SRL</SimpleData>
            <SimpleData name="Lote">Lote 1</SimpleData>
            <SimpleData name="Monitorear">Si</SimpleData>
            <SimpleData name="Fecha_de_M">-</SimpleData>
            <SimpleData name="F__de_pren">-</SimpleData>
            <SimpleData name="Estado_FAO">Monitorear</SimpleData>
            <SimpleData name="Etapa_de_i">Mantenimiento A?o 1.2</SimpleData>
            <SimpleData name="Fecha_visi">2026/09/22</SimpleData>
            <SimpleData name="Cumple_sup">Si</SimpleData>
            <SimpleData name="Estado_mon">-</SimpleData>
            <SimpleData name="Situaci_12">-</SimpleData>
            <SimpleData name="Observaci">-</SimpleData>
            <SimpleData name="Dias_trans">12.99199074070</SimpleData>
            <SimpleData name="Prioridad">ALTA</SimpleData>
            <SimpleData name="OBJECTID_1">82</SimpleData>
          </SchemaData>
        </ExtendedData>
        <Polygon>
          <outerBoundaryIs>
            <LinearRing>
              <coordinates>
                -56.165371200029,-24.167683800751,0
                -56.1658380014212,-24.1676908999272,0
                -56.1659703008005,-24.1664697006922,0
                -56.165419099874,-24.1664653987925,0
                -56.165371200029,-24.167683800751,0
              </coordinates>
            </LinearRing>
          </outerBoundaryIs>
        </Polygon>
      </Placemark>
      <Placemark id="Distrito_GUAYAIBI.16">
        <ExtendedData>
          <SchemaData schemaUrl="#Distrito_GUAYAIBI.schema">
            <SimpleData name="Cédula">4256777.00000000000</SimpleData>
            <SimpleData name="cedula">4256777</SimpleData>
            <SimpleData name="Cédula_1">4256777.00000000000</SimpleData>
            <SimpleData name="N_">12.00000000000</SimpleData>
            <SimpleData name="Nombres_y_">OLGA BEATRIZ ACOSTA LOPEZ</SimpleData>
            <SimpleData name="Sexo">Mujer</SimpleData>
            <SimpleData name="Cambio_de_">NO</SimpleData>
            <SimpleData name="Titular_se">NO</SimpleData>
            <SimpleData name="Cédula_Ti">NO</SimpleData>
            <SimpleData name="Situación">NO</SimpleData>
            <SimpleData name="Comunidad">Campesina</SimpleData>
            <SimpleData name="Modelo">Modelo 1</SimpleData>
            <SimpleData name="Departamen">SAN PEDRO</SimpleData>
            <SimpleData name="Distrito">GUAYAIBI</SimpleData>
            <SimpleData name="Localidad">CALLE 4000</SimpleData>
            <SimpleData name="Teléfono">0985287701</SimpleData>
            <SimpleData name="Vivienda_L">-24.56660090000</SimpleData>
            <SimpleData name="Vivienda_1">-56.34315450000</SimpleData>
            <SimpleData name="Superficie">0.80000000000</SimpleData>
            <SimpleData name="Situaci_1">Pol?gono</SimpleData>
            <SimpleData name="Plantado">Si</SimpleData>
            <SimpleData name="Parcela_La">-24.57816602000</SimpleData>
            <SimpleData name="Parcela_Lo">-56.33478312000</SimpleData>
            <SimpleData name="Grupo_Impl">G1</SimpleData>
            <SimpleData name="Grupo_de_P">Lote 1-P1-XX-XX-XX</SimpleData>
            <SimpleData name="Jornales">0.00000000000</SimpleData>
            <SimpleData name="Monto">0.00000000000</SimpleData>
            <SimpleData name="ETAPA_FAO">Mantenimiento A?o 1.2</SimpleData>
            <SimpleData name="Estado_del">Activo</SimpleData>
            <SimpleData name="Empresa">Hyh Consultores SRL</SimpleData>
            <SimpleData name="Lote">Lote 1</SimpleData>
            <SimpleData name="Monitorear">No</SimpleData>
            <SimpleData name="Fecha_de_M">-</SimpleData>
            <SimpleData name="F__de_pren">-</SimpleData>
            <SimpleData name="Estado_FAO">Monitorear</SimpleData>
            <SimpleData name="Etapa_de_i">Mantenimiento A?o 1.2</SimpleData>
            <SimpleData name="Fecha_visi">2026/09/22</SimpleData>
            <SimpleData name="Cumple_sup">Si</SimpleData>
            <SimpleData name="Estado_mon">-</SimpleData>
            <SimpleData name="Situaci_12">-</SimpleData>
            <SimpleData name="Observaci">-</SimpleData>
            <SimpleData name="Dias_trans">12.18185185180</SimpleData>
            <SimpleData name="Prioridad">ALTA</SimpleData>
            <SimpleData name="OBJECTID_1">12</SimpleData>
          </SchemaData>
        </ExtendedData>
        <Polygon>
          <outerBoundaryIs>
            <LinearRing>
              <coordinates>
                -56.3345528997857,-24.5773400004058,0
                -56.3345441996718,-24.5790018012157,0
                -56.3349996003815,-24.5789946006295,0
                -56.3350381004936,-24.5773630006292,0
                -56.3345528997857,-24.5773400004058,0
              </coordinates>
            </LinearRing>
          </outerBoundaryIs>
        </Polygon>
      </Placemark>
      <Placemark id="Distrito_GUAYAIBI.17">
        <ExtendedData>
          <SchemaData schemaUrl="#Distrito_GUAYAIBI.schema">
            <SimpleData name="Cédula">7291595.00000000000</SimpleData>
            <SimpleData name="cedula">7291595</SimpleData>
            <SimpleData name="Cédula_1">7291595.00000000000</SimpleData>
            <SimpleData name="N_">4.00000000000</SimpleData>
            <SimpleData name="Nombres_y_">MICAELA MARTINEZ FLORENCIO</SimpleData>
            <SimpleData name="Sexo">Mujer</SimpleData>
            <SimpleData name="Cambio_de_">NO</SimpleData>
            <SimpleData name="Titular_se">NO</SimpleData>
            <SimpleData name="Cédula_Ti">NO</SimpleData>
            <SimpleData name="Situación">NO</SimpleData>
            <SimpleData name="Comunidad">Campesina</SimpleData>
            <SimpleData name="Modelo">Modelo 1</SimpleData>
            <SimpleData name="Departamen">SAN PEDRO</SimpleData>
            <SimpleData name="Distrito">GUAYAIBI</SimpleData>
            <SimpleData name="Localidad">ASENT. JUSTO VILLANUEVA LUZ BELLA</SimpleData>
            <SimpleData name="Teléfono">0984741790</SimpleData>
            <SimpleData name="Vivienda_L">-24.31388050000</SimpleData>
            <SimpleData name="Vivienda_1">-56.15923960000</SimpleData>
            <SimpleData name="Superficie">0.80000000000</SimpleData>
            <SimpleData name="Situaci_1">Pol?gono</SimpleData>
            <SimpleData name="Plantado">Si</SimpleData>
            <SimpleData name="Parcela_La">-24.32598661000</SimpleData>
            <SimpleData name="Parcela_Lo">-56.24674839000</SimpleData>
            <SimpleData name="Grupo_Impl">G1</SimpleData>
            <SimpleData name="Grupo_de_P">Lote 1-P2-XX-XX-XX</SimpleData>
            <SimpleData name="Jornales">0.00000000000</SimpleData>
            <SimpleData name="Monto">0.00000000000</SimpleData>
            <SimpleData name="ETAPA_FAO">Mantenimiento A?o 1.2</SimpleData>
            <SimpleData name="Estado_del">Activo</SimpleData>
            <SimpleData name="Empresa">Hyh Consultores SRL</SimpleData>
            <SimpleData name="Lote">Lote 1</SimpleData>
            <SimpleData name="Monitorear">No</SimpleData>
            <SimpleData name="Fecha_de_M">-</SimpleData>
            <SimpleData name="F__de_pren">-</SimpleData>
            <SimpleData name="Estado_FAO">Verificar posible desercion</SimpleData>
            <SimpleData name="Etapa_de_i">Mantenimiento A?o 1.2</SimpleData>
            <SimpleData name="Fecha_visi">2026/09/25</SimpleData>
            <SimpleData name="Cumple_sup">Si</SimpleData>
            <SimpleData name="Estado_mon">-</SimpleData>
            <SimpleData name="Situaci_12">-</SimpleData>
            <SimpleData name="Observaci">Falta de inter?s o no ve el beneficio;Parcela con menos de 5% de plantas vivas, hay animales vacunos en la parcela que rapi?a los que quedan, la beneficiaria no vive en el terreno de plantacion es prestado por su suegro</SimpleData>
            <SimpleData name="Dias_trans">9.63733532407</SimpleData>
            <SimpleData name="Prioridad">ALTA</SimpleData>
            <SimpleData name="OBJECTID_1">4</SimpleData>
          </SchemaData>
        </ExtendedData>
        <Polygon>
          <outerBoundaryIs>
            <LinearRing>
              <coordinates>
                -56.24618349994,-24.3262867007262,0
                -56.2472344014618,-24.3263534000988,0
                -56.2473146002004,-24.3256462015348,0
                -56.2462117005265,-24.32566829946,0
                -56.24618349994,-24.3262867007262,0
              </coordinates>
            </LinearRing>
          </outerBoundaryIs>
        </Polygon>
      </Placemark>
      <Placemark id="Distrito_GUAYAIBI.18">
        <ExtendedData>
          <SchemaData schemaUrl="#Distrito_GUAYAIBI.schema">
            <SimpleData name="Cédula">4598352.00000000000</SimpleData>
            <SimpleData name="cedula">4598352</SimpleData>
            <SimpleData name="Cédula_1">4598352.00000000000</SimpleData>
            <SimpleData name="N_">42.00000000000</SimpleData>
            <SimpleData name="Nombres_y_">SUSANA MARTINEZ LOPEZ</SimpleData>
            <SimpleData name="Sexo">Mujer</SimpleData>
            <SimpleData name="Cambio_de_">NO</SimpleData>
            <SimpleData name="Titular_se">NO</SimpleData>
            <SimpleData name="Cédula_Ti">NO</SimpleData>
            <SimpleData name="Situación">NO</SimpleData>
            <SimpleData name="Comunidad">Campesina</SimpleData>
            <SimpleData name="Modelo">Modelo 5</SimpleData>
            <SimpleData name="Departamen">SAN PEDRO</SimpleData>
            <SimpleData name="Distrito">GUAYAIBI</SimpleData>
            <SimpleData name="Localidad">ASENT. 7 DE ABRIL LUZ BELLA</SimpleData>
            <SimpleData name="Teléfono">0986790390</SimpleData>
            <SimpleData name="Vivienda_L">-24.23228550000</SimpleData>
            <SimpleData name="Vivienda_1">-56.17859440000</SimpleData>
            <SimpleData name="Superficie">0.70000000000</SimpleData>
            <SimpleData name="Situaci_1">Pol?gono</SimpleData>
            <SimpleData name="Plantado">Si</SimpleData>
            <SimpleData name="Parcela_La">-24.23197206000</SimpleData>
            <SimpleData name="Parcela_Lo">-56.18140634000</SimpleData>
            <SimpleData name="Grupo_Impl">G1</SimpleData>
            <SimpleData name="Grupo_de_P">Lote 1-P2-XX-XX-XX</SimpleData>
            <SimpleData name="Jornales">0.00000000000</SimpleData>
            <SimpleData name="Monto">0.00000000000</SimpleData>
            <SimpleData name="ETAPA_FAO">Mantenimiento A?o 1.2</SimpleData>
            <SimpleData name="Estado_del">Activo</SimpleData>
            <SimpleData name="Empresa">Hyh Consultores SRL</SimpleData>
            <SimpleData name="Lote">Lote 1</SimpleData>
            <SimpleData name="Monitorear">Si</SimpleData>
            <SimpleData name="Fecha_de_M">-</SimpleData>
            <SimpleData name="F__de_pren">-</SimpleData>
            <SimpleData name="Estado_FAO">Monitorear</SimpleData>
            <SimpleData name="Etapa_de_i">Mantenimiento A?o 1.2</SimpleData>
            <SimpleData name="Fecha_visi">2026/09/12</SimpleData>
            <SimpleData name="Cumple_sup">Si</SimpleData>
            <SimpleData name="Estado_mon">-</SimpleData>
            <SimpleData name="Situaci_12">-</SimpleData>
            <SimpleData name="Observaci">-</SimpleData>
            <SimpleData name="Dias_trans">22.04534722220</SimpleData>
            <SimpleData name="Prioridad">ALTA</SimpleData>
            <SimpleData name="OBJECTID_1">42</SimpleData>
          </SchemaData>
        </ExtendedData>
        <Polygon>
          <outerBoundaryIs>
            <LinearRing>
              <coordinates>
                -56.1805755003874,-24.231814500247,0
                -56.180587899668,-24.2322034986964,0
                -56.1822278991387,-24.2321325996168,0
                -56.1822282998097,-24.2317388995696,0
                -56.1805755003874,-24.231814500247,0
              </coordinates>
            </LinearRing>
          </outerBoundaryIs>
        </Polygon>
      </Placemark>
      <Placemark id="Distrito_GUAYAIBI.19">
        <ExtendedData>
          <SchemaData schemaUrl="#Distrito_GUAYAIBI.schema">
            <SimpleData name="Cédula">6784694.00000000000</SimpleData>
            <SimpleData name="cedula">6784694</SimpleData>
            <SimpleData name="Cédula_1">6784694.00000000000</SimpleData>
            <SimpleData name="N_">8.00000000000</SimpleData>
            <SimpleData name="Nombres_y_">JUANA BENITEZ CHAVEZ</SimpleData>
            <SimpleData name="Sexo">Mujer</SimpleData>
            <SimpleData name="Cambio_de_">NO</SimpleData>
            <SimpleData name="Titular_se">NO</SimpleData>
            <SimpleData name="Cédula_Ti">NO</SimpleData>
            <SimpleData name="Situación">NO</SimpleData>
            <SimpleData name="Comunidad">Campesina</SimpleData>
            <SimpleData name="Modelo">Modelo 4</SimpleData>
            <SimpleData name="Departamen">SAN PEDRO</SimpleData>
            <SimpleData name="Distrito">GUAYAIBI</SimpleData>
            <SimpleData name="Localidad">ASENT. ECO URBANISTICO</SimpleData>
            <SimpleData name="Teléfono">0984978299</SimpleData>
            <SimpleData name="Vivienda_L">-24.25543110000</SimpleData>
            <SimpleData name="Vivienda_1">-56.18307230000</SimpleData>
            <SimpleData name="Superficie">0.70000000000</SimpleData>
            <SimpleData name="Situaci_1">Pol?gono</SimpleData>
            <SimpleData name="Plantado">Si</SimpleData>
            <SimpleData name="Parcela_La">-24.21700743000</SimpleData>
            <SimpleData name="Parcela_Lo">-56.18193647000</SimpleData>
            <SimpleData name="Grupo_Impl">G1</SimpleData>
            <SimpleData name="Grupo_de_P">Lote 1-P3-XX-XX-XX</SimpleData>
            <SimpleData name="Jornales">0.00000000000</SimpleData>
            <SimpleData name="Monto">0.00000000000</SimpleData>
            <SimpleData name="ETAPA_FAO">Mantenimiento A?o 1.2</SimpleData>
            <SimpleData name="Estado_del">Activo</SimpleData>
            <SimpleData name="Empresa">Hyh Consultores SRL</SimpleData>
            <SimpleData name="Lote">Lote 1</SimpleData>
            <SimpleData name="Monitorear">No</SimpleData>
            <SimpleData name="Fecha_de_M">-</SimpleData>
            <SimpleData name="F__de_pren">-</SimpleData>
            <SimpleData name="Estado_FAO">Monitorear</SimpleData>
            <SimpleData name="Etapa_de_i">Mantenimiento A?o 1.2</SimpleData>
            <SimpleData name="Fecha_visi">2026/09/22</SimpleData>
            <SimpleData name="Cumple_sup">Si</SimpleData>
            <SimpleData name="Estado_mon">-</SimpleData>
            <SimpleData name="Situaci_12">-</SimpleData>
            <SimpleData name="Observaci">-</SimpleData>
            <SimpleData name="Dias_trans">12.99217592590</SimpleData>
            <SimpleData name="Prioridad">ALTA</SimpleData>
            <SimpleData name="OBJECTID_1">8</SimpleData>
          </SchemaData>
        </ExtendedData>
        <Polygon>
          <outerBoundaryIs>
            <LinearRing>
              <coordinates>
                -56.1811418005837,-24.2172216996009,0
                -56.1826287002862,-24.2172492998379,0
                -56.1827871005178,-24.2167880998538,0
                -56.1811574002243,-24.2167835999669,0
                -56.1811418005837,-24.2172216996009,0
              </coordinates>
            </LinearRing>
          </outerBoundaryIs>
        </Polygon>
      </Placemark>
      <Placemark id="Distrito_GUAYAIBI.20">
        <ExtendedData>
          <SchemaData schemaUrl="#Distrito_GUAYAIBI.schema">
            <SimpleData name="Cédula">6949534.00000000000</SimpleData>
            <SimpleData name="cedula">6949534</SimpleData>
            <SimpleData name="Cédula_1">6949534.00000000000</SimpleData>
            <SimpleData name="N_">15.00000000000</SimpleData>
            <SimpleData name="Nombres_y_">NANCY BENITEZ MACIEL</SimpleData>
            <SimpleData name="Sexo">Mujer</SimpleData>
            <SimpleData name="Cambio_de_">NO</SimpleData>
            <SimpleData name="Titular_se">NO</SimpleData>
            <SimpleData name="Cédula_Ti">NO</SimpleData>
            <SimpleData name="Situación">NO</SimpleData>
            <SimpleData name="Comunidad">Campesina</SimpleData>
            <SimpleData name="Modelo">Modelo 1</SimpleData>
            <SimpleData name="Departamen">SAN PEDRO</SimpleData>
            <SimpleData name="Distrito">GUAYAIBI</SimpleData>
            <SimpleData name="Localidad">PRIMAVERA</SimpleData>
            <SimpleData name="Teléfono">0986469293</SimpleData>
            <SimpleData name="Vivienda_L">-24.45790650000</SimpleData>
            <SimpleData name="Vivienda_1">-56.18703270000</SimpleData>
            <SimpleData name="Superficie">0.80000000000</SimpleData>
            <SimpleData name="Situaci_1">Pol?gono</SimpleData>
            <SimpleData name="Plantado">Si</SimpleData>
            <SimpleData name="Parcela_La">-24.45838525000</SimpleData>
            <SimpleData name="Parcela_Lo">-56.18991101000</SimpleData>
            <SimpleData name="Grupo_Impl">G1</SimpleData>
            <SimpleData name="Grupo_de_P">Lote 1-P1-XX-XX-XX</SimpleData>
            <SimpleData name="Jornales">0.00000000000</SimpleData>
            <SimpleData name="Monto">0.00000000000</SimpleData>
            <SimpleData name="ETAPA_FAO">Mantenimiento A?o 1.2</SimpleData>
            <SimpleData name="Estado_del">Activo</SimpleData>
            <SimpleData name="Empresa">Hyh Consultores SRL</SimpleData>
            <SimpleData name="Lote">Lote 1</SimpleData>
            <SimpleData name="Monitorear">No</SimpleData>
            <SimpleData name="Fecha_de_M">-</SimpleData>
            <SimpleData name="F__de_pren">-</SimpleData>
            <SimpleData name="Estado_FAO">Monitorear</SimpleData>
            <SimpleData name="Etapa_de_i">Mantenimiento A?o 1.2</SimpleData>
            <SimpleData name="Fecha_visi">2026/09/02</SimpleData>
            <SimpleData name="Cumple_sup">Si</SimpleData>
            <SimpleData name="Estado_mon">-</SimpleData>
            <SimpleData name="Situaci_12">-</SimpleData>
            <SimpleData name="Observaci">-</SimpleData>
            <SimpleData name="Dias_trans">32.54209490740</SimpleData>
            <SimpleData name="Prioridad">ALTA</SimpleData>
            <SimpleData name="OBJECTID_1">15</SimpleData>
          </SchemaData>
        </ExtendedData>
        <Polygon>
          <outerBoundaryIs>
            <LinearRing>
              <coordinates>
                -56.1893216996041,-24.4580833011163,0
                -56.1893931992809,-24.4587333996385,0
                -56.1904933996646,-24.4587033005557,0
                -56.1904183997426,-24.4580217011073,0
                -56.1893216996041,-24.4580833011163,0
              </coordinates>
            </LinearRing>
          </outerBoundaryIs>
        </Polygon>
      </Placemark>
      <Placemark id="Distrito_GUAYAIBI.21">
        <ExtendedData>
          <SchemaData schemaUrl="#Distrito_GUAYAIBI.schema">
            <SimpleData name="Cédula">3282782.00000000000</SimpleData>
            <SimpleData name="cedula">3282782</SimpleData>
            <SimpleData name="Cédula_1">3282782.00000000000</SimpleData>
            <SimpleData name="N_">7.00000000000</SimpleData>
            <SimpleData name="Nombres_y_">CARMEN  CACERES TOLEDO</SimpleData>
            <SimpleData name="Sexo">Mujer</SimpleData>
            <SimpleData name="Cambio_de_">NO</SimpleData>
            <SimpleData name="Titular_se">NO</SimpleData>
            <SimpleData name="Cédula_Ti">NO</SimpleData>
            <SimpleData name="Situación">NO</SimpleData>
            <SimpleData name="Comunidad">Campesina</SimpleData>
            <SimpleData name="Modelo">Modelo 5</SimpleData>
            <SimpleData name="Departamen">SAN PEDRO</SimpleData>
            <SimpleData name="Distrito">GUAYAIBI</SimpleData>
            <SimpleData name="Localidad">ALMEIDA</SimpleData>
            <SimpleData name="Teléfono">984082771</SimpleData>
            <SimpleData name="Vivienda_L">-24.51733110000</SimpleData>
            <SimpleData name="Vivienda_1">-56.38565470000</SimpleData>
            <SimpleData name="Superficie">0.70000000000</SimpleData>
            <SimpleData name="Situaci_1">Pol?gono</SimpleData>
            <SimpleData name="Plantado">Si</SimpleData>
            <SimpleData name="Parcela_La">-24.51203281000</SimpleData>
            <SimpleData name="Parcela_Lo">-56.38291374000</SimpleData>
            <SimpleData name="Grupo_Impl">G1</SimpleData>
            <SimpleData name="Grupo_de_P">Lote 1-P3-XX-XX-XX</SimpleData>
            <SimpleData name="Jornales">0.00000000000</SimpleData>
            <SimpleData name="Monto">0.00000000000</SimpleData>
            <SimpleData name="ETAPA_FAO">Mantenimiento A?o 1.2</SimpleData>
            <SimpleData name="Estado_del">Activo</SimpleData>
            <SimpleData name="Empresa">Hyh Consultores SRL</SimpleData>
            <SimpleData name="Lote">Lote 1</SimpleData>
            <SimpleData name="Monitorear">Si</SimpleData>
            <SimpleData name="Fecha_de_M">-</SimpleData>
            <SimpleData name="F__de_pren">-</SimpleData>
            <SimpleData name="Estado_FAO">Monitorear</SimpleData>
            <SimpleData name="Etapa_de_i">Mantenimiento A?o 1.2</SimpleData>
            <SimpleData name="Fecha_visi">2026/09/23</SimpleData>
            <SimpleData name="Cumple_sup">Si</SimpleData>
            <SimpleData name="Estado_mon">-</SimpleData>
            <SimpleData name="Situaci_12">-</SimpleData>
            <SimpleData name="Observaci">-</SimpleData>
            <SimpleData name="Dias_trans">11.25385416670</SimpleData>
            <SimpleData name="Prioridad">ALTA</SimpleData>
            <SimpleData name="OBJECTID_1">7</SimpleData>
          </SchemaData>
        </ExtendedData>
        <Polygon>
          <outerBoundaryIs>
            <LinearRing>
              <coordinates>
                -56.3825056999949,-24.5116673998819,0
                -56.3825216995058,-24.5124000004566,0
                -56.3833268003385,-24.5123641999681,0
                -56.3833423993646,-24.5116735002378,0
                -56.3832020997077,-24.5117222001196,0
                -56.3831672995558,-24.5117298004662,0
                -56.3828717994819,-24.5116942996481,0
                -56.3828107997146,-24.511653500433,0
                -56.3825056999949,-24.5116673998819,0
              </coordinates>
            </LinearRing>
          </outerBoundaryIs>
        </Polygon>
      </Placemark>
      <Placemark id="Distrito_GUAYAIBI.22">
        <ExtendedData>
          <SchemaData schemaUrl="#Distrito_GUAYAIBI.schema">
            <SimpleData name="Cédula">5584471.00000000000</SimpleData>
            <SimpleData name="cedula">5584471</SimpleData>
            <SimpleData name="Cédula_1">5584471.00000000000</SimpleData>
            <SimpleData name="N_">122.00000000000</SimpleData>
            <SimpleData name="Nombres_y_">AURELIA GALEANO CHAVEZ</SimpleData>
            <SimpleData name="Sexo">Mujer</SimpleData>
            <SimpleData name="Cambio_de_">NO</SimpleData>
            <SimpleData name="Titular_se">NO</SimpleData>
            <SimpleData name="Cédula_Ti">NO</SimpleData>
            <SimpleData name="Situación">NO</SimpleData>
            <SimpleData name="Comunidad">Campesina</SimpleData>
            <SimpleData name="Modelo">Modelo 3</SimpleData>
            <SimpleData name="Departamen">SAN PEDRO</SimpleData>
            <SimpleData name="Distrito">GUAYAIBI</SimpleData>
            <SimpleData name="Localidad">BARRIO SAN FRANCISCO (COLONIA LUZ BELLA)</SimpleData>
            <SimpleData name="Teléfono">0982785243</SimpleData>
            <SimpleData name="Vivienda_L">-24.20208350000</SimpleData>
            <SimpleData name="Vivienda_1">-56.16103590000</SimpleData>
            <SimpleData name="Superficie">1.00000000000</SimpleData>
            <SimpleData name="Situaci_1">Pol?gono</SimpleData>
            <SimpleData name="Plantado">Si</SimpleData>
            <SimpleData name="Parcela_La">-24.20242210000</SimpleData>
            <SimpleData name="Parcela_Lo">-56.16150209000</SimpleData>
            <SimpleData name="Grupo_Impl">G1</SimpleData>
            <SimpleData name="Grupo_de_P">Lote 1-P2-XX-XX-XX</SimpleData>
            <SimpleData name="Jornales">0.00000000000</SimpleData>
            <SimpleData name="Monto">0.00000000000</SimpleData>
            <SimpleData name="ETAPA_FAO">Mantenimiento A?o 1.2</SimpleData>
            <SimpleData name="Estado_del">Activo</SimpleData>
            <SimpleData name="Empresa">Hyh Consultores SRL</SimpleData>
            <SimpleData name="Lote">Lote 1</SimpleData>
            <SimpleData name="Monitorear">Si</SimpleData>
            <SimpleData name="Fecha_de_M">-</SimpleData>
            <SimpleData name="F__de_pren">-</SimpleData>
            <SimpleData name="Estado_FAO">Monitorear</SimpleData>
            <SimpleData name="Etapa_de_i">Mantenimiento A?o 1.2</SimpleData>
            <SimpleData name="Fecha_visi">2026/09/16</SimpleData>
            <SimpleData name="Cumple_sup">Si</SimpleData>
            <SimpleData name="Estado_mon">-</SimpleData>
            <SimpleData name="Situaci_12">-</SimpleData>
            <SimpleData name="Observaci">-</SimpleData>
            <SimpleData name="Dias_trans">18.19396990740</SimpleData>
            <SimpleData name="Prioridad">ALTA</SimpleData>
            <SimpleData name="OBJECTID_1">122</SimpleData>
          </SchemaData>
        </ExtendedData>
        <Polygon>
          <outerBoundaryIs>
            <LinearRing>
              <coordinates>
                -56.159891800181,-24.2021148010954,0
                -56.1614836991926,-24.202872399976,0
                -56.162548499537,-24.2027964996366,0
                -56.1625859000628,-24.2021874015263,0
                -56.160624499893,-24.2020513991473,0
                -56.159891800181,-24.2021148010954,0
              </coordinates>
            </LinearRing>
          </outerBoundaryIs>
        </Polygon>
      </Placemark>
      <Placemark id="Distrito_GUAYAIBI.23">
        <ExtendedData>
          <SchemaData schemaUrl="#Distrito_GUAYAIBI.schema">
            <SimpleData name="Cédula">5237725.00000000000</SimpleData>
            <SimpleData name="cedula">5237725</SimpleData>
            <SimpleData name="Cédula_1">5237725.00000000000</SimpleData>
            <SimpleData name="N_">62.00000000000</SimpleData>
            <SimpleData name="Nombres_y_">FATIMA CAROLINA GARCETE</SimpleData>
            <SimpleData name="Sexo">Mujer</SimpleData>
            <SimpleData name="Cambio_de_">NO</SimpleData>
            <SimpleData name="Titular_se">NO</SimpleData>
            <SimpleData name="Cédula_Ti">NO</SimpleData>
            <SimpleData name="Situación">NO</SimpleData>
            <SimpleData name="Comunidad">Campesina</SimpleData>
            <SimpleData name="Modelo">Modelo 4</SimpleData>
            <SimpleData name="Departamen">SAN PEDRO</SimpleData>
            <SimpleData name="Distrito">GUAYAIBI</SimpleData>
            <SimpleData name="Localidad">CALLE 2000</SimpleData>
            <SimpleData name="Teléfono">976427332</SimpleData>
            <SimpleData name="Vivienda_L">-24.54880020000</SimpleData>
            <SimpleData name="Vivienda_1">-56.37203670000</SimpleData>
            <SimpleData name="Superficie">0.70000000000</SimpleData>
            <SimpleData name="Situaci_1">Pol?gono</SimpleData>
            <SimpleData name="Plantado">Si</SimpleData>
            <SimpleData name="Parcela_La">-24.53970004000</SimpleData>
            <SimpleData name="Parcela_Lo">-56.37295730000</SimpleData>
            <SimpleData name="Grupo_Impl">G1</SimpleData>
            <SimpleData name="Grupo_de_P">Lote 1-P3-XX-XX-XX</SimpleData>
            <SimpleData name="Jornales">0.00000000000</SimpleData>
            <SimpleData name="Monto">0.00000000000</SimpleData>
            <SimpleData name="ETAPA_FAO">Mantenimiento A?o 1.2</SimpleData>
            <SimpleData name="Estado_del">Activo</SimpleData>
            <SimpleData name="Empresa">Hyh Consultores SRL</SimpleData>
            <SimpleData name="Lote">Lote 1</SimpleData>
            <SimpleData name="Monitorear">Si</SimpleData>
            <SimpleData name="Fecha_de_M">-</SimpleData>
            <SimpleData name="F__de_pren">-</SimpleData>
            <SimpleData name="Estado_FAO">Monitorear</SimpleData>
            <SimpleData name="Etapa_de_i">Mantenimiento A?o 1.2</SimpleData>
            <SimpleData name="Fecha_visi">2026/09/08</SimpleData>
            <SimpleData name="Cumple_sup">Si</SimpleData>
            <SimpleData name="Estado_mon">-</SimpleData>
            <SimpleData name="Situaci_12">-</SimpleData>
            <SimpleData name="Observaci">-</SimpleData>
            <SimpleData name="Dias_trans">26.33128472220</SimpleData>
            <SimpleData name="Prioridad">ALTA</SimpleData>
            <SimpleData name="OBJECTID_1">62</SimpleData>
          </SchemaData>
        </ExtendedData>
        <Polygon>
          <outerBoundaryIs>
            <LinearRing>
              <coordinates>
                -56.3728222998466,-24.5389882006505,0
                -56.3727083007626,-24.5404366994939,0
                -56.3730710995598,-24.540414500152,0
                -56.3732266999006,-24.5390182997735,0
                -56.3728222998466,-24.5389882006505,0
              </coordinates>
            </LinearRing>
          </outerBoundaryIs>
        </Polygon>
      </Placemark>
      <Placemark id="Distrito_GUAYAIBI.24">
        <ExtendedData>
          <SchemaData schemaUrl="#Distrito_GUAYAIBI.schema">
            <SimpleData name="Cédula">5637347.00000000000</SimpleData>
            <SimpleData name="cedula">5637347</SimpleData>
            <SimpleData name="Cédula_1">5637347.00000000000</SimpleData>
            <SimpleData name="N_">134.00000000000</SimpleData>
            <SimpleData name="Nombres_y_">ISMAEL BRITEZ ZARACHO</SimpleData>
            <SimpleData name="Sexo">Hombre</SimpleData>
            <SimpleData name="Cambio_de_">NO</SimpleData>
            <SimpleData name="Titular_se">NO</SimpleData>
            <SimpleData name="Cédula_Ti">NO</SimpleData>
            <SimpleData name="Situación">NO</SimpleData>
            <SimpleData name="Comunidad">Campesina</SimpleData>
            <SimpleData name="Modelo">Modelo 1</SimpleData>
            <SimpleData name="Departamen">SAN PEDRO</SimpleData>
            <SimpleData name="Distrito">GUAYAIBI</SimpleData>
            <SimpleData name="Localidad">4000 TACUAPI</SimpleData>
            <SimpleData name="Teléfono">985636190</SimpleData>
            <SimpleData name="Vivienda_L">-24.49957480000</SimpleData>
            <SimpleData name="Vivienda_1">-56.21470860000</SimpleData>
            <SimpleData name="Superficie">0.80000000000</SimpleData>
            <SimpleData name="Situaci_1">Pol?gono</SimpleData>
            <SimpleData name="Plantado">Si</SimpleData>
            <SimpleData name="Parcela_La">-24.50086170000</SimpleData>
            <SimpleData name="Parcela_Lo">-56.22144727000</SimpleData>
            <SimpleData name="Grupo_Impl">G1</SimpleData>
            <SimpleData name="Grupo_de_P">Lote 1-P1-XX-XX-XX</SimpleData>
            <SimpleData name="Jornales">0.00000000000</SimpleData>
            <SimpleData name="Monto">0.00000000000</SimpleData>
            <SimpleData name="ETAPA_FAO">Mantenimiento A?o 1.2</SimpleData>
            <SimpleData name="Estado_del">Activo</SimpleData>
            <SimpleData name="Empresa">Hyh Consultores SRL</SimpleData>
            <SimpleData name="Lote">Lote 1</SimpleData>
            <SimpleData name="Monitorear">No</SimpleData>
            <SimpleData name="Fecha_de_M">-</SimpleData>
            <SimpleData name="F__de_pren">-</SimpleData>
            <SimpleData name="Estado_FAO">Monitorear</SimpleData>
            <SimpleData name="Etapa_de_i">Mantenimiento A?o 1.2</SimpleData>
            <SimpleData name="Fecha_visi">2026/09/01</SimpleData>
            <SimpleData name="Cumple_sup">Si</SimpleData>
            <SimpleData name="Estado_mon">-</SimpleData>
            <SimpleData name="Situaci_12">-</SimpleData>
            <SimpleData name="Observaci">-</SimpleData>
            <SimpleData name="Dias_trans">33.15508101850</SimpleData>
            <SimpleData name="Prioridad">ALTA</SimpleData>
            <SimpleData name="OBJECTID_1">134</SimpleData>
          </SchemaData>
        </ExtendedData>
        <Polygon>
          <outerBoundaryIs>
            <LinearRing>
              <coordinates>
                -56.2208186011082,-24.5011510001508,0
                -56.221904900205,-24.5013327016801,0
                -56.222074299803,-24.5005655011384,0
                -56.2209851991415,-24.5003965998662,0
                -56.2208186011082,-24.5011510001508,0
              </coordinates>
            </LinearRing>
          </outerBoundaryIs>
        </Polygon>
      </Placemark>
      <Placemark id="Distrito_GUAYAIBI.25">
        <ExtendedData>
          <SchemaData schemaUrl="#Distrito_GUAYAIBI.schema">
            <SimpleData name="Cédula">5741723.00000000000</SimpleData>
            <SimpleData name="cedula">5741723</SimpleData>
            <SimpleData name="Cédula_1">5741723.00000000000</SimpleData>
            <SimpleData name="N_">6.00000000000</SimpleData>
            <SimpleData name="Nombres_y_">HERMINIA MARGARITA TORRES CHAVEZ</SimpleData>
            <SimpleData name="Sexo">Mujer</SimpleData>
            <SimpleData name="Cambio_de_">NO</SimpleData>
            <SimpleData name="Titular_se">NO</SimpleData>
            <SimpleData name="Cédula_Ti">NO</SimpleData>
            <SimpleData name="Situación">NO</SimpleData>
            <SimpleData name="Comunidad">Campesina</SimpleData>
            <SimpleData name="Modelo">Modelo 3</SimpleData>
            <SimpleData name="Departamen">SAN PEDRO</SimpleData>
            <SimpleData name="Distrito">GUAYAIBI</SimpleData>
            <SimpleData name="Localidad">7 DE ABRIL (COLONIA LUZ BELLA)</SimpleData>
            <SimpleData name="Teléfono">0983154309</SimpleData>
            <SimpleData name="Vivienda_L">-24.22675250000</SimpleData>
            <SimpleData name="Vivienda_1">-56.17684570000</SimpleData>
            <SimpleData name="Superficie">1.00000000000</SimpleData>
            <SimpleData name="Situaci_1">Pol?gono</SimpleData>
            <SimpleData name="Plantado">Si</SimpleData>
            <SimpleData name="Parcela_La">-24.22689519000</SimpleData>
            <SimpleData name="Parcela_Lo">-56.17938896000</SimpleData>
            <SimpleData name="Grupo_Impl">G1</SimpleData>
            <SimpleData name="Grupo_de_P">Lote 1-P2-XX-XX-XX</SimpleData>
            <SimpleData name="Jornales">0.00000000000</SimpleData>
            <SimpleData name="Monto">0.00000000000</SimpleData>
            <SimpleData name="ETAPA_FAO">Mantenimiento A?o 1.2</SimpleData>
            <SimpleData name="Estado_del">Activo</SimpleData>
            <SimpleData name="Empresa">Hyh Consultores SRL</SimpleData>
            <SimpleData name="Lote">Lote 1</SimpleData>
            <SimpleData name="Monitorear">No</SimpleData>
            <SimpleData name="Fecha_de_M">-</SimpleData>
            <SimpleData name="F__de_pren">-</SimpleData>
            <SimpleData name="Estado_FAO">Monitorear</SimpleData>
            <SimpleData name="Etapa_de_i">Mantenimiento A?o 1.2</SimpleData>
            <SimpleData name="Fecha_visi">2026/09/16</SimpleData>
            <SimpleData name="Cumple_sup">Si</SimpleData>
            <SimpleData name="Estado_mon">-</SimpleData>
            <SimpleData name="Situaci_12">-</SimpleData>
            <SimpleData name="Observaci">-</SimpleData>
            <SimpleData name="Dias_trans">18.26843750000</SimpleData>
            <SimpleData name="Prioridad">ALTA</SimpleData>
            <SimpleData name="OBJECTID_1">6</SimpleData>
          </SchemaData>
        </ExtendedData>
        <Polygon>
          <outerBoundaryIs>
            <LinearRing>
              <coordinates>
                -56.1781583002414,-24.2267182992739,0
                -56.1780201871715,-24.2271200163051,0
                -56.1808171996975,-24.2270112007571,0
                -56.18085800005,-24.2267227007588,0
                -56.1781583002414,-24.2267182992739,0
              </coordinates>
            </LinearRing>
          </outerBoundaryIs>
        </Polygon>
      </Placemark>
      <Placemark id="Distrito_GUAYAIBI.26">
        <ExtendedData>
          <SchemaData schemaUrl="#Distrito_GUAYAIBI.schema">
            <SimpleData name="Cédula">4947739.00000000000</SimpleData>
            <SimpleData name="cedula">4947739</SimpleData>
            <SimpleData name="Cédula_1">4947739.00000000000</SimpleData>
            <SimpleData name="N_">56.00000000000</SimpleData>
            <SimpleData name="Nombres_y_">FRANCISCA LOPEZ DE CHAVEZ</SimpleData>
            <SimpleData name="Sexo">Mujer</SimpleData>
            <SimpleData name="Cambio_de_">NO</SimpleData>
            <SimpleData name="Titular_se">NO</SimpleData>
            <SimpleData name="Cédula_Ti">NO</SimpleData>
            <SimpleData name="Situación">NO</SimpleData>
            <SimpleData name="Comunidad">Campesina</SimpleData>
            <SimpleData name="Modelo">Modelo 1</SimpleData>
            <SimpleData name="Departamen">SAN PEDRO</SimpleData>
            <SimpleData name="Distrito">GUAYAIBI</SimpleData>
            <SimpleData name="Localidad">SAN FRANCISCO</SimpleData>
            <SimpleData name="Teléfono">0982721015</SimpleData>
            <SimpleData name="Vivienda_L">-24.22528220000</SimpleData>
            <SimpleData name="Vivienda_1">-56.17608590000</SimpleData>
            <SimpleData name="Superficie">0.80000000000</SimpleData>
            <SimpleData name="Situaci_1">Pol?gono</SimpleData>
            <SimpleData name="Plantado">Si</SimpleData>
            <SimpleData name="Parcela_La">-24.22501984000</SimpleData>
            <SimpleData name="Parcela_Lo">-56.18583196000</SimpleData>
            <SimpleData name="Grupo_Impl">G1</SimpleData>
            <SimpleData name="Grupo_de_P">Lote 1-P3-XX-XX-XX</SimpleData>
            <SimpleData name="Jornales">0.00000000000</SimpleData>
            <SimpleData name="Monto">0.00000000000</SimpleData>
            <SimpleData name="ETAPA_FAO">Mantenimiento A?o 1.2</SimpleData>
            <SimpleData name="Estado_del">Activo</SimpleData>
            <SimpleData name="Empresa">Hyh Consultores SRL</SimpleData>
            <SimpleData name="Lote">Lote 1</SimpleData>
            <SimpleData name="Monitorear">Si</SimpleData>
            <SimpleData name="Fecha_de_M">-</SimpleData>
            <SimpleData name="F__de_pren">-</SimpleData>
            <SimpleData name="Estado_FAO">Verificar posible desercion</SimpleData>
            <SimpleData name="Etapa_de_i">Mantenimiento A?o 1.2</SimpleData>
            <SimpleData name="Fecha_visi">2026/09/15</SimpleData>
            <SimpleData name="Cumple_sup">Si</SimpleData>
            <SimpleData name="Estado_mon">-</SimpleData>
            <SimpleData name="Situaci_12">-</SimpleData>
            <SimpleData name="Observaci">Falta de conocimiento o comprensi?n del proyecto;La parcela se encuentra muy poco cuidada no hay producci?n y no hay cultivo</SimpleData>
            <SimpleData name="Dias_trans">19.42145552080</SimpleData>
            <SimpleData name="Prioridad">ALTA</SimpleData>
            <SimpleData name="OBJECTID_1">56</SimpleData>
          </SchemaData>
        </ExtendedData>
        <Polygon>
          <outerBoundaryIs>
            <LinearRing>
              <coordinates>
                -56.184911400928,-24.2252171002065,0
                -56.186717300697,-24.2252461007504,0
                -56.186756400551,-24.2248126996433,0
                -56.1849095996053,-24.2248062001576,0
                -56.184911400928,-24.2252171002065,0
              </coordinates>
            </LinearRing>
          </outerBoundaryIs>
        </Polygon>
      </Placemark>
      <Placemark id="Distrito_GUAYAIBI.27">
        <ExtendedData>
          <SchemaData schemaUrl="#Distrito_GUAYAIBI.schema">
            <SimpleData name="Cédula">6547937.00000000000</SimpleData>
            <SimpleData name="cedula">6547937</SimpleData>
            <SimpleData name="Cédula_1">6547937.00000000000</SimpleData>
            <SimpleData name="N_">194.00000000000</SimpleData>
            <SimpleData name="Nombres_y_">CLARA NATALIA BOGADO ZARATE</SimpleData>
            <SimpleData name="Sexo">Mujer</SimpleData>
            <SimpleData name="Cambio_de_">NO</SimpleData>
            <SimpleData name="Titular_se">NO</SimpleData>
            <SimpleData name="Cédula_Ti">NO</SimpleData>
            <SimpleData name="Situación">NO</SimpleData>
            <SimpleData name="Comunidad">Campesina</SimpleData>
            <SimpleData name="Modelo">Modelo 5</SimpleData>
            <SimpleData name="Departamen">SAN PEDRO</SimpleData>
            <SimpleData name="Distrito">GUAYAIBI</SimpleData>
            <SimpleData name="Localidad">CALLE 4000</SimpleData>
            <SimpleData name="Teléfono">0971840226</SimpleData>
            <SimpleData name="Vivienda_L">-24.56763670000</SimpleData>
            <SimpleData name="Vivienda_1">-56.38264220000</SimpleData>
            <SimpleData name="Superficie">0.70000000000</SimpleData>
            <SimpleData name="Situaci_1">Pol?gono</SimpleData>
            <SimpleData name="Plantado">Si</SimpleData>
            <SimpleData name="Parcela_La">-24.57518256000</SimpleData>
            <SimpleData name="Parcela_Lo">-56.37610454000</SimpleData>
            <SimpleData name="Grupo_Impl">G1</SimpleData>
            <SimpleData name="Grupo_de_P">Lote 1-P1-XX-XX-XX</SimpleData>
            <SimpleData name="Jornales">0.00000000000</SimpleData>
            <SimpleData name="Monto">0.00000000000</SimpleData>
            <SimpleData name="ETAPA_FAO">Mantenimiento A?o 1.2</SimpleData>
            <SimpleData name="Estado_del">Activo</SimpleData>
            <SimpleData name="Empresa">Hyh Consultores SRL</SimpleData>
            <SimpleData name="Lote">Lote 1</SimpleData>
            <SimpleData name="Monitorear">Si</SimpleData>
            <SimpleData name="Fecha_de_M">-</SimpleData>
            <SimpleData name="F__de_pren">-</SimpleData>
            <SimpleData name="Estado_FAO">Monitorear</SimpleData>
            <SimpleData name="Etapa_de_i">Mantenimiento A?o 1.2</SimpleData>
            <SimpleData name="Fecha_visi">2026/09/09</SimpleData>
            <SimpleData name="Cumple_sup">Si</SimpleData>
            <SimpleData name="Estado_mon">-</SimpleData>
            <SimpleData name="Situaci_12">-</SimpleData>
            <SimpleData name="Observaci">-</SimpleData>
            <SimpleData name="Dias_trans">25.35885416670</SimpleData>
            <SimpleData name="Prioridad">ALTA</SimpleData>
            <SimpleData name="OBJECTID_1">194</SimpleData>
          </SchemaData>
        </ExtendedData>
        <Polygon>
          <outerBoundaryIs>
            <LinearRing>
              <coordinates>
                -56.375847100146,-24.5758597999721,0
                -56.3763243992612,-24.5758773006287,0
                -56.3763620997465,-24.5745187996167,0
                -56.3758880000319,-24.5744723004162,0
                -56.375847100146,-24.5758597999721,0
              </coordinates>
            </LinearRing>
          </outerBoundaryIs>
        </Polygon>
      </Placemark>
      <Placemark id="Distrito_GUAYAIBI.28">
        <ExtendedData>
          <SchemaData schemaUrl="#Distrito_GUAYAIBI.schema">
            <SimpleData name="Cédula">4917900.00000000000</SimpleData>
            <SimpleData name="cedula">4917900</SimpleData>
            <SimpleData name="Cédula_1">4917900.00000000000</SimpleData>
            <SimpleData name="N_">54.00000000000</SimpleData>
            <SimpleData name="Nombres_y_">MARGARITA ACOSTA GONZALEZ</SimpleData>
            <SimpleData name="Sexo">Mujer</SimpleData>
            <SimpleData name="Cambio_de_">NO</SimpleData>
            <SimpleData name="Titular_se">NO</SimpleData>
            <SimpleData name="Cédula_Ti">NO</SimpleData>
            <SimpleData name="Situación">NO</SimpleData>
            <SimpleData name="Comunidad">Campesina</SimpleData>
            <SimpleData name="Modelo">Modelo 5</SimpleData>
            <SimpleData name="Departamen">SAN PEDRO</SimpleData>
            <SimpleData name="Distrito">GUAYAIBI</SimpleData>
            <SimpleData name="Localidad">NATIVIDAD (COLONIA LUZ BELLA)</SimpleData>
            <SimpleData name="Teléfono">0983283943</SimpleData>
            <SimpleData name="Vivienda_L">-24.26659570000</SimpleData>
            <SimpleData name="Vivienda_1">-56.17326810000</SimpleData>
            <SimpleData name="Superficie">0.70000000000</SimpleData>
            <SimpleData name="Situaci_1">Pol?gono</SimpleData>
            <SimpleData name="Plantado">Si</SimpleData>
            <SimpleData name="Parcela_La">-24.26589426000</SimpleData>
            <SimpleData name="Parcela_Lo">-56.17348338000</SimpleData>
            <SimpleData name="Grupo_Impl">G1</SimpleData>
            <SimpleData name="Grupo_de_P">Lote 1-P2-XX-XX-XX</SimpleData>
            <SimpleData name="Jornales">0.00000000000</SimpleData>
            <SimpleData name="Monto">0.00000000000</SimpleData>
            <SimpleData name="ETAPA_FAO">Mantenimiento A?o 1.2</SimpleData>
            <SimpleData name="Estado_del">Activo</SimpleData>
            <SimpleData name="Empresa">Hyh Consultores SRL</SimpleData>
            <SimpleData name="Lote">Lote 1</SimpleData>
            <SimpleData name="Monitorear">Si</SimpleData>
            <SimpleData name="Fecha_de_M">-</SimpleData>
            <SimpleData name="F__de_pren">-</SimpleData>
            <SimpleData name="Estado_FAO">Monitorear</SimpleData>
            <SimpleData name="Etapa_de_i">Mantenimiento A?o 1.2</SimpleData>
            <SimpleData name="Fecha_visi">2026/09/12</SimpleData>
            <SimpleData name="Cumple_sup">Si</SimpleData>
            <SimpleData name="Estado_mon">-</SimpleData>
            <SimpleData name="Situaci_12">-</SimpleData>
            <SimpleData name="Observaci">-</SimpleData>
            <SimpleData name="Dias_trans">22.04555555560</SimpleData>
            <SimpleData name="Prioridad">ALTA</SimpleData>
            <SimpleData name="OBJECTID_1">54</SimpleData>
          </SchemaData>
        </ExtendedData>
        <Polygon>
          <outerBoundaryIs>
            <LinearRing>
              <coordinates>
                -56.1732830001955,-24.2655169999236,0
                -56.1732303997557,-24.2656585991214,0
                -56.1729677010797,-24.2656367995129,0
                -56.1729383000452,-24.2661647990622,0
                -56.1739002014004,-24.2662335000557,0
                -56.1740731998215,-24.2656688985893,0
                -56.1732830001955,-24.2655169999236,0
              </coordinates>
            </LinearRing>
          </outerBoundaryIs>
        </Polygon>
      </Placemark>
      <Placemark id="Distrito_GUAYAIBI.29">
        <ExtendedData>
          <SchemaData schemaUrl="#Distrito_GUAYAIBI.schema">
            <SimpleData name="Cédula">5656084.00000000000</SimpleData>
            <SimpleData name="cedula">5656084</SimpleData>
            <SimpleData name="Cédula_1">5656084.00000000000</SimpleData>
            <SimpleData name="N_">135.00000000000</SimpleData>
            <SimpleData name="Nombres_y_">LILIANA FERNANDEZ AVEIRO</SimpleData>
            <SimpleData name="Sexo">Mujer</SimpleData>
            <SimpleData name="Cambio_de_">NO</SimpleData>
            <SimpleData name="Titular_se">NO</SimpleData>
            <SimpleData name="Cédula_Ti">NO</SimpleData>
            <SimpleData name="Situación">NO</SimpleData>
            <SimpleData name="Comunidad">Campesina</SimpleData>
            <SimpleData name="Modelo">Modelo 5</SimpleData>
            <SimpleData name="Departamen">SAN PEDRO</SimpleData>
            <SimpleData name="Distrito">GUAYAIBI</SimpleData>
            <SimpleData name="Localidad">CARAYAO I</SimpleData>
            <SimpleData name="Teléfono">0971786462</SimpleData>
            <SimpleData name="Vivienda_L">-24.51019020000</SimpleData>
            <SimpleData name="Vivienda_1">-56.37086720000</SimpleData>
            <SimpleData name="Superficie">0.70000000000</SimpleData>
            <SimpleData name="Situaci_1">Pol?gono</SimpleData>
            <SimpleData name="Plantado">Si</SimpleData>
            <SimpleData name="Parcela_La">-24.51049421000</SimpleData>
            <SimpleData name="Parcela_Lo">-56.37301105000</SimpleData>
            <SimpleData name="Grupo_Impl">G1</SimpleData>
            <SimpleData name="Grupo_de_P">Lote 1-P1-XX-XX-XX</SimpleData>
            <SimpleData name="Jornales">0.00000000000</SimpleData>
            <SimpleData name="Monto">0.00000000000</SimpleData>
            <SimpleData name="ETAPA_FAO">Mantenimiento A?o 1.2</SimpleData>
            <SimpleData name="Estado_del">Activo</SimpleData>
            <SimpleData name="Empresa">Hyh Consultores SRL</SimpleData>
            <SimpleData name="Lote">Lote 1</SimpleData>
            <SimpleData name="Monitorear">Si</SimpleData>
            <SimpleData name="Fecha_de_M">-</SimpleData>
            <SimpleData name="F__de_pren">-</SimpleData>
            <SimpleData name="Estado_FAO">Monitorear</SimpleData>
            <SimpleData name="Etapa_de_i">Mantenimiento A?o 1.2</SimpleData>
            <SimpleData name="Fecha_visi">2026/09/03</SimpleData>
            <SimpleData name="Cumple_sup">Si</SimpleData>
            <SimpleData name="Estado_mon">-</SimpleData>
            <SimpleData name="Situaci_12">-</SimpleData>
            <SimpleData name="Observaci">-</SimpleData>
            <SimpleData name="Dias_trans">31.15682870370</SimpleData>
            <SimpleData name="Prioridad">ALTA</SimpleData>
            <SimpleData name="OBJECTID_1">135</SimpleData>
          </SchemaData>
        </ExtendedData>
        <Polygon>
          <outerBoundaryIs>
            <LinearRing>
              <coordinates>
                -56.3723549002029,-24.5101326005898,0
                -56.3724838994632,-24.5105556999832,0
                -56.3728736003296,-24.5105509001695,0
                -56.37300140136,-24.5109770006813,0
                -56.3735500006654,-24.5109808003752,0
                -56.3733011007068,-24.5101145002276,0
                -56.3723549002029,-24.5101326005898,0
              </coordinates>
            </LinearRing>
          </outerBoundaryIs>
        </Polygon>
      </Placemark>
      <Placemark id="Distrito_GUAYAIBI.30">
        <ExtendedData>
          <SchemaData schemaUrl="#Distrito_GUAYAIBI.schema">
            <SimpleData name="Cédula">7486899.00000000000</SimpleData>
            <SimpleData name="cedula">7486899</SimpleData>
            <SimpleData name="Cédula_1">7486899.00000000000</SimpleData>
            <SimpleData name="N_">314.00000000000</SimpleData>
            <SimpleData name="Nombres_y_">LIVIA DILMAR PEREIRA</SimpleData>
            <SimpleData name="Sexo">Mujer</SimpleData>
            <SimpleData name="Cambio_de_">NO</SimpleData>
            <SimpleData name="Titular_se">NO</SimpleData>
            <SimpleData name="Cédula_Ti">NO</SimpleData>
            <SimpleData name="Situación">NO</SimpleData>
            <SimpleData name="Comunidad">Campesina</SimpleData>
            <SimpleData name="Modelo">Modelo 5</SimpleData>
            <SimpleData name="Departamen">SAN PEDRO</SimpleData>
            <SimpleData name="Distrito">GUAYAIBI</SimpleData>
            <SimpleData name="Localidad">NARANJA HAI</SimpleData>
            <SimpleData name="Teléfono">-</SimpleData>
            <SimpleData name="Vivienda_L">-24.47916650000</SimpleData>
            <SimpleData name="Vivienda_1">-56.29938570000</SimpleData>
            <SimpleData name="Superficie">0.70000000000</SimpleData>
            <SimpleData name="Situaci_1">Pol?gono</SimpleData>
            <SimpleData name="Plantado">Si</SimpleData>
            <SimpleData name="Parcela_La">-24.47797280000</SimpleData>
            <SimpleData name="Parcela_Lo">-56.30198095000</SimpleData>
            <SimpleData name="Grupo_Impl">G1</SimpleData>
            <SimpleData name="Grupo_de_P">Lote 1-P3-XX-XX-XX</SimpleData>
            <SimpleData name="Jornales">0.00000000000</SimpleData>
            <SimpleData name="Monto">0.00000000000</SimpleData>
            <SimpleData name="ETAPA_FAO">Mantenimiento A?o 1.2</SimpleData>
            <SimpleData name="Estado_del">Activo</SimpleData>
            <SimpleData name="Empresa">Hyh Consultores SRL</SimpleData>
            <SimpleData name="Lote">Lote 1</SimpleData>
            <SimpleData name="Monitorear">Si</SimpleData>
            <SimpleData name="Fecha_de_M">-</SimpleData>
            <SimpleData name="F__de_pren">-</SimpleData>
            <SimpleData name="Estado_FAO">Monitorear</SimpleData>
            <SimpleData name="Etapa_de_i">Mantenimiento A?o 1.2</SimpleData>
            <SimpleData name="Fecha_visi">2026/09/11</SimpleData>
            <SimpleData name="Cumple_sup">Si</SimpleData>
            <SimpleData name="Estado_mon">-</SimpleData>
            <SimpleData name="Situaci_12">-</SimpleData>
            <SimpleData name="Observaci">-</SimpleData>
            <SimpleData name="Dias_trans">23.50910879630</SimpleData>
            <SimpleData name="Prioridad">ALTA</SimpleData>
            <SimpleData name="OBJECTID_1">314</SimpleData>
          </SchemaData>
        </ExtendedData>
        <MultiGeometry>
          <Polygon>
            <outerBoundaryIs>
              <LinearRing>
                <coordinates>
                  -56.301002099675,-24.4782569996729,0
                  -56.301212637206,-24.4785785495807,0
                  -56.3018535002642,-24.4781913999877,0
                  -56.3018048993003,-24.4778666996564,0
                  -56.301002099675,-24.4782569996729,0
                </coordinates>
              </LinearRing>
            </outerBoundaryIs>
          </Polygon>
          <Polygon>
            <outerBoundaryIs>
              <LinearRing>
                <coordinates>
                  -56.3019181996227,-24.4778157006555,0
                  -56.3020162001414,-24.4781520998078,0
                  -56.3029378995762,-24.4777097998574,0
                  -56.3027390000286,-24.4773926003477,0
                  -56.3019181996227,-24.4778157006555,0
                </coordinates>
              </LinearRing>
            </outerBoundaryIs>
          </Polygon>
        </MultiGeometry>
      </Placemark>
      <Placemark id="Distrito_GUAYAIBI.31">
        <ExtendedData>
          <SchemaData schemaUrl="#Distrito_GUAYAIBI.schema">
            <SimpleData name="Cédula">5909644.00000000000</SimpleData>
            <SimpleData name="cedula">5909644</SimpleData>
            <SimpleData name="Cédula_1">5909644.00000000000</SimpleData>
            <SimpleData name="N_">152.00000000000</SimpleData>
            <SimpleData name="Nombres_y_">CLAUDINA  GIMENEZ GAVILAN</SimpleData>
            <SimpleData name="Sexo">Mujer</SimpleData>
            <SimpleData name="Cambio_de_">NO</SimpleData>
            <SimpleData name="Titular_se">NO</SimpleData>
            <SimpleData name="Cédula_Ti">NO</SimpleData>
            <SimpleData name="Situación">NO</SimpleData>
            <SimpleData name="Comunidad">Campesina</SimpleData>
            <SimpleData name="Modelo">Modelo 5</SimpleData>
            <SimpleData name="Departamen">SAN PEDRO</SimpleData>
            <SimpleData name="Distrito">GUAYAIBI</SimpleData>
            <SimpleData name="Localidad">2DO. LOTE</SimpleData>
            <SimpleData name="Teléfono">-</SimpleData>
            <SimpleData name="Vivienda_L">-24.54136860000</SimpleData>
            <SimpleData name="Vivienda_1">-56.35120870000</SimpleData>
            <SimpleData name="Superficie">0.70000000000</SimpleData>
            <SimpleData name="Situaci_1">Pol?gono</SimpleData>
            <SimpleData name="Plantado">Si</SimpleData>
            <SimpleData name="Parcela_La">-24.54116408000</SimpleData>
            <SimpleData name="Parcela_Lo">-56.34540957000</SimpleData>
            <SimpleData name="Grupo_Impl">G1</SimpleData>
            <SimpleData name="Grupo_de_P">Lote 1-P3-XX-XX-XX</SimpleData>
            <SimpleData name="Jornales">0.00000000000</SimpleData>
            <SimpleData name="Monto">0.00000000000</SimpleData>
            <SimpleData name="ETAPA_FAO">Mantenimiento A?o 1.2</SimpleData>
            <SimpleData name="Estado_del">Activo</SimpleData>
            <SimpleData name="Empresa">Hyh Consultores SRL</SimpleData>
            <SimpleData name="Lote">Lote 1</SimpleData>
            <SimpleData name="Monitorear">Si</SimpleData>
            <SimpleData name="Fecha_de_M">-</SimpleData>
            <SimpleData name="F__de_pren">-</SimpleData>
            <SimpleData name="Estado_FAO">Monitorear</SimpleData>
            <SimpleData name="Etapa_de_i">Mantenimiento A?o 1.2</SimpleData>
            <SimpleData name="Fecha_visi">2026/09/23</SimpleData>
            <SimpleData name="Cumple_sup">Si</SimpleData>
            <SimpleData name="Estado_mon">-</SimpleData>
            <SimpleData name="Situaci_12">-</SimpleData>
            <SimpleData name="Observaci">-</SimpleData>
            <SimpleData name="Dias_trans">11.29652777780</SimpleData>
            <SimpleData name="Prioridad">ALTA</SimpleData>
            <SimpleData name="OBJECTID_1">152</SimpleData>
          </SchemaData>
        </ExtendedData>
        <Polygon>
          <outerBoundaryIs>
            <LinearRing>
              <coordinates>
                -56.3445966005336,-24.5409639996133,0
                -56.3446043005854,-24.5413680995923,0
                -56.3462500005067,-24.5413534001528,0
                -56.3462133002732,-24.5409682999378,0
                -56.3445966005336,-24.5409639996133,0
              </coordinates>
            </LinearRing>
          </outerBoundaryIs>
        </Polygon>
      </Placemark>
      <Placemark id="Distrito_GUAYAIBI.32">
        <ExtendedData>
          <SchemaData schemaUrl="#Distrito_GUAYAIBI.schema">
            <SimpleData name="Cédula">4762133.00000000000</SimpleData>
            <SimpleData name="cedula">4762133</SimpleData>
            <SimpleData name="Cédula_1">4762133.00000000000</SimpleData>
            <SimpleData name="N_">11.00000000000</SimpleData>
            <SimpleData name="Nombres_y_">ZULMA ROJAS SAMUDIO</SimpleData>
            <SimpleData name="Sexo">Mujer</SimpleData>
            <SimpleData name="Cambio_de_">NO</SimpleData>
            <SimpleData name="Titular_se">NO</SimpleData>
            <SimpleData name="Cédula_Ti">NO</SimpleData>
            <SimpleData name="Situación">NO</SimpleData>
            <SimpleData name="Comunidad">Campesina</SimpleData>
            <SimpleData name="Modelo">Modelo 1</SimpleData>
            <SimpleData name="Departamen">SAN PEDRO</SimpleData>
            <SimpleData name="Distrito">GUAYAIBI</SimpleData>
            <SimpleData name="Localidad">CALLE 6000</SimpleData>
            <SimpleData name="Teléfono">0984484891</SimpleData>
            <SimpleData name="Vivienda_L">-24.58587130000</SimpleData>
            <SimpleData name="Vivienda_1">-56.33356360000</SimpleData>
            <SimpleData name="Superficie">0.80000000000</SimpleData>
            <SimpleData name="Situaci_1">Pol?gono</SimpleData>
            <SimpleData name="Plantado">Si</SimpleData>
            <SimpleData name="Parcela_La">-24.59234093000</SimpleData>
            <SimpleData name="Parcela_Lo">-56.33366260000</SimpleData>
            <SimpleData name="Grupo_Impl">G1</SimpleData>
            <SimpleData name="Grupo_de_P">Lote 1-P1-XX-XX-XX</SimpleData>
            <SimpleData name="Jornales">0.00000000000</SimpleData>
            <SimpleData name="Monto">0.00000000000</SimpleData>
            <SimpleData name="ETAPA_FAO">Mantenimiento A?o 1.2</SimpleData>
            <SimpleData name="Estado_del">Activo</SimpleData>
            <SimpleData name="Empresa">Hyh Consultores SRL</SimpleData>
            <SimpleData name="Lote">Lote 1</SimpleData>
            <SimpleData name="Monitorear">No</SimpleData>
            <SimpleData name="Fecha_de_M">-</SimpleData>
            <SimpleData name="F__de_pren">-</SimpleData>
            <SimpleData name="Estado_FAO">Monitorear</SimpleData>
            <SimpleData name="Etapa_de_i">Mantenimiento A?o 1.2</SimpleData>
            <SimpleData name="Fecha_visi">2026/09/01</SimpleData>
            <SimpleData name="Cumple_sup">Si</SimpleData>
            <SimpleData name="Estado_mon">-</SimpleData>
            <SimpleData name="Situaci_12">-</SimpleData>
            <SimpleData name="Observaci">-</SimpleData>
            <SimpleData name="Dias_trans">33.45496527780</SimpleData>
            <SimpleData name="Prioridad">ALTA</SimpleData>
            <SimpleData name="OBJECTID_1">11</SimpleData>
          </SchemaData>
        </ExtendedData>
        <Polygon>
          <outerBoundaryIs>
            <LinearRing>
              <coordinates>
                -56.3331842003819,-24.5923447996596,0
                -56.3340671008674,-24.5930856001927,0
                -56.334128342302,-24.592300761468,0
                -56.3332535996984,-24.5916149016007,0
                -56.3331842003819,-24.5923447996596,0
              </coordinates>
            </LinearRing>
          </outerBoundaryIs>
        </Polygon>
      </Placemark>
      <Placemark id="Distrito_GUAYAIBI.33">
        <ExtendedData>
          <SchemaData schemaUrl="#Distrito_GUAYAIBI.schema">
            <SimpleData name="Cédula">7748364.00000000000</SimpleData>
            <SimpleData name="cedula">7748364</SimpleData>
            <SimpleData name="Cédula_1">7748364.00000000000</SimpleData>
            <SimpleData name="N_">315.00000000000</SimpleData>
            <SimpleData name="Nombres_y_">ISABEL  IBARRA DELGADO</SimpleData>
            <SimpleData name="Sexo">Mujer</SimpleData>
            <SimpleData name="Cambio_de_">NO</SimpleData>
            <SimpleData name="Titular_se">NO</SimpleData>
            <SimpleData name="Cédula_Ti">NO</SimpleData>
            <SimpleData name="Situación">NO</SimpleData>
            <SimpleData name="Comunidad">Campesina</SimpleData>
            <SimpleData name="Modelo">Modelo 1</SimpleData>
            <SimpleData name="Departamen">SAN PEDRO</SimpleData>
            <SimpleData name="Distrito">GUAYAIBI</SimpleData>
            <SimpleData name="Localidad">7 DE ABRIL (COLONIA LUZ BELLA)</SimpleData>
            <SimpleData name="Teléfono">0981989945</SimpleData>
            <SimpleData name="Vivienda_L">-24.23041670000</SimpleData>
            <SimpleData name="Vivienda_1">-56.17733730000</SimpleData>
            <SimpleData name="Superficie">0.80000000000</SimpleData>
            <SimpleData name="Situaci_1">Pol?gono</SimpleData>
            <SimpleData name="Plantado">Si</SimpleData>
            <SimpleData name="Parcela_La">-24.22970502000</SimpleData>
            <SimpleData name="Parcela_Lo">-56.17677635000</SimpleData>
            <SimpleData name="Grupo_Impl">G1</SimpleData>
            <SimpleData name="Grupo_de_P">Lote 1-P2-XX-XX-XX</SimpleData>
            <SimpleData name="Jornales">0.00000000000</SimpleData>
            <SimpleData name="Monto">0.00000000000</SimpleData>
            <SimpleData name="ETAPA_FAO">Mantenimiento A?o 1.2</SimpleData>
            <SimpleData name="Estado_del">Activo</SimpleData>
            <SimpleData name="Empresa">Hyh Consultores SRL</SimpleData>
            <SimpleData name="Lote">Lote 1</SimpleData>
            <SimpleData name="Monitorear">Si</SimpleData>
            <SimpleData name="Fecha_de_M">-</SimpleData>
            <SimpleData name="F__de_pren">-</SimpleData>
            <SimpleData name="Estado_FAO">Monitorear</SimpleData>
            <SimpleData name="Etapa_de_i">Mantenimiento A?o 1.2</SimpleData>
            <SimpleData name="Fecha_visi">2026/09/16</SimpleData>
            <SimpleData name="Cumple_sup">Si</SimpleData>
            <SimpleData name="Estado_mon">-</SimpleData>
            <SimpleData name="Situaci_12">-</SimpleData>
            <SimpleData name="Observaci">-</SimpleData>
            <SimpleData name="Dias_trans">18.43935185190</SimpleData>
            <SimpleData name="Prioridad">ALTA</SimpleData>
            <SimpleData name="OBJECTID_1">315</SimpleData>
          </SchemaData>
        </ExtendedData>
        <MultiGeometry>
          <Polygon>
            <outerBoundaryIs>
              <LinearRing>
                <coordinates>
                  -56.1752985997585,-24.2305609004859,0
                  -56.1753028998555,-24.2308066986326,0
                  -56.1759895985539,-24.2306371003407,0
                  -56.1760693013865,-24.2305842998191,0
                  -56.176050801604,-24.2304018992321,0
                  -56.1752985997585,-24.2305609004859,0
                </coordinates>
              </LinearRing>
            </outerBoundaryIs>
          </Polygon>
          <Polygon>
            <outerBoundaryIs>
              <LinearRing>
                <coordinates>
                  -56.1763066995825,-24.2293732988212,0
                  -56.1766383010682,-24.2301850000479,0
                  -56.1772404996025,-24.2300382995442,0
                  -56.1769233999327,-24.2292287000758,0
                  -56.1763066995825,-24.2293732988212,0
                </coordinates>
              </LinearRing>
            </outerBoundaryIs>
          </Polygon>
        </MultiGeometry>
      </Placemark>
    </Document>
  </Document>
</kml>
