<?xml version="1.0" encoding="UTF-8"?>
<kml xmlns="http://www.opengis.net/kml/2.2">
  <Document id="root_doc">
    <Schema id="Distrito_YPEJH__.schema">
      <SimpleField name="Cédula" type="double"/>
      <SimpleField name="cedula" type="string"/>
      <SimpleField name="Cédula_1" type="double"/>
      <SimpleField name="N_" type="double"/>
      <SimpleField name="Nombres_y_" type="string"/>
      <SimpleField name="Sexo" type="string"/>
      <SimpleField name="Cambio_de_" type="string"/>
      <SimpleField name="Titular_se" type="string"/>
      <SimpleField name="Cédula_Ti" type="string"/>
      <SimpleField name="Situación" type="string"/>
      <SimpleField name="Comunidad" type="string"/>
      <SimpleField name="Modelo" type="string"/>
      <SimpleField name="Departamen" type="string"/>
      <SimpleField name="Distrito" type="string"/>
      <SimpleField name="Localidad" type="string"/>
      <SimpleField name="Teléfono" type="string"/>
      <SimpleField name="Vivienda_L" type="double"/>
      <SimpleField name="Vivienda_1" type="double"/>
      <SimpleField name="Superficie" type="double"/>
      <SimpleField name="Situaci_1" type="string"/>
      <SimpleField name="Plantado" type="string"/>
      <SimpleField name="Parcela_La" type="double"/>
      <SimpleField name="Parcela_Lo" type="double"/>
      <SimpleField name="Grupo_Impl" type="string"/>
      <SimpleField name="Grupo_de_P" type="string"/>
      <SimpleField name="Jornales" type="double"/>
      <SimpleField name="Monto" type="double"/>
      <SimpleField name="ETAPA_FAO" type="string"/>
      <SimpleField name="Estado_del" type="string"/>
      <SimpleField name="Empresa" type="string"/>
      <SimpleField name="Lote" type="string"/>
      <SimpleField name="Monitorear" type="string"/>
      <SimpleField name="Fecha_de_M" type="string"/>
      <SimpleField name="F__de_pren" type="string"/>
      <SimpleField name="Estado_FAO" type="string"/>
      <SimpleField name="Etapa_de_i" type="string"/>
      <SimpleField name="Fecha_visi" type="string"/>
      <SimpleField name="Cumple_sup" type="string"/>
      <SimpleField name="Estado_mon" type="string"/>
      <SimpleField name="Situaci_12" type="string"/>
      <SimpleField name="Observaci" type="string"/>
      <SimpleField name="Dias_trans" type="double"/>
      <SimpleField name="Prioridad" type="string"/>
      <SimpleField name="OBJECTID_1" type="int"/>
    </Schema>
    <Document id="Distrito_YPEJH__">
      <name>Distrito_YPEJHÃš</name>
      <Placemark id="Distrito_YPEJH__.1">
        <ExtendedData>
          <SchemaData schemaUrl="#Distrito_YPEJH__.schema">
            <SimpleData name="Cédula">6739561.00000000000</SimpleData>
            <SimpleData name="cedula">6739561</SimpleData>
            <SimpleData name="Cédula_1">6739561.00000000000</SimpleData>
            <SimpleData name="N_">50.00000000000</SimpleData>
            <SimpleData name="Nombres_y_">ANTONIO ARCE MONTANIA</SimpleData>
            <SimpleData name="Sexo">Hombre</SimpleData>
            <SimpleData name="Cambio_de_">NO</SimpleData>
            <SimpleData name="Titular_se">NO</SimpleData>
            <SimpleData name="Cédula_Ti">NO</SimpleData>
            <SimpleData name="Situación">NO</SimpleData>
            <SimpleData name="Comunidad">Ind?gena</SimpleData>
            <SimpleData name="Modelo">Modelo 5</SimpleData>
            <SimpleData name="Departamen">CANINDEYU</SimpleData>
            <SimpleData name="Distrito">YPEJH?</SimpleData>
            <SimpleData name="Localidad">COM INDIG KABAYU PASO</SimpleData>
            <SimpleData name="Teléfono">0986770651</SimpleData>
            <SimpleData name="Vivienda_L">-24.00768930000</SimpleData>
            <SimpleData name="Vivienda_1">-55.86692300000</SimpleData>
            <SimpleData name="Superficie">0.70000000000</SimpleData>
            <SimpleData name="Situaci_1">Pol?gono</SimpleData>
            <SimpleData name="Plantado">Si</SimpleData>
            <SimpleData name="Parcela_La">-24.00728529000</SimpleData>
            <SimpleData name="Parcela_Lo">-55.86661757000</SimpleData>
            <SimpleData name="Grupo_Impl">G2</SimpleData>
            <SimpleData name="Grupo_de_P">H-P5-XX-XX-XX</SimpleData>
            <SimpleData name="Jornales">0.00000000000</SimpleData>
            <SimpleData name="Monto">0.00000000000</SimpleData>
            <SimpleData name="ETAPA_FAO">Mantenimiento A?o 1.1</SimpleData>
            <SimpleData name="Estado_del">Activo</SimpleData>
            <SimpleData name="Empresa">Hyh Consultores SRL</SimpleData>
            <SimpleData name="Lote">H</SimpleData>
            <SimpleData name="Monitorear">No</SimpleData>
            <SimpleData name="Fecha_de_M">-</SimpleData>
            <SimpleData name="F__de_pren">-</SimpleData>
            <SimpleData name="Estado_FAO">Verificar posible desercion</SimpleData>
            <SimpleData name="Etapa_de_i">Mantenimiento A?o 1.1</SimpleData>
            <SimpleData name="Fecha_visi">2026/09/26</SimpleData>
            <SimpleData name="Cumple_sup">Si</SimpleData>
            <SimpleData name="Estado_mon">-</SimpleData>
            <SimpleData name="Situaci_12">-</SimpleData>
            <SimpleData name="Observaci">Falta de inter?s o no ve el beneficio;Parcela abandonada,</SimpleData>
            <SimpleData name="Dias_trans">8.63428230324</SimpleData>
            <SimpleData name="Prioridad">ALTA</SimpleData>
            <SimpleData name="OBJECTID_1">50</SimpleData>
          </SchemaData>
        </ExtendedData>
        <Polygon>
          <outerBoundaryIs>
            <LinearRing>
              <coordinates>
                -55.8660500001241,-24.0069916993018,0
                -55.8664387004351,-24.0078611000864,0
                -55.8671717003641,-24.007433300535,0
                -55.8669032997601,-24.0068217000148,0
                -55.8660500001241,-24.0069916993018,0
              </coordinates>
            </LinearRing>
          </outerBoundaryIs>
        </Polygon>
      </Placemark>
      <Placemark id="Distrito_YPEJH__.2">
        <ExtendedData>
          <SchemaData schemaUrl="#Distrito_YPEJH__.schema">
            <SimpleData name="Cédula">7299143.00000000000</SimpleData>
            <SimpleData name="cedula">7299143</SimpleData>
            <SimpleData name="Cédula_1">7299143.00000000000</SimpleData>
            <SimpleData name="N_">313.00000000000</SimpleData>
            <SimpleData name="Nombres_y_">MARTA ROA MEDINA</SimpleData>
            <SimpleData name="Sexo">Mujer</SimpleData>
            <SimpleData name="Cambio_de_">NO</SimpleData>
            <SimpleData name="Titular_se">NO</SimpleData>
            <SimpleData name="Cédula_Ti">NO</SimpleData>
            <SimpleData name="Situación">NO</SimpleData>
            <SimpleData name="Comunidad">Ind?gena</SimpleData>
            <SimpleData name="Modelo">Modelo 5</SimpleData>
            <SimpleData name="Departamen">CANINDEYU</SimpleData>
            <SimpleData name="Distrito">YPEJH?</SimpleData>
            <SimpleData name="Localidad">COM INDIG PYPUCU</SimpleData>
            <SimpleData name="Teléfono">0982878447</SimpleData>
            <SimpleData name="Vivienda_L">-23.92375490000</SimpleData>
            <SimpleData name="Vivienda_1">-55.64052360000</SimpleData>
            <SimpleData name="Superficie">0.70000000000</SimpleData>
            <SimpleData name="Situaci_1">Par?metro</SimpleData>
            <SimpleData name="Plantado">Si</SimpleData>
            <SimpleData name="Parcela_La">-23.92338870000</SimpleData>
            <SimpleData name="Parcela_Lo">-55.64164492000</SimpleData>
            <SimpleData name="Grupo_Impl">G2</SimpleData>
            <SimpleData name="Grupo_de_P">H-P7-XX-XX-XX</SimpleData>
            <SimpleData name="Jornales">0.00000000000</SimpleData>
            <SimpleData name="Monto">0.00000000000</SimpleData>
            <SimpleData name="ETAPA_FAO">Mantenimiento A?o 1.1</SimpleData>
            <SimpleData name="Estado_del">Activo</SimpleData>
            <SimpleData name="Empresa">Hyh Consultores SRL</SimpleData>
            <SimpleData name="Lote">H</SimpleData>
            <SimpleData name="Monitorear">Si</SimpleData>
            <SimpleData name="Fecha_de_M">-</SimpleData>
            <SimpleData name="F__de_pren">-</SimpleData>
            <SimpleData name="Estado_FAO">Monitorear</SimpleData>
            <SimpleData name="Etapa_de_i">Mantenimiento A?o 1.1</SimpleData>
            <SimpleData name="Fecha_visi">2026/10/03</SimpleData>
            <SimpleData name="Cumple_sup">Si</SimpleData>
            <SimpleData name="Estado_mon">-</SimpleData>
            <SimpleData name="Situaci_12">-</SimpleData>
            <SimpleData name="Observaci">-</SimpleData>
            <SimpleData name="Dias_trans">1.49849537037</SimpleData>
            <SimpleData name="Prioridad">ALTA</SimpleData>
            <SimpleData name="OBJECTID_1">313</SimpleData>
          </SchemaData>
        </ExtendedData>
        <Polygon>
          <outerBoundaryIs>
            <LinearRing>
              <coordinates>
                -55.6421042182816,-23.9230347198174,0
                -55.6421321003421,-23.9230857004545,0
                -55.6406505241966,-23.923540277711,0
                -55.6406032997204,-23.9235567003506,0
                -55.640742600048,-23.9238248002813,0
                -55.6425729004397,-23.9232876001247,0
                -55.6424867003193,-23.9229016997737,0
                -55.6421042182816,-23.9230347198174,0
              </coordinates>
            </LinearRing>
          </outerBoundaryIs>
        </Polygon>
      </Placemark>
      <Placemark id="Distrito_YPEJH__.3">
        <ExtendedData>
          <SchemaData schemaUrl="#Distrito_YPEJH__.schema">
            <SimpleData name="Cédula">5885656.00000000000</SimpleData>
            <SimpleData name="cedula">5885656</SimpleData>
            <SimpleData name="Cédula_1">5885656.00000000000</SimpleData>
            <SimpleData name="N_">148.00000000000</SimpleData>
            <SimpleData name="Nombres_y_">NELSON MARTINEZ LOPEZ</SimpleData>
            <SimpleData name="Sexo">Hombre</SimpleData>
            <SimpleData name="Cambio_de_">NO</SimpleData>
            <SimpleData name="Titular_se">NO</SimpleData>
            <SimpleData name="Cédula_Ti">NO</SimpleData>
            <SimpleData name="Situación">NO</SimpleData>
            <SimpleData name="Comunidad">Ind?gena</SimpleData>
            <SimpleData name="Modelo">Modelo 2</SimpleData>
            <SimpleData name="Departamen">CANINDEYU</SimpleData>
            <SimpleData name="Distrito">YPEJH?</SimpleData>
            <SimpleData name="Localidad">COM INDIG ITANARA-PARIRI</SimpleData>
            <SimpleData name="Teléfono">ND</SimpleData>
            <SimpleData name="Vivienda_L">-23.83889650000</SimpleData>
            <SimpleData name="Vivienda_1">-55.68794930000</SimpleData>
            <SimpleData name="Superficie">0.80000000000</SimpleData>
            <SimpleData name="Situaci_1">Par?metro</SimpleData>
            <SimpleData name="Plantado">Si</SimpleData>
            <SimpleData name="Parcela_La">-23.83916314000</SimpleData>
            <SimpleData name="Parcela_Lo">-55.68693691000</SimpleData>
            <SimpleData name="Grupo_Impl">G2</SimpleData>
            <SimpleData name="Grupo_de_P">H-P8-XX-XX-XX</SimpleData>
            <SimpleData name="Jornales">0.00000000000</SimpleData>
            <SimpleData name="Monto">0.00000000000</SimpleData>
            <SimpleData name="ETAPA_FAO">Mantenimiento A?o 1.1</SimpleData>
            <SimpleData name="Estado_del">Activo</SimpleData>
            <SimpleData name="Empresa">Hyh Consultores SRL</SimpleData>
            <SimpleData name="Lote">H</SimpleData>
            <SimpleData name="Monitorear">Si</SimpleData>
            <SimpleData name="Fecha_de_M">-</SimpleData>
            <SimpleData name="F__de_pren">-</SimpleData>
            <SimpleData name="Estado_FAO">Monitorear</SimpleData>
            <SimpleData name="Etapa_de_i">Mantenimiento A?o 1.1</SimpleData>
            <SimpleData name="Fecha_visi">2026/09/28</SimpleData>
            <SimpleData name="Cumple_sup">Si</SimpleData>
            <SimpleData name="Estado_mon">-</SimpleData>
            <SimpleData name="Situaci_12">-</SimpleData>
            <SimpleData name="Observaci">-</SimpleData>
            <SimpleData name="Dias_trans">6.05128472222</SimpleData>
            <SimpleData name="Prioridad">ALTA</SimpleData>
            <SimpleData name="OBJECTID_1">148</SimpleData>
          </SchemaData>
        </ExtendedData>
        <Polygon>
          <outerBoundaryIs>
            <LinearRing>
              <coordinates>
                -55.686624699938,-23.8394616000095,0
                -55.6867626996615,-23.8397556003039,0
                -55.6869933992368,-23.8397421000769,0
                -55.6871728992441,-23.8397759997966,0
                -55.6873212992435,-23.8397900003527,0
                -55.6874254996665,-23.8396170997708,0
                -55.6875199000058,-23.8393794997528,0
                -55.6874449994236,-23.8392851998818,0
                -55.6872792996141,-23.8390298005174,0
                -55.6872434000069,-23.8389463998327,0
                -55.6870882997525,-23.838724400044,0
                -55.6870912995135,-23.8385826003037,0
                -55.6870042995033,-23.838545499821,0
                -55.6867334996791,-23.8385149002101,0
                -55.6865616993169,-23.8385207003464,0
                -55.6864531998923,-23.8386462997571,0
                -55.6863951991203,-23.838741799835,0
                -55.686503299367,-23.8390624998786,0
                -55.686539499037,-23.8391340999321,0
                -55.6865457992071,-23.8392257004491,0
                -55.686624699938,-23.8394616000095,0
              </coordinates>
            </LinearRing>
          </outerBoundaryIs>
        </Polygon>
      </Placemark>
      <Placemark id="Distrito_YPEJH__.4">
        <ExtendedData>
          <SchemaData schemaUrl="#Distrito_YPEJH__.schema">
            <SimpleData name="Cédula">7206854.00000000000</SimpleData>
            <SimpleData name="cedula">7206854</SimpleData>
            <SimpleData name="Cédula_1">7206854.00000000000</SimpleData>
            <SimpleData name="N_">272.00000000000</SimpleData>
            <SimpleData name="Nombres_y_">RAQUEL ISASI LOPEZ</SimpleData>
            <SimpleData name="Sexo">Mujer</SimpleData>
            <SimpleData name="Cambio_de_">NO</SimpleData>
            <SimpleData name="Titular_se">NO</SimpleData>
            <SimpleData name="Cédula_Ti">NO</SimpleData>
            <SimpleData name="Situación">NO</SimpleData>
            <SimpleData name="Comunidad">Ind?gena</SimpleData>
            <SimpleData name="Modelo">Modelo 5</SimpleData>
            <SimpleData name="Departamen">CANINDEYU</SimpleData>
            <SimpleData name="Distrito">YPEJH?</SimpleData>
            <SimpleData name="Localidad">COM INDIG PYPUCU</SimpleData>
            <SimpleData name="Teléfono">ND</SimpleData>
            <SimpleData name="Vivienda_L">-23.89631670000</SimpleData>
            <SimpleData name="Vivienda_1">-55.65733110000</SimpleData>
            <SimpleData name="Superficie">0.70000000000</SimpleData>
            <SimpleData name="Situaci_1">Par?metro</SimpleData>
            <SimpleData name="Plantado">Si</SimpleData>
            <SimpleData name="Parcela_La">-23.89621316000</SimpleData>
            <SimpleData name="Parcela_Lo">-55.65687575000</SimpleData>
            <SimpleData name="Grupo_Impl">G2</SimpleData>
            <SimpleData name="Grupo_de_P">H-P7-XX-XX-XX</SimpleData>
            <SimpleData name="Jornales">0.00000000000</SimpleData>
            <SimpleData name="Monto">0.00000000000</SimpleData>
            <SimpleData name="ETAPA_FAO">Mantenimiento A?o 1.1</SimpleData>
            <SimpleData name="Estado_del">Activo</SimpleData>
            <SimpleData name="Empresa">Hyh Consultores SRL</SimpleData>
            <SimpleData name="Lote">H</SimpleData>
            <SimpleData name="Monitorear">Si</SimpleData>
            <SimpleData name="Fecha_de_M">-</SimpleData>
            <SimpleData name="F__de_pren">-</SimpleData>
            <SimpleData name="Estado_FAO">Monitorear</SimpleData>
            <SimpleData name="Etapa_de_i">Mantenimiento A?o 1.1</SimpleData>
            <SimpleData name="Fecha_visi">2026/10/02</SimpleData>
            <SimpleData name="Cumple_sup">Si</SimpleData>
            <SimpleData name="Estado_mon">-</SimpleData>
            <SimpleData name="Situaci_12">-</SimpleData>
            <SimpleData name="Observaci">-</SimpleData>
            <SimpleData name="Dias_trans">2.15488425926</SimpleData>
            <SimpleData name="Prioridad">ALTA</SimpleData>
            <SimpleData name="OBJECTID_1">272</SimpleData>
          </SchemaData>
        </ExtendedData>
        <MultiGeometry>
          <Polygon>
            <outerBoundaryIs>
              <LinearRing>
                <coordinates>
                  -55.6568517771541,-23.8966089702079,0
                  -55.6568750005027,-23.8966433001414,0
                  -55.6569781461946,-23.8965691563591,0
                  -55.6572366996345,-23.8963833009389,0
                  -55.6570868994558,-23.8959049004164,0
                  -55.6564149995066,-23.8959633007,0
                  -55.6568517771541,-23.8966089702079,0
                </coordinates>
              </LinearRing>
            </outerBoundaryIs>
          </Polygon>
          <Polygon>
            <outerBoundaryIs>
              <LinearRing>
                <coordinates>
                  -55.6572183003291,-23.8959100003707,0
                  -55.657409100185,-23.8962972005917,0
                  -55.6580631998723,-23.8959437005302,0
                  -55.6580719000757,-23.8956347004359,0
                  -55.6572183003291,-23.8959100003707,0
                </coordinates>
              </LinearRing>
            </outerBoundaryIs>
          </Polygon>
        </MultiGeometry>
      </Placemark>
      <Placemark id="Distrito_YPEJH__.5">
        <ExtendedData>
          <SchemaData schemaUrl="#Distrito_YPEJH__.schema">
            <SimpleData name="Cédula">5454015.00000000000</SimpleData>
            <SimpleData name="cedula">5454015</SimpleData>
            <SimpleData name="Cédula_1">5454015.00000000000</SimpleData>
            <SimpleData name="N_">115.00000000000</SimpleData>
            <SimpleData name="Nombres_y_">CELSA ROA BRITEZ</SimpleData>
            <SimpleData name="Sexo">Mujer</SimpleData>
            <SimpleData name="Cambio_de_">NO</SimpleData>
            <SimpleData name="Titular_se">NO</SimpleData>
            <SimpleData name="Cédula_Ti">NO</SimpleData>
            <SimpleData name="Situación">NO</SimpleData>
            <SimpleData name="Comunidad">Ind?gena</SimpleData>
            <SimpleData name="Modelo">Modelo 5</SimpleData>
            <SimpleData name="Departamen">CANINDEYU</SimpleData>
            <SimpleData name="Distrito">YPEJH?</SimpleData>
            <SimpleData name="Localidad">COM INDIG PYPUCU</SimpleData>
            <SimpleData name="Teléfono">0982821847</SimpleData>
            <SimpleData name="Vivienda_L">-23.91332270000</SimpleData>
            <SimpleData name="Vivienda_1">-55.64796690000</SimpleData>
            <SimpleData name="Superficie">0.70000000000</SimpleData>
            <SimpleData name="Situaci_1">Par?metro</SimpleData>
            <SimpleData name="Plantado">Si</SimpleData>
            <SimpleData name="Parcela_La">-23.91395976000</SimpleData>
            <SimpleData name="Parcela_Lo">-55.64773407000</SimpleData>
            <SimpleData name="Grupo_Impl">G2</SimpleData>
            <SimpleData name="Grupo_de_P">H-P6-XX-XX-XX</SimpleData>
            <SimpleData name="Jornales">0.00000000000</SimpleData>
            <SimpleData name="Monto">0.00000000000</SimpleData>
            <SimpleData name="ETAPA_FAO">Mantenimiento A?o 1.1</SimpleData>
            <SimpleData name="Estado_del">Activo</SimpleData>
            <SimpleData name="Empresa">Hyh Consultores SRL</SimpleData>
            <SimpleData name="Lote">H</SimpleData>
            <SimpleData name="Monitorear">Si</SimpleData>
            <SimpleData name="Fecha_de_M">-</SimpleData>
            <SimpleData name="F__de_pren">-</SimpleData>
            <SimpleData name="Estado_FAO">Monitorear</SimpleData>
            <SimpleData name="Etapa_de_i">Mantenimiento A?o 1.1</SimpleData>
            <SimpleData name="Fecha_visi">2026/10/03</SimpleData>
            <SimpleData name="Cumple_sup">Si</SimpleData>
            <SimpleData name="Estado_mon">-</SimpleData>
            <SimpleData name="Situaci_12">-</SimpleData>
            <SimpleData name="Observaci">-</SimpleData>
            <SimpleData name="Dias_trans">1.16922453704</SimpleData>
            <SimpleData name="Prioridad">ALTA</SimpleData>
            <SimpleData name="OBJECTID_1">115</SimpleData>
          </SchemaData>
        </ExtendedData>
        <Polygon>
          <outerBoundaryIs>
            <LinearRing>
              <coordinates>
                -55.6473199996174,-23.914143699641,0
                -55.6482144000502,-23.9144690999728,0
                -55.6483223001709,-23.9140592995954,0
                -55.6479362996916,-23.9138968998461,0
                -55.6479035998271,-23.9135820001656,0
                -55.6476074002449,-23.9134636997562,0
                -55.6473648002421,-23.9135142999943,0
                -55.6471834000128,-23.9139091003494,0
                -55.6473138001402,-23.914000099598,0
                -55.6473199996174,-23.914143699641,0
              </coordinates>
            </LinearRing>
          </outerBoundaryIs>
        </Polygon>
      </Placemark>
      <Placemark id="Distrito_YPEJH__.6">
        <ExtendedData>
          <SchemaData schemaUrl="#Distrito_YPEJH__.schema">
            <SimpleData name="Cédula">6747881.00000000000</SimpleData>
            <SimpleData name="cedula">6747881</SimpleData>
            <SimpleData name="Cédula_1">6747881.00000000000</SimpleData>
            <SimpleData name="N_">45.00000000000</SimpleData>
            <SimpleData name="Nombres_y_">ELENA GONZALEZ BENITEZ</SimpleData>
            <SimpleData name="Sexo">Mujer</SimpleData>
            <SimpleData name="Cambio_de_">NO</SimpleData>
            <SimpleData name="Titular_se">NO</SimpleData>
            <SimpleData name="Cédula_Ti">NO</SimpleData>
            <SimpleData name="Situación">NO</SimpleData>
            <SimpleData name="Comunidad">Ind?gena</SimpleData>
            <SimpleData name="Modelo">Modelo 1</SimpleData>
            <SimpleData name="Departamen">CANINDEYU</SimpleData>
            <SimpleData name="Distrito">YPEJH?</SimpleData>
            <SimpleData name="Localidad">COM INDIG NARANDAY</SimpleData>
            <SimpleData name="Teléfono">0982023126</SimpleData>
            <SimpleData name="Vivienda_L">-23.95324160000</SimpleData>
            <SimpleData name="Vivienda_1">-55.83361850000</SimpleData>
            <SimpleData name="Superficie">0.80000000000</SimpleData>
            <SimpleData name="Situaci_1">Pol?gono</SimpleData>
            <SimpleData name="Plantado">Si</SimpleData>
            <SimpleData name="Parcela_La">-23.94969296000</SimpleData>
            <SimpleData name="Parcela_Lo">-55.82709274000</SimpleData>
            <SimpleData name="Grupo_Impl">G2</SimpleData>
            <SimpleData name="Grupo_de_P">H-P5-XX-XX-XX</SimpleData>
            <SimpleData name="Jornales">0.00000000000</SimpleData>
            <SimpleData name="Monto">0.00000000000</SimpleData>
            <SimpleData name="ETAPA_FAO">Mantenimiento A?o 1.1</SimpleData>
            <SimpleData name="Estado_del">Activo</SimpleData>
            <SimpleData name="Empresa">Hyh Consultores SRL</SimpleData>
            <SimpleData name="Lote">H</SimpleData>
            <SimpleData name="Monitorear">No</SimpleData>
            <SimpleData name="Fecha_de_M">-</SimpleData>
            <SimpleData name="F__de_pren">-</SimpleData>
            <SimpleData name="Estado_FAO">Verificar posible desercion</SimpleData>
            <SimpleData name="Etapa_de_i">Mantenimiento A?o 1.1</SimpleData>
            <SimpleData name="Fecha_visi">2026/09/30</SimpleData>
            <SimpleData name="Cumple_sup">Si</SimpleData>
            <SimpleData name="Estado_mon">-</SimpleData>
            <SimpleData name="Situaci_12">-</SimpleData>
            <SimpleData name="Observaci">Falta de inter?s o no ve el beneficio;Parcela abandonada</SimpleData>
            <SimpleData name="Dias_trans">4.62687957176</SimpleData>
            <SimpleData name="Prioridad">ALTA</SimpleData>
            <SimpleData name="OBJECTID_1">45</SimpleData>
          </SchemaData>
        </ExtendedData>
        <Polygon>
          <outerBoundaryIs>
            <LinearRing>
              <coordinates>
                -55.8269465224466,-23.9494040018157,0
                -55.8265604002599,-23.9494859003765,0
                -55.8264150001587,-23.9500116996565,0
                -55.827543300095,-23.9500283005164,0
                -55.8277084829904,-23.9492567286548,0
                -55.8269465224466,-23.9494040018157,0
              </coordinates>
            </LinearRing>
          </outerBoundaryIs>
        </Polygon>
      </Placemark>
      <Placemark id="Distrito_YPEJH__.7">
        <ExtendedData>
          <SchemaData schemaUrl="#Distrito_YPEJH__.schema">
            <SimpleData name="Cédula">8089563.00000000000</SimpleData>
            <SimpleData name="cedula">8089563</SimpleData>
            <SimpleData name="Cédula_1">8089563.00000000000</SimpleData>
            <SimpleData name="N_">66.00000000000</SimpleData>
            <SimpleData name="Nombres_y_">ANTONIA GARCETE MARTINEZ</SimpleData>
            <SimpleData name="Sexo">Mujer</SimpleData>
            <SimpleData name="Cambio_de_">NO</SimpleData>
            <SimpleData name="Titular_se">NO</SimpleData>
            <SimpleData name="Cédula_Ti">NO</SimpleData>
            <SimpleData name="Situación">NO</SimpleData>
            <SimpleData name="Comunidad">Ind?gena</SimpleData>
            <SimpleData name="Modelo">Modelo 5</SimpleData>
            <SimpleData name="Departamen">CANINDEYU</SimpleData>
            <SimpleData name="Distrito">YPEJH?</SimpleData>
            <SimpleData name="Localidad"><![CDATA[COM INDIG KA'AGUY POTYRA]]></SimpleData>
            <SimpleData name="Teléfono">ND</SimpleData>
            <SimpleData name="Vivienda_L">-23.92983830000</SimpleData>
            <SimpleData name="Vivienda_1">-55.87092670000</SimpleData>
            <SimpleData name="Superficie">0.70000000000</SimpleData>
            <SimpleData name="Situaci_1">Pol?gono</SimpleData>
            <SimpleData name="Plantado">Si</SimpleData>
            <SimpleData name="Parcela_La">-23.92998800000</SimpleData>
            <SimpleData name="Parcela_Lo">-55.87213781000</SimpleData>
            <SimpleData name="Grupo_Impl">G2</SimpleData>
            <SimpleData name="Grupo_de_P">H-P7-XX-XX-XX</SimpleData>
            <SimpleData name="Jornales">0.00000000000</SimpleData>
            <SimpleData name="Monto">0.00000000000</SimpleData>
            <SimpleData name="ETAPA_FAO">Mantenimiento A?o 1.1</SimpleData>
            <SimpleData name="Estado_del">Activo</SimpleData>
            <SimpleData name="Empresa">Hyh Consultores SRL</SimpleData>
            <SimpleData name="Lote">H</SimpleData>
            <SimpleData name="Monitorear">No</SimpleData>
            <SimpleData name="Fecha_de_M">-</SimpleData>
            <SimpleData name="F__de_pren">-</SimpleData>
            <SimpleData name="Estado_FAO">Verificar posible desercion</SimpleData>
            <SimpleData name="Etapa_de_i">Mantenimiento A?o 1.1</SimpleData>
            <SimpleData name="Fecha_visi">2026/10/02</SimpleData>
            <SimpleData name="Cumple_sup">Si</SimpleData>
            <SimpleData name="Estado_mon">-</SimpleData>
            <SimpleData name="Situaci_12">-</SimpleData>
            <SimpleData name="Observaci">Falta de inter?s o no ve el beneficio;Parcela abandonada</SimpleData>
            <SimpleData name="Dias_trans">2.31302234954</SimpleData>
            <SimpleData name="Prioridad">ALTA</SimpleData>
            <SimpleData name="OBJECTID_1">66</SimpleData>
          </SchemaData>
        </ExtendedData>
        <Polygon>
          <outerBoundaryIs>
            <LinearRing>
              <coordinates>
                -55.8718216848024,-23.9294518206586,0
                -55.8718099996871,-23.9294532999681,0
                -55.8718975997495,-23.9305599999239,0
                -55.8719079616105,-23.9305587348691,0
                -55.8725117004954,-23.9304850004557,0
                -55.87232329978,-23.929388299932,0
                -55.8718216848024,-23.9294518206586,0
              </coordinates>
            </LinearRing>
          </outerBoundaryIs>
        </Polygon>
      </Placemark>
      <Placemark id="Distrito_YPEJH__.8">
        <ExtendedData>
          <SchemaData schemaUrl="#Distrito_YPEJH__.schema">
            <SimpleData name="Cédula">8419340.00000000000</SimpleData>
            <SimpleData name="cedula">8419340</SimpleData>
            <SimpleData name="Cédula_1">8419340.00000000000</SimpleData>
            <SimpleData name="N_">320.00000000000</SimpleData>
            <SimpleData name="Nombres_y_">NORMA LOPEZ BENITEZ</SimpleData>
            <SimpleData name="Sexo">Mujer</SimpleData>
            <SimpleData name="Cambio_de_">NO</SimpleData>
            <SimpleData name="Titular_se">NO</SimpleData>
            <SimpleData name="Cédula_Ti">NO</SimpleData>
            <SimpleData name="Situación">NO</SimpleData>
            <SimpleData name="Comunidad">Ind?gena</SimpleData>
            <SimpleData name="Modelo">Modelo 5</SimpleData>
            <SimpleData name="Departamen">CANINDEYU</SimpleData>
            <SimpleData name="Distrito">YPEJH?</SimpleData>
            <SimpleData name="Localidad">COM INDIG PYPUCU</SimpleData>
            <SimpleData name="Teléfono">0983405406</SimpleData>
            <SimpleData name="Vivienda_L">-23.89829830000</SimpleData>
            <SimpleData name="Vivienda_1">-55.64518500000</SimpleData>
            <SimpleData name="Superficie">0.70000000000</SimpleData>
            <SimpleData name="Situaci_1">Par?metro</SimpleData>
            <SimpleData name="Plantado">Si</SimpleData>
            <SimpleData name="Parcela_La">-23.89753079000</SimpleData>
            <SimpleData name="Parcela_Lo">-55.64577544000</SimpleData>
            <SimpleData name="Grupo_Impl">G2</SimpleData>
            <SimpleData name="Grupo_de_P">H-P6-XX-XX-XX</SimpleData>
            <SimpleData name="Jornales">0.00000000000</SimpleData>
            <SimpleData name="Monto">0.00000000000</SimpleData>
            <SimpleData name="ETAPA_FAO">Mantenimiento A?o 1.1</SimpleData>
            <SimpleData name="Estado_del">Activo</SimpleData>
            <SimpleData name="Empresa">Hyh Consultores SRL</SimpleData>
            <SimpleData name="Lote">H</SimpleData>
            <SimpleData name="Monitorear">Si</SimpleData>
            <SimpleData name="Fecha_de_M">-</SimpleData>
            <SimpleData name="F__de_pren">-</SimpleData>
            <SimpleData name="Estado_FAO">Monitorear</SimpleData>
            <SimpleData name="Etapa_de_i">Mantenimiento A?o 1.1</SimpleData>
            <SimpleData name="Fecha_visi">2026/10/03</SimpleData>
            <SimpleData name="Cumple_sup">Si</SimpleData>
            <SimpleData name="Estado_mon">-</SimpleData>
            <SimpleData name="Situaci_12">-</SimpleData>
            <SimpleData name="Observaci">-</SimpleData>
            <SimpleData name="Dias_trans">1.16942129630</SimpleData>
            <SimpleData name="Prioridad">ALTA</SimpleData>
            <SimpleData name="OBJECTID_1">320</SimpleData>
          </SchemaData>
        </ExtendedData>
        <Polygon>
          <outerBoundaryIs>
            <LinearRing>
              <coordinates>
                -55.6452338997455,-23.8979210001578,0
                -55.6458104996779,-23.8980936996988,0
                -55.646321400367,-23.8971589002865,0
                -55.6457336003622,-23.8969619000614,0
                -55.6452338997455,-23.8979210001578,0
              </coordinates>
            </LinearRing>
          </outerBoundaryIs>
        </Polygon>
      </Placemark>
      <Placemark id="Distrito_YPEJH__.9">
        <ExtendedData>
          <SchemaData schemaUrl="#Distrito_YPEJH__.schema">
            <SimpleData name="Cédula">5829383.00000000000</SimpleData>
            <SimpleData name="cedula">5829383</SimpleData>
            <SimpleData name="Cédula_1">5829383.00000000000</SimpleData>
            <SimpleData name="N_">141.00000000000</SimpleData>
            <SimpleData name="Nombres_y_">NICOLASA BENITEZ</SimpleData>
            <SimpleData name="Sexo">Mujer</SimpleData>
            <SimpleData name="Cambio_de_">NO</SimpleData>
            <SimpleData name="Titular_se">NO</SimpleData>
            <SimpleData name="Cédula_Ti">NO</SimpleData>
            <SimpleData name="Situación">NO</SimpleData>
            <SimpleData name="Comunidad">Ind?gena</SimpleData>
            <SimpleData name="Modelo">Modelo 5</SimpleData>
            <SimpleData name="Departamen">CANINDEYU</SimpleData>
            <SimpleData name="Distrito">YPEJH?</SimpleData>
            <SimpleData name="Localidad">COM INDIG ITANARA-PARIRI</SimpleData>
            <SimpleData name="Teléfono">0986705917</SimpleData>
            <SimpleData name="Vivienda_L">-23.83862960000</SimpleData>
            <SimpleData name="Vivienda_1">-55.68903370000</SimpleData>
            <SimpleData name="Superficie">0.70000000000</SimpleData>
            <SimpleData name="Situaci_1">Par?metro</SimpleData>
            <SimpleData name="Plantado">Si</SimpleData>
            <SimpleData name="Parcela_La">-23.83979453000</SimpleData>
            <SimpleData name="Parcela_Lo">-55.69010629000</SimpleData>
            <SimpleData name="Grupo_Impl">G2</SimpleData>
            <SimpleData name="Grupo_de_P">H-P8-XX-XX-XX</SimpleData>
            <SimpleData name="Jornales">0.00000000000</SimpleData>
            <SimpleData name="Monto">0.00000000000</SimpleData>
            <SimpleData name="ETAPA_FAO">Mantenimiento A?o 1.1</SimpleData>
            <SimpleData name="Estado_del">Activo</SimpleData>
            <SimpleData name="Empresa">Hyh Consultores SRL</SimpleData>
            <SimpleData name="Lote">H</SimpleData>
            <SimpleData name="Monitorear">Si</SimpleData>
            <SimpleData name="Fecha_de_M">-</SimpleData>
            <SimpleData name="F__de_pren">-</SimpleData>
            <SimpleData name="Estado_FAO">Monitorear</SimpleData>
            <SimpleData name="Etapa_de_i">Mantenimiento A?o 1.1</SimpleData>
            <SimpleData name="Fecha_visi">2026/09/07</SimpleData>
            <SimpleData name="Cumple_sup">Si</SimpleData>
            <SimpleData name="Estado_mon">-</SimpleData>
            <SimpleData name="Situaci_12">-</SimpleData>
            <SimpleData name="Observaci">-</SimpleData>
            <SimpleData name="Dias_trans">27.51660879630</SimpleData>
            <SimpleData name="Prioridad">ALTA</SimpleData>
            <SimpleData name="OBJECTID_1">141</SimpleData>
          </SchemaData>
        </ExtendedData>
        <Polygon>
          <outerBoundaryIs>
            <LinearRing>
              <coordinates>
                -55.6900915325847,-23.8404674236856,0
                -55.6900899998054,-23.8404650003142,0
                -55.690355200147,-23.8397603998346,0
                -55.690418587313,-23.8397147772528,0
                -55.6904501997343,-23.8396024001823,0
                -55.6904914993132,-23.8393917004716,0
                -55.6905249796475,-23.8393352629613,0
                -55.6905625000343,-23.8390188996288,0
                -55.6904649999953,-23.8389316997299,0
                -55.6903314996746,-23.8389150997329,0
                -55.6903266850278,-23.8388851900861,0
                -55.6902502999068,-23.8389292003313,0
                -55.6898632999744,-23.840003300189,0
                -55.6896305991868,-23.840218699987,0
                -55.6894999996344,-23.8402952999429,0
                -55.6895572992575,-23.84045850015,0
                -55.6896276996071,-23.8405356003186,0
                -55.6897327999776,-23.8406242001479,0
                -55.6898904990887,-23.8404339998612,0
                -55.6900657993352,-23.8405212005184,0
                -55.6900915325847,-23.8404674236856,0
              </coordinates>
            </LinearRing>
          </outerBoundaryIs>
        </Polygon>
      </Placemark>
      <Placemark id="Distrito_YPEJH__.10">
        <ExtendedData>
          <SchemaData schemaUrl="#Distrito_YPEJH__.schema">
            <SimpleData name="Cédula">8078026.00000000000</SimpleData>
            <SimpleData name="cedula">8078026</SimpleData>
            <SimpleData name="Cédula_1">8078026.00000000000</SimpleData>
            <SimpleData name="N_">61.00000000000</SimpleData>
            <SimpleData name="Nombres_y_">VICTOR ESPINOLA OCAMPO</SimpleData>
            <SimpleData name="Sexo">Hombre</SimpleData>
            <SimpleData name="Cambio_de_">NO</SimpleData>
            <SimpleData name="Titular_se">NO</SimpleData>
            <SimpleData name="Cédula_Ti">NO</SimpleData>
            <SimpleData name="Situación">NO</SimpleData>
            <SimpleData name="Comunidad">Ind?gena</SimpleData>
            <SimpleData name="Modelo">Modelo 5</SimpleData>
            <SimpleData name="Departamen">CANINDEYU</SimpleData>
            <SimpleData name="Distrito">YPEJH?</SimpleData>
            <SimpleData name="Localidad">COM INDIG YVY KATU</SimpleData>
            <SimpleData name="Teléfono">0985637513</SimpleData>
            <SimpleData name="Vivienda_L">-23.96981620000</SimpleData>
            <SimpleData name="Vivienda_1">-55.85892080000</SimpleData>
            <SimpleData name="Superficie">0.70000000000</SimpleData>
            <SimpleData name="Situaci_1">Par?metro</SimpleData>
            <SimpleData name="Plantado">Si</SimpleData>
            <SimpleData name="Parcela_La">-23.96577130000</SimpleData>
            <SimpleData name="Parcela_Lo">-55.85968949000</SimpleData>
            <SimpleData name="Grupo_Impl">G2</SimpleData>
            <SimpleData name="Grupo_de_P">H-P7-XX-XX-XX</SimpleData>
            <SimpleData name="Jornales">0.00000000000</SimpleData>
            <SimpleData name="Monto">0.00000000000</SimpleData>
            <SimpleData name="ETAPA_FAO">Mantenimiento A?o 1.1</SimpleData>
            <SimpleData name="Estado_del">Activo</SimpleData>
            <SimpleData name="Empresa">Hyh Consultores SRL</SimpleData>
            <SimpleData name="Lote">H</SimpleData>
            <SimpleData name="Monitorear">No</SimpleData>
            <SimpleData name="Fecha_de_M">-</SimpleData>
            <SimpleData name="F__de_pren">-</SimpleData>
            <SimpleData name="Estado_FAO">Verificar posible desercion</SimpleData>
            <SimpleData name="Etapa_de_i">Mantenimiento A?o 1.1</SimpleData>
            <SimpleData name="Fecha_visi">2026/09/04</SimpleData>
            <SimpleData name="Cumple_sup">Si</SimpleData>
            <SimpleData name="Estado_mon">-</SimpleData>
            <SimpleData name="Situaci_12">-</SimpleData>
            <SimpleData name="Observaci">Migraci?n o cambio de residencia;Parcela abandonada, participante se mudo a otra comunidad</SimpleData>
            <SimpleData name="Dias_trans">30.30917315970</SimpleData>
            <SimpleData name="Prioridad">ALTA</SimpleData>
            <SimpleData name="OBJECTID_1">61</SimpleData>
          </SchemaData>
        </ExtendedData>
        <Polygon>
          <outerBoundaryIs>
            <LinearRing>
              <coordinates>
                -55.8593119999557,-23.9653448997358,0
                -55.8593699999533,-23.9663135003635,0
                -55.8602082999055,-23.9660183000887,0
                -55.8598799998837,-23.9652749998674,0
                -55.8593119999557,-23.9653448997358,0
              </coordinates>
            </LinearRing>
          </outerBoundaryIs>
        </Polygon>
      </Placemark>
      <Placemark id="Distrito_YPEJH__.11">
        <ExtendedData>
          <SchemaData schemaUrl="#Distrito_YPEJH__.schema">
            <SimpleData name="Cédula">7288245.00000000000</SimpleData>
            <SimpleData name="cedula">7288245</SimpleData>
            <SimpleData name="Cédula_1">7288245.00000000000</SimpleData>
            <SimpleData name="N_">310.00000000000</SimpleData>
            <SimpleData name="Nombres_y_">NILSA ROA BRITEZ</SimpleData>
            <SimpleData name="Sexo">Mujer</SimpleData>
            <SimpleData name="Cambio_de_">NO</SimpleData>
            <SimpleData name="Titular_se">NO</SimpleData>
            <SimpleData name="Cédula_Ti">NO</SimpleData>
            <SimpleData name="Situación">NO</SimpleData>
            <SimpleData name="Comunidad">Ind?gena</SimpleData>
            <SimpleData name="Modelo">Modelo 5</SimpleData>
            <SimpleData name="Departamen">CANINDEYU</SimpleData>
            <SimpleData name="Distrito">YPEJH?</SimpleData>
            <SimpleData name="Localidad">COM INDIG PYPUCU</SimpleData>
            <SimpleData name="Teléfono">ND</SimpleData>
            <SimpleData name="Vivienda_L">-23.91181110000</SimpleData>
            <SimpleData name="Vivienda_1">-55.64301950000</SimpleData>
            <SimpleData name="Superficie">0.70000000000</SimpleData>
            <SimpleData name="Situaci_1">Par?metro</SimpleData>
            <SimpleData name="Plantado">Si</SimpleData>
            <SimpleData name="Parcela_La">-23.91198134000</SimpleData>
            <SimpleData name="Parcela_Lo">-55.64307638000</SimpleData>
            <SimpleData name="Grupo_Impl">G2</SimpleData>
            <SimpleData name="Grupo_de_P">H-P8-XX-XX-XX</SimpleData>
            <SimpleData name="Jornales">0.00000000000</SimpleData>
            <SimpleData name="Monto">0.00000000000</SimpleData>
            <SimpleData name="ETAPA_FAO">Mantenimiento A?o 1.1</SimpleData>
            <SimpleData name="Estado_del">Activo</SimpleData>
            <SimpleData name="Empresa">Hyh Consultores SRL</SimpleData>
            <SimpleData name="Lote">H</SimpleData>
            <SimpleData name="Monitorear">Si</SimpleData>
            <SimpleData name="Fecha_de_M">-</SimpleData>
            <SimpleData name="F__de_pren">-</SimpleData>
            <SimpleData name="Estado_FAO">Monitorear</SimpleData>
            <SimpleData name="Etapa_de_i">Mantenimiento A?o 1.1</SimpleData>
            <SimpleData name="Fecha_visi">2026/10/03</SimpleData>
            <SimpleData name="Cumple_sup">Si</SimpleData>
            <SimpleData name="Estado_mon">-</SimpleData>
            <SimpleData name="Situaci_12">-</SimpleData>
            <SimpleData name="Observaci">-</SimpleData>
            <SimpleData name="Dias_trans">1.26298611111</SimpleData>
            <SimpleData name="Prioridad">ALTA</SimpleData>
            <SimpleData name="OBJECTID_1">310</SimpleData>
          </SchemaData>
        </ExtendedData>
        <Polygon>
          <outerBoundaryIs>
            <LinearRing>
              <coordinates>
                -55.642741699274,-23.9125366998381,0
                -55.6430258003416,-23.9127389999014,0
                -55.6435185003657,-23.9116587003275,0
                -55.6434425004236,-23.9115771003665,0
                -55.6430132993848,-23.9113106009542,0
                -55.6429525997947,-23.9113820008442,0
                -55.6428821000341,-23.9114984007645,0
                -55.642741699274,-23.9125366998381,0
              </coordinates>
            </LinearRing>
          </outerBoundaryIs>
        </Polygon>
      </Placemark>
      <Placemark id="Distrito_YPEJH__.12">
        <ExtendedData>
          <SchemaData schemaUrl="#Distrito_YPEJH__.schema">
            <SimpleData name="Cédula">6757505.00000000000</SimpleData>
            <SimpleData name="cedula">6757505</SimpleData>
            <SimpleData name="Cédula_1">6757505.00000000000</SimpleData>
            <SimpleData name="N_">221.00000000000</SimpleData>
            <SimpleData name="Nombres_y_">VIDALINA AQUINO RECALDE</SimpleData>
            <SimpleData name="Sexo">Mujer</SimpleData>
            <SimpleData name="Cambio_de_">NO</SimpleData>
            <SimpleData name="Titular_se">NO</SimpleData>
            <SimpleData name="Cédula_Ti">NO</SimpleData>
            <SimpleData name="Situación">NO</SimpleData>
            <SimpleData name="Comunidad">Ind?gena</SimpleData>
            <SimpleData name="Modelo">Modelo 2</SimpleData>
            <SimpleData name="Departamen">CANINDEYU</SimpleData>
            <SimpleData name="Distrito">YPEJH?</SimpleData>
            <SimpleData name="Localidad">COM INDIG ITANARA-PARIRI</SimpleData>
            <SimpleData name="Teléfono">0984185421</SimpleData>
            <SimpleData name="Vivienda_L">-23.86714330000</SimpleData>
            <SimpleData name="Vivienda_1">-55.69413330000</SimpleData>
            <SimpleData name="Superficie">0.80000000000</SimpleData>
            <SimpleData name="Situaci_1">Par?metro</SimpleData>
            <SimpleData name="Plantado">Si</SimpleData>
            <SimpleData name="Parcela_La">-23.86625117000</SimpleData>
            <SimpleData name="Parcela_Lo">-55.69416186000</SimpleData>
            <SimpleData name="Grupo_Impl">G2</SimpleData>
            <SimpleData name="Grupo_de_P">H-P8-XX-XX-XX</SimpleData>
            <SimpleData name="Jornales">0.00000000000</SimpleData>
            <SimpleData name="Monto">0.00000000000</SimpleData>
            <SimpleData name="ETAPA_FAO">Mantenimiento A?o 1.1</SimpleData>
            <SimpleData name="Estado_del">Activo</SimpleData>
            <SimpleData name="Empresa">Hyh Consultores SRL</SimpleData>
            <SimpleData name="Lote">H</SimpleData>
            <SimpleData name="Monitorear">Si</SimpleData>
            <SimpleData name="Fecha_de_M">-</SimpleData>
            <SimpleData name="F__de_pren">-</SimpleData>
            <SimpleData name="Estado_FAO">Monitorear</SimpleData>
            <SimpleData name="Etapa_de_i">Mantenimiento A?o 1.1</SimpleData>
            <SimpleData name="Fecha_visi">2026/08/31</SimpleData>
            <SimpleData name="Cumple_sup">Si</SimpleData>
            <SimpleData name="Estado_mon">-</SimpleData>
            <SimpleData name="Situaci_12">-</SimpleData>
            <SimpleData name="Observaci">-</SimpleData>
            <SimpleData name="Dias_trans">34.43275462960</SimpleData>
            <SimpleData name="Prioridad">ALTA</SimpleData>
            <SimpleData name="OBJECTID_1">221</SimpleData>
          </SchemaData>
        </ExtendedData>
        <Polygon>
          <outerBoundaryIs>
            <LinearRing>
              <coordinates>
                -55.693714999993,-23.8665194999158,0
                -55.6937672002116,-23.8666705007245,0
                -55.6940263005837,-23.8666097998547,0
                -55.694143099783,-23.8665639005916,0
                -55.6943479992328,-23.8668880011829,0
                -55.694602200458,-23.8668377001816,0
                -55.6945759999384,-23.8666081999085,0
                -55.6945718002496,-23.8659816006846,0
                -55.6945498005849,-23.8657866998137,0
                -55.6943147003315,-23.8657792009487,0
                -55.6940503999457,-23.8657566009877,0
                -55.6938595003813,-23.8657430996676,0
                -55.693676099793,-23.8659214003595,0
                -55.6936869998527,-23.8661525996701,0
                -55.6936851000296,-23.8662157002001,0
                -55.693714999993,-23.8665194999158,0
              </coordinates>
            </LinearRing>
          </outerBoundaryIs>
        </Polygon>
      </Placemark>
      <Placemark id="Distrito_YPEJH__.13">
        <ExtendedData>
          <SchemaData schemaUrl="#Distrito_YPEJH__.schema">
            <SimpleData name="Cédula">5885677.00000000000</SimpleData>
            <SimpleData name="cedula">5885677</SimpleData>
            <SimpleData name="Cédula_1">5885677.00000000000</SimpleData>
            <SimpleData name="N_">149.00000000000</SimpleData>
            <SimpleData name="Nombres_y_">OLIVA AQUINO BENITEZ</SimpleData>
            <SimpleData name="Sexo">Mujer</SimpleData>
            <SimpleData name="Cambio_de_">NO</SimpleData>
            <SimpleData name="Titular_se">NO</SimpleData>
            <SimpleData name="Cédula_Ti">NO</SimpleData>
            <SimpleData name="Situación">NO</SimpleData>
            <SimpleData name="Comunidad">Ind?gena</SimpleData>
            <SimpleData name="Modelo">Modelo 5</SimpleData>
            <SimpleData name="Departamen">CANINDEYU</SimpleData>
            <SimpleData name="Distrito">YPEJH?</SimpleData>
            <SimpleData name="Localidad">COM INDIG ITANARA-PARIRI</SimpleData>
            <SimpleData name="Teléfono">ND</SimpleData>
            <SimpleData name="Vivienda_L">-23.86134470000</SimpleData>
            <SimpleData name="Vivienda_1">-55.69824780000</SimpleData>
            <SimpleData name="Superficie">0.70000000000</SimpleData>
            <SimpleData name="Situaci_1">Par?metro</SimpleData>
            <SimpleData name="Plantado">Si</SimpleData>
            <SimpleData name="Parcela_La">-23.86221027000</SimpleData>
            <SimpleData name="Parcela_Lo">-55.69881247000</SimpleData>
            <SimpleData name="Grupo_Impl">G2</SimpleData>
            <SimpleData name="Grupo_de_P">H-P7-XX-XX-XX</SimpleData>
            <SimpleData name="Jornales">0.00000000000</SimpleData>
            <SimpleData name="Monto">0.00000000000</SimpleData>
            <SimpleData name="ETAPA_FAO">Mantenimiento A?o 1.1</SimpleData>
            <SimpleData name="Estado_del">Activo</SimpleData>
            <SimpleData name="Empresa">Hyh Consultores SRL</SimpleData>
            <SimpleData name="Lote">H</SimpleData>
            <SimpleData name="Monitorear">Si</SimpleData>
            <SimpleData name="Fecha_de_M">-</SimpleData>
            <SimpleData name="F__de_pren">-</SimpleData>
            <SimpleData name="Estado_FAO">Monitorear</SimpleData>
            <SimpleData name="Etapa_de_i">Mantenimiento A?o 1.1</SimpleData>
            <SimpleData name="Fecha_visi">2026/10/05</SimpleData>
            <SimpleData name="Cumple_sup">Si</SimpleData>
            <SimpleData name="Estado_mon">-</SimpleData>
            <SimpleData name="Situaci_12">-</SimpleData>
            <SimpleData name="Observaci">-</SimpleData>
            <SimpleData name="Dias_trans">-0.05900462963</SimpleData>
            <SimpleData name="Prioridad">ALTA</SimpleData>
            <SimpleData name="OBJECTID_1">149</SimpleData>
          </SchemaData>
        </ExtendedData>
        <Polygon>
          <outerBoundaryIs>
            <LinearRing>
              <coordinates>
                -55.6983248996594,-23.8619797999006,0
                -55.6983674000032,-23.8626468000379,0
                -55.6992693003862,-23.8625068003471,0
                -55.6992416995594,-23.8617232996419,0
                -55.6983248996594,-23.8619797999006,0
              </coordinates>
            </LinearRing>
          </outerBoundaryIs>
        </Polygon>
      </Placemark>
      <Placemark id="Distrito_YPEJH__.14">
        <ExtendedData>
          <SchemaData schemaUrl="#Distrito_YPEJH__.schema">
            <SimpleData name="Cédula">5453941.00000000000</SimpleData>
            <SimpleData name="cedula">5453941</SimpleData>
            <SimpleData name="Cédula_1">5453941.00000000000</SimpleData>
            <SimpleData name="N_">112.00000000000</SimpleData>
            <SimpleData name="Nombres_y_">FLORINDA RAMIREZ NU?EZ</SimpleData>
            <SimpleData name="Sexo">Mujer</SimpleData>
            <SimpleData name="Cambio_de_">NO</SimpleData>
            <SimpleData name="Titular_se">NO</SimpleData>
            <SimpleData name="Cédula_Ti">NO</SimpleData>
            <SimpleData name="Situación">NO</SimpleData>
            <SimpleData name="Comunidad">Ind?gena</SimpleData>
            <SimpleData name="Modelo">Modelo 5</SimpleData>
            <SimpleData name="Departamen">CANINDEYU</SimpleData>
            <SimpleData name="Distrito">YPEJH?</SimpleData>
            <SimpleData name="Localidad">COM INDIG ITANARA-PARIRI</SimpleData>
            <SimpleData name="Teléfono">0984460385</SimpleData>
            <SimpleData name="Vivienda_L">-23.86632170000</SimpleData>
            <SimpleData name="Vivienda_1">-55.69766500000</SimpleData>
            <SimpleData name="Superficie">0.70000000000</SimpleData>
            <SimpleData name="Situaci_1">Par?metro</SimpleData>
            <SimpleData name="Plantado">Si</SimpleData>
            <SimpleData name="Parcela_La">-23.86689412000</SimpleData>
            <SimpleData name="Parcela_Lo">-55.69722468000</SimpleData>
            <SimpleData name="Grupo_Impl">G2</SimpleData>
            <SimpleData name="Grupo_de_P">H-P8-XX-XX-XX</SimpleData>
            <SimpleData name="Jornales">0.00000000000</SimpleData>
            <SimpleData name="Monto">0.00000000000</SimpleData>
            <SimpleData name="ETAPA_FAO">Mantenimiento A?o 1.1</SimpleData>
            <SimpleData name="Estado_del">Activo</SimpleData>
            <SimpleData name="Empresa">Hyh Consultores SRL</SimpleData>
            <SimpleData name="Lote">H</SimpleData>
            <SimpleData name="Monitorear">Si</SimpleData>
            <SimpleData name="Fecha_de_M">-</SimpleData>
            <SimpleData name="F__de_pren">-</SimpleData>
            <SimpleData name="Estado_FAO">Monitorear</SimpleData>
            <SimpleData name="Etapa_de_i">Mantenimiento A?o 1.1</SimpleData>
            <SimpleData name="Fecha_visi">2026/09/28</SimpleData>
            <SimpleData name="Cumple_sup">Si</SimpleData>
            <SimpleData name="Estado_mon">-</SimpleData>
            <SimpleData name="Situaci_12">-</SimpleData>
            <SimpleData name="Observaci">-</SimpleData>
            <SimpleData name="Dias_trans">6.05140046297</SimpleData>
            <SimpleData name="Prioridad">ALTA</SimpleData>
            <SimpleData name="OBJECTID_1">112</SimpleData>
          </SchemaData>
        </ExtendedData>
        <Polygon>
          <outerBoundaryIs>
            <LinearRing>
              <coordinates>
                -55.6972075996256,-23.8673950001833,0
                -55.6973063000489,-23.8674350004426,0
                -55.6978821003749,-23.8670240003468,0
                -55.6972216999227,-23.8663967999986,0
                -55.6970243999379,-23.8663586998051,0
                -55.696852200394,-23.8665469997245,0
                -55.6966378000305,-23.8667508003594,0
                -55.6966842000899,-23.8668659998149,0
                -55.6967980999355,-23.8670066001085,0
                -55.6970500996343,-23.8672466999186,0
                -55.6972075996256,-23.8673950001833,0
              </coordinates>
            </LinearRing>
          </outerBoundaryIs>
        </Polygon>
      </Placemark>
      <Placemark id="Distrito_YPEJH__.15">
        <ExtendedData>
          <SchemaData schemaUrl="#Distrito_YPEJH__.schema">
            <SimpleData name="Cédula">6954209.00000000000</SimpleData>
            <SimpleData name="cedula">6954209</SimpleData>
            <SimpleData name="Cédula_1">6954209.00000000000</SimpleData>
            <SimpleData name="N_">40.00000000000</SimpleData>
            <SimpleData name="Nombres_y_">MARIBEL AGUILAR ALEGRE</SimpleData>
            <SimpleData name="Sexo">Mujer</SimpleData>
            <SimpleData name="Cambio_de_">NO</SimpleData>
            <SimpleData name="Titular_se">NO</SimpleData>
            <SimpleData name="Cédula_Ti">NO</SimpleData>
            <SimpleData name="Situación">NO</SimpleData>
            <SimpleData name="Comunidad">Campesina</SimpleData>
            <SimpleData name="Modelo">Modelo 4</SimpleData>
            <SimpleData name="Departamen">CANINDEYU</SimpleData>
            <SimpleData name="Distrito">YPEJH?</SimpleData>
            <SimpleData name="Localidad">SAN JUAN</SimpleData>
            <SimpleData name="Teléfono">0976862256</SimpleData>
            <SimpleData name="Vivienda_L">-23.87285870000</SimpleData>
            <SimpleData name="Vivienda_1">-55.44796250000</SimpleData>
            <SimpleData name="Superficie">0.70000000000</SimpleData>
            <SimpleData name="Situaci_1">Pol?gono</SimpleData>
            <SimpleData name="Plantado">Si</SimpleData>
            <SimpleData name="Parcela_La">-23.87353843000</SimpleData>
            <SimpleData name="Parcela_Lo">-55.45108936000</SimpleData>
            <SimpleData name="Grupo_Impl">G2</SimpleData>
            <SimpleData name="Grupo_de_P">H-P5-XX-XX-XX</SimpleData>
            <SimpleData name="Jornales">0.00000000000</SimpleData>
            <SimpleData name="Monto">0.00000000000</SimpleData>
            <SimpleData name="ETAPA_FAO">Mantenimiento A?o 1.1</SimpleData>
            <SimpleData name="Estado_del">Activo</SimpleData>
            <SimpleData name="Empresa">Hyh Consultores SRL</SimpleData>
            <SimpleData name="Lote">H</SimpleData>
            <SimpleData name="Monitorear">No</SimpleData>
            <SimpleData name="Fecha_de_M">-</SimpleData>
            <SimpleData name="F__de_pren">-</SimpleData>
            <SimpleData name="Estado_FAO">Monitorear</SimpleData>
            <SimpleData name="Etapa_de_i">Mantenimiento A?o 1.1</SimpleData>
            <SimpleData name="Fecha_visi">2026/09/07</SimpleData>
            <SimpleData name="Cumple_sup">Si</SimpleData>
            <SimpleData name="Estado_mon">-</SimpleData>
            <SimpleData name="Situaci_12">-</SimpleData>
            <SimpleData name="Observaci">-</SimpleData>
            <SimpleData name="Dias_trans">27.51057870370</SimpleData>
            <SimpleData name="Prioridad">ALTA</SimpleData>
            <SimpleData name="OBJECTID_1">40</SimpleData>
          </SchemaData>
        </ExtendedData>
        <Polygon>
          <outerBoundaryIs>
            <LinearRing>
              <coordinates>
                -55.4507367005295,-23.8730366994911,0
                -55.4508067003613,-23.8740833000903,0
                -55.4515016998091,-23.8739232996003,0
                -55.4513433003857,-23.8730533000846,0
                -55.4507367005295,-23.8730366994911,0
              </coordinates>
            </LinearRing>
          </outerBoundaryIs>
        </Polygon>
      </Placemark>
      <Placemark id="Distrito_YPEJH__.16">
        <ExtendedData>
          <SchemaData schemaUrl="#Distrito_YPEJH__.schema">
            <SimpleData name="Cédula">5885617.00000000000</SimpleData>
            <SimpleData name="cedula">5885617</SimpleData>
            <SimpleData name="Cédula_1">5885617.00000000000</SimpleData>
            <SimpleData name="N_">145.00000000000</SimpleData>
            <SimpleData name="Nombres_y_">NILDA AQUINO GONZALEZ</SimpleData>
            <SimpleData name="Sexo">Mujer</SimpleData>
            <SimpleData name="Cambio_de_">NO</SimpleData>
            <SimpleData name="Titular_se">NO</SimpleData>
            <SimpleData name="Cédula_Ti">NO</SimpleData>
            <SimpleData name="Situación">NO</SimpleData>
            <SimpleData name="Comunidad">Ind?gena</SimpleData>
            <SimpleData name="Modelo">Modelo 5</SimpleData>
            <SimpleData name="Departamen">CANINDEYU</SimpleData>
            <SimpleData name="Distrito">YPEJH?</SimpleData>
            <SimpleData name="Localidad">COM INDIG PYPUCU</SimpleData>
            <SimpleData name="Teléfono">ND</SimpleData>
            <SimpleData name="Vivienda_L">-23.89579040000</SimpleData>
            <SimpleData name="Vivienda_1">-55.66255330000</SimpleData>
            <SimpleData name="Superficie">0.70000000000</SimpleData>
            <SimpleData name="Situaci_1">Par?metro</SimpleData>
            <SimpleData name="Plantado">Si</SimpleData>
            <SimpleData name="Parcela_La">-23.89650749000</SimpleData>
            <SimpleData name="Parcela_Lo">-55.66295596000</SimpleData>
            <SimpleData name="Grupo_Impl">G2</SimpleData>
            <SimpleData name="Grupo_de_P">H-P7-XX-XX-XX</SimpleData>
            <SimpleData name="Jornales">0.00000000000</SimpleData>
            <SimpleData name="Monto">0.00000000000</SimpleData>
            <SimpleData name="ETAPA_FAO">Mantenimiento A?o 1.1</SimpleData>
            <SimpleData name="Estado_del">Activo</SimpleData>
            <SimpleData name="Empresa">Hyh Consultores SRL</SimpleData>
            <SimpleData name="Lote">H</SimpleData>
            <SimpleData name="Monitorear">Si</SimpleData>
            <SimpleData name="Fecha_de_M">-</SimpleData>
            <SimpleData name="F__de_pren">-</SimpleData>
            <SimpleData name="Estado_FAO">Monitorear</SimpleData>
            <SimpleData name="Etapa_de_i">Mantenimiento A?o 1.1</SimpleData>
            <SimpleData name="Fecha_visi">2026/10/01</SimpleData>
            <SimpleData name="Cumple_sup">Si</SimpleData>
            <SimpleData name="Estado_mon">-</SimpleData>
            <SimpleData name="Situaci_12">-</SimpleData>
            <SimpleData name="Observaci">-</SimpleData>
            <SimpleData name="Dias_trans">3.45403935185</SimpleData>
            <SimpleData name="Prioridad">ALTA</SimpleData>
            <SimpleData name="OBJECTID_1">145</SimpleData>
          </SchemaData>
        </ExtendedData>
        <Polygon>
          <outerBoundaryIs>
            <LinearRing>
              <coordinates>
                -55.6634176424789,-23.8964709862879,0
                -55.6634576080461,-23.8964370320933,0
                -55.663459999992,-23.8964350001896,0
                -55.6636033004532,-23.8963000002675,0
                -55.6636799996531,-23.8961849999366,0
                -55.663339999693,-23.8960566997056,0
                -55.6631450001107,-23.8960816998555,0
                -55.6629233004599,-23.8961783000167,0
                -55.6626517002604,-23.8964232998877,0
                -55.6622399996164,-23.8968249995692,0
                -55.6622333000761,-23.8969467001118,0
                -55.6624700000014,-23.897063300146,0
                -55.6626266996465,-23.8966783004042,0
                -55.6628617004377,-23.8969432999466,0
                -55.6634176424789,-23.8964709862879,0
              </coordinates>
            </LinearRing>
          </outerBoundaryIs>
        </Polygon>
      </Placemark>
      <Placemark id="Distrito_YPEJH__.17">
        <ExtendedData>
          <SchemaData schemaUrl="#Distrito_YPEJH__.schema">
            <SimpleData name="Cédula">4552818.00000000000</SimpleData>
            <SimpleData name="cedula">4552818</SimpleData>
            <SimpleData name="Cédula_1">4552818.00000000000</SimpleData>
            <SimpleData name="N_">39.00000000000</SimpleData>
            <SimpleData name="Nombres_y_">SERGIA PERALTA</SimpleData>
            <SimpleData name="Sexo">Mujer</SimpleData>
            <SimpleData name="Cambio_de_">NO</SimpleData>
            <SimpleData name="Titular_se">NO</SimpleData>
            <SimpleData name="Cédula_Ti">NO</SimpleData>
            <SimpleData name="Situación">NO</SimpleData>
            <SimpleData name="Comunidad">Ind?gena</SimpleData>
            <SimpleData name="Modelo">Modelo 5</SimpleData>
            <SimpleData name="Departamen">CANINDEYU</SimpleData>
            <SimpleData name="Distrito">YPEJH?</SimpleData>
            <SimpleData name="Localidad">COM INDIG PYPUCU</SimpleData>
            <SimpleData name="Teléfono">0983884886</SimpleData>
            <SimpleData name="Vivienda_L">-23.92304330000</SimpleData>
            <SimpleData name="Vivienda_1">-55.63800330000</SimpleData>
            <SimpleData name="Superficie">0.70000000000</SimpleData>
            <SimpleData name="Situaci_1">Par?metro</SimpleData>
            <SimpleData name="Plantado">Si</SimpleData>
            <SimpleData name="Parcela_La">-23.92431144000</SimpleData>
            <SimpleData name="Parcela_Lo">-55.63756267000</SimpleData>
            <SimpleData name="Grupo_Impl">G2</SimpleData>
            <SimpleData name="Grupo_de_P">H-P7-XX-XX-XX</SimpleData>
            <SimpleData name="Jornales">0.00000000000</SimpleData>
            <SimpleData name="Monto">0.00000000000</SimpleData>
            <SimpleData name="ETAPA_FAO">Mantenimiento A?o 1.1</SimpleData>
            <SimpleData name="Estado_del">Activo</SimpleData>
            <SimpleData name="Empresa">Hyh Consultores SRL</SimpleData>
            <SimpleData name="Lote">H</SimpleData>
            <SimpleData name="Monitorear">Si</SimpleData>
            <SimpleData name="Fecha_de_M">-</SimpleData>
            <SimpleData name="F__de_pren">-</SimpleData>
            <SimpleData name="Estado_FAO">Monitorear</SimpleData>
            <SimpleData name="Etapa_de_i">Mantenimiento A?o 1.1</SimpleData>
            <SimpleData name="Fecha_visi">2026/09/29</SimpleData>
            <SimpleData name="Cumple_sup">Si</SimpleData>
            <SimpleData name="Estado_mon">-</SimpleData>
            <SimpleData name="Situaci_12">-</SimpleData>
            <SimpleData name="Observaci">-</SimpleData>
            <SimpleData name="Dias_trans">5.16246527778</SimpleData>
            <SimpleData name="Prioridad">ALTA</SimpleData>
            <SimpleData name="OBJECTID_1">39</SimpleData>
          </SchemaData>
        </ExtendedData>
        <Polygon>
          <outerBoundaryIs>
            <LinearRing>
              <coordinates>
                -55.6370147005259,-23.9239339998286,0
                -55.6376611998798,-23.9249522004287,0
                -55.6381186002159,-23.9246739999532,0
                -55.6374424000973,-23.9236662003156,0
                -55.6370147005259,-23.9239339998286,0
              </coordinates>
            </LinearRing>
          </outerBoundaryIs>
        </Polygon>
      </Placemark>
      <Placemark id="Distrito_YPEJH__.18">
        <ExtendedData>
          <SchemaData schemaUrl="#Distrito_YPEJH__.schema">
            <SimpleData name="Cédula">8061400.00000000000</SimpleData>
            <SimpleData name="cedula">8061400</SimpleData>
            <SimpleData name="Cédula_1">8061400.00000000000</SimpleData>
            <SimpleData name="N_">48.00000000000</SimpleData>
            <SimpleData name="Nombres_y_">DORA MONTANIA GARCETE</SimpleData>
            <SimpleData name="Sexo">Mujer</SimpleData>
            <SimpleData name="Cambio_de_">NO</SimpleData>
            <SimpleData name="Titular_se">NO</SimpleData>
            <SimpleData name="Cédula_Ti">NO</SimpleData>
            <SimpleData name="Situación">NO</SimpleData>
            <SimpleData name="Comunidad">Ind?gena</SimpleData>
            <SimpleData name="Modelo">Modelo 5</SimpleData>
            <SimpleData name="Departamen">CANINDEYU</SimpleData>
            <SimpleData name="Distrito">YPEJH?</SimpleData>
            <SimpleData name="Localidad">COM INDIG NARANDAY</SimpleData>
            <SimpleData name="Teléfono">ND</SimpleData>
            <SimpleData name="Vivienda_L">-23.95511910000</SimpleData>
            <SimpleData name="Vivienda_1">-55.83772990000</SimpleData>
            <SimpleData name="Superficie">0.70000000000</SimpleData>
            <SimpleData name="Situaci_1">Par?metro</SimpleData>
            <SimpleData name="Plantado">Si</SimpleData>
            <SimpleData name="Parcela_La">-23.95509724000</SimpleData>
            <SimpleData name="Parcela_Lo">-55.83666980000</SimpleData>
            <SimpleData name="Grupo_Impl">G2</SimpleData>
            <SimpleData name="Grupo_de_P">H-P7-XX-XX-XX</SimpleData>
            <SimpleData name="Jornales">0.00000000000</SimpleData>
            <SimpleData name="Monto">0.00000000000</SimpleData>
            <SimpleData name="ETAPA_FAO">Mantenimiento A?o 1.1</SimpleData>
            <SimpleData name="Estado_del">Activo</SimpleData>
            <SimpleData name="Empresa">Hyh Consultores SRL</SimpleData>
            <SimpleData name="Lote">H</SimpleData>
            <SimpleData name="Monitorear">No</SimpleData>
            <SimpleData name="Fecha_de_M">14/7/2026</SimpleData>
            <SimpleData name="F__de_pren">60</SimpleData>
            <SimpleData name="Estado_FAO">Monitorear Reposicion</SimpleData>
            <SimpleData name="Etapa_de_i">Mantenimiento A?o 1.1</SimpleData>
            <SimpleData name="Fecha_visi">2026/09/29</SimpleData>
            <SimpleData name="Cumple_sup">Si</SimpleData>
            <SimpleData name="Estado_mon">No cumple</SimpleData>
            <SimpleData name="Situaci_12">Se recomienda  hacer buena limpieza sobre todo las hileras, realizar la poda de chupones, no se observa reposici?n de c?tricos, ideal reponer en su totalidad,  perdida del 60 a 70 de las plantas de crecimiento r?pido replantadas.</SimpleData>
            <SimpleData name="Observaci">-</SimpleData>
            <SimpleData name="Dias_trans">5.28803240741</SimpleData>
            <SimpleData name="Prioridad">ALTA</SimpleData>
            <SimpleData name="OBJECTID_1">48</SimpleData>
          </SchemaData>
        </ExtendedData>
        <Polygon>
          <outerBoundaryIs>
            <LinearRing>
              <coordinates>
                -55.8358473003854,-23.9551133006067,0
                -55.8360541007759,-23.9553387003219,0
                -55.8361593003761,-23.9554304001976,0
                -55.8363376993541,-23.9555194000311,0
                -55.8365971003524,-23.9551685991425,0
                -55.8367326004821,-23.9551761002436,0
                -55.8370216996517,-23.9554343993448,0
                -55.83717469993,-23.9552575998028,0
                -55.8374133001771,-23.9552467000226,0
                -55.8375405000145,-23.9551236004338,0
                -55.8370170003002,-23.9548364995852,0
                -55.8366513001871,-23.9546308998862,0
                -55.8366048996819,-23.9547382999726,0
                -55.8365371004673,-23.9548717000321,0
                -55.8362507005476,-23.9549311006469,0
                -55.8358473003854,-23.9551133006067,0
              </coordinates>
            </LinearRing>
          </outerBoundaryIs>
        </Polygon>
      </Placemark>
      <Placemark id="Distrito_YPEJH__.19">
        <ExtendedData>
          <SchemaData schemaUrl="#Distrito_YPEJH__.schema">
            <SimpleData name="Cédula">5426627.00000000000</SimpleData>
            <SimpleData name="cedula">5426627</SimpleData>
            <SimpleData name="Cédula_1">5426627.00000000000</SimpleData>
            <SimpleData name="N_">90.00000000000</SimpleData>
            <SimpleData name="Nombres_y_">NORMA VERGARA AQUINO</SimpleData>
            <SimpleData name="Sexo">Mujer</SimpleData>
            <SimpleData name="Cambio_de_">NO</SimpleData>
            <SimpleData name="Titular_se">NO</SimpleData>
            <SimpleData name="Cédula_Ti">NO</SimpleData>
            <SimpleData name="Situación">NO</SimpleData>
            <SimpleData name="Comunidad">Ind?gena</SimpleData>
            <SimpleData name="Modelo">Modelo 5</SimpleData>
            <SimpleData name="Departamen">CANINDEYU</SimpleData>
            <SimpleData name="Distrito">YPEJH?</SimpleData>
            <SimpleData name="Localidad">COM INDIG PYPUCU</SimpleData>
            <SimpleData name="Teléfono">0981099386</SimpleData>
            <SimpleData name="Vivienda_L">-23.92343540000</SimpleData>
            <SimpleData name="Vivienda_1">-55.64036460000</SimpleData>
            <SimpleData name="Superficie">0.70000000000</SimpleData>
            <SimpleData name="Situaci_1">Par?metro</SimpleData>
            <SimpleData name="Plantado">Si</SimpleData>
            <SimpleData name="Parcela_La">-23.92312493000</SimpleData>
            <SimpleData name="Parcela_Lo">-55.64131021000</SimpleData>
            <SimpleData name="Grupo_Impl">G2</SimpleData>
            <SimpleData name="Grupo_de_P">H-P6-XX-XX-XX</SimpleData>
            <SimpleData name="Jornales">0.00000000000</SimpleData>
            <SimpleData name="Monto">0.00000000000</SimpleData>
            <SimpleData name="ETAPA_FAO">Mantenimiento A?o 1.1</SimpleData>
            <SimpleData name="Estado_del">Activo</SimpleData>
            <SimpleData name="Empresa">Hyh Consultores SRL</SimpleData>
            <SimpleData name="Lote">H</SimpleData>
            <SimpleData name="Monitorear">Si</SimpleData>
            <SimpleData name="Fecha_de_M">-</SimpleData>
            <SimpleData name="F__de_pren">-</SimpleData>
            <SimpleData name="Estado_FAO">Monitorear</SimpleData>
            <SimpleData name="Etapa_de_i">Mantenimiento A?o 1.1</SimpleData>
            <SimpleData name="Fecha_visi">2026/09/29</SimpleData>
            <SimpleData name="Cumple_sup">Si</SimpleData>
            <SimpleData name="Estado_mon">-</SimpleData>
            <SimpleData name="Situaci_12">-</SimpleData>
            <SimpleData name="Observaci">-</SimpleData>
            <SimpleData name="Dias_trans">5.49917824074</SimpleData>
            <SimpleData name="Prioridad">ALTA</SimpleData>
            <SimpleData name="OBJECTID_1">90</SimpleData>
          </SchemaData>
        </ExtendedData>
        <Polygon>
          <outerBoundaryIs>
            <LinearRing>
              <coordinates>
                -55.6406505241966,-23.923540277711,0
                -55.6421321003421,-23.9230857004545,0
                -55.6421042182816,-23.9230347198174,0
                -55.6419141004734,-23.9226871003559,0
                -55.640487799648,-23.923200500031,0
                -55.6406158999279,-23.92355090034,0
                -55.6406505241966,-23.923540277711,0
              </coordinates>
            </LinearRing>
          </outerBoundaryIs>
        </Polygon>
      </Placemark>
      <Placemark id="Distrito_YPEJH__.20">
        <ExtendedData>
          <SchemaData schemaUrl="#Distrito_YPEJH__.schema">
            <SimpleData name="Cédula">6630606.00000000000</SimpleData>
            <SimpleData name="cedula">6630606</SimpleData>
            <SimpleData name="Cédula_1">6630606.00000000000</SimpleData>
            <SimpleData name="N_">205.00000000000</SimpleData>
            <SimpleData name="Nombres_y_">EUDA LOPEZ RAMIREZ</SimpleData>
            <SimpleData name="Sexo">Mujer</SimpleData>
            <SimpleData name="Cambio_de_">NO</SimpleData>
            <SimpleData name="Titular_se">NO</SimpleData>
            <SimpleData name="Cédula_Ti">NO</SimpleData>
            <SimpleData name="Situación">NO</SimpleData>
            <SimpleData name="Comunidad">Ind?gena</SimpleData>
            <SimpleData name="Modelo">Modelo 5</SimpleData>
            <SimpleData name="Departamen">CANINDEYU</SimpleData>
            <SimpleData name="Distrito">YPEJH?</SimpleData>
            <SimpleData name="Localidad">COM INDIG PYPUCU</SimpleData>
            <SimpleData name="Teléfono">0986912672</SimpleData>
            <SimpleData name="Vivienda_L">-23.89801790000</SimpleData>
            <SimpleData name="Vivienda_1">-55.65137670000</SimpleData>
            <SimpleData name="Superficie">0.70000000000</SimpleData>
            <SimpleData name="Situaci_1">Par?metro</SimpleData>
            <SimpleData name="Plantado">Si</SimpleData>
            <SimpleData name="Parcela_La">-23.89710474000</SimpleData>
            <SimpleData name="Parcela_Lo">-55.65128150000</SimpleData>
            <SimpleData name="Grupo_Impl">G2</SimpleData>
            <SimpleData name="Grupo_de_P">H-P6-XX-XX-XX</SimpleData>
            <SimpleData name="Jornales">0.00000000000</SimpleData>
            <SimpleData name="Monto">0.00000000000</SimpleData>
            <SimpleData name="ETAPA_FAO">Mantenimiento A?o 1.1</SimpleData>
            <SimpleData name="Estado_del">Activo</SimpleData>
            <SimpleData name="Empresa">Hyh Consultores SRL</SimpleData>
            <SimpleData name="Lote">H</SimpleData>
            <SimpleData name="Monitorear">No</SimpleData>
            <SimpleData name="Fecha_de_M">-</SimpleData>
            <SimpleData name="F__de_pren">-</SimpleData>
            <SimpleData name="Estado_FAO">Verificar posible desercion</SimpleData>
            <SimpleData name="Etapa_de_i">Mantenimiento A?o 1.1</SimpleData>
            <SimpleData name="Fecha_visi">2026/09/12</SimpleData>
            <SimpleData name="Cumple_sup">Si</SimpleData>
            <SimpleData name="Estado_mon">-</SimpleData>
            <SimpleData name="Situaci_12">-</SimpleData>
            <SimpleData name="Observaci">Falta de inter?s o no ve el beneficio;Parcela sin cuidados culturales, abandonada</SimpleData>
            <SimpleData name="Dias_trans">22.33473945600</SimpleData>
            <SimpleData name="Prioridad">ALTA</SimpleData>
            <SimpleData name="OBJECTID_1">205</SimpleData>
          </SchemaData>
        </ExtendedData>
        <Polygon>
          <outerBoundaryIs>
            <LinearRing>
              <coordinates>
                -55.6505566999739,-23.8965633000068,0
                -55.6513350000672,-23.8976466999608,0
                -55.6517983001706,-23.8975949999139,0
                -55.6517717004119,-23.8972332996366,0
                -55.6515932995277,-23.8970083003885,0
                -55.6513833004325,-23.8966799996619,0
                -55.650895000296,-23.8966466998315,0
                -55.6505566999739,-23.8965633000068,0
              </coordinates>
            </LinearRing>
          </outerBoundaryIs>
        </Polygon>
      </Placemark>
      <Placemark id="Distrito_YPEJH__.21">
        <ExtendedData>
          <SchemaData schemaUrl="#Distrito_YPEJH__.schema">
            <SimpleData name="Cédula">5454013.00000000000</SimpleData>
            <SimpleData name="cedula">5454013</SimpleData>
            <SimpleData name="Cédula_1">5454013.00000000000</SimpleData>
            <SimpleData name="N_">114.00000000000</SimpleData>
            <SimpleData name="Nombres_y_">FIDELINA LOPEZ LUGO</SimpleData>
            <SimpleData name="Sexo">Mujer</SimpleData>
            <SimpleData name="Cambio_de_">NO</SimpleData>
            <SimpleData name="Titular_se">NO</SimpleData>
            <SimpleData name="Cédula_Ti">NO</SimpleData>
            <SimpleData name="Situación">NO</SimpleData>
            <SimpleData name="Comunidad">Ind?gena</SimpleData>
            <SimpleData name="Modelo">Modelo 5</SimpleData>
            <SimpleData name="Departamen">CANINDEYU</SimpleData>
            <SimpleData name="Distrito">YPEJH?</SimpleData>
            <SimpleData name="Localidad">COM INDIG PYPUCU</SimpleData>
            <SimpleData name="Teléfono">0983405406</SimpleData>
            <SimpleData name="Vivienda_L">-23.89642190000</SimpleData>
            <SimpleData name="Vivienda_1">-55.65792080000</SimpleData>
            <SimpleData name="Superficie">0.70000000000</SimpleData>
            <SimpleData name="Situaci_1">Par?metro</SimpleData>
            <SimpleData name="Plantado">Si</SimpleData>
            <SimpleData name="Parcela_La">-23.89676952000</SimpleData>
            <SimpleData name="Parcela_Lo">-55.65807194000</SimpleData>
            <SimpleData name="Grupo_Impl">G2</SimpleData>
            <SimpleData name="Grupo_de_P">H-P7-XX-XX-XX</SimpleData>
            <SimpleData name="Jornales">0.00000000000</SimpleData>
            <SimpleData name="Monto">0.00000000000</SimpleData>
            <SimpleData name="ETAPA_FAO">Mantenimiento A?o 1.1</SimpleData>
            <SimpleData name="Estado_del">Activo</SimpleData>
            <SimpleData name="Empresa">Hyh Consultores SRL</SimpleData>
            <SimpleData name="Lote">H</SimpleData>
            <SimpleData name="Monitorear">Si</SimpleData>
            <SimpleData name="Fecha_de_M">-</SimpleData>
            <SimpleData name="F__de_pren">-</SimpleData>
            <SimpleData name="Estado_FAO">Monitorear</SimpleData>
            <SimpleData name="Etapa_de_i">Mantenimiento A?o 1.1</SimpleData>
            <SimpleData name="Fecha_visi">2026/10/01</SimpleData>
            <SimpleData name="Cumple_sup">Si</SimpleData>
            <SimpleData name="Estado_mon">-</SimpleData>
            <SimpleData name="Situaci_12">-</SimpleData>
            <SimpleData name="Observaci">-</SimpleData>
            <SimpleData name="Dias_trans">3.31143518518</SimpleData>
            <SimpleData name="Prioridad">ALTA</SimpleData>
            <SimpleData name="OBJECTID_1">114</SimpleData>
          </SchemaData>
        </ExtendedData>
        <Polygon>
          <outerBoundaryIs>
            <LinearRing>
              <coordinates>
                -55.6573232995989,-23.8970383000674,0
                -55.6575932996493,-23.8972883003134,0
                -55.657870000215,-23.8972700004315,0
                -55.6581882997724,-23.8970816999866,0
                -55.6583467001976,-23.8968750001485,0
                -55.6585449998174,-23.8967550000071,0
                -55.6588549995847,-23.8965883003703,0
                -55.6587283000041,-23.896391699977,0
                -55.6586583000144,-23.8962900003769,0
                -55.6584716997382,-23.8962150000281,0
                -55.6581817003177,-23.8963182997357,0
                -55.6581017004243,-23.8964600002232,0
                -55.6578766999685,-23.8965633001687,0
                -55.6576282995211,-23.8967299998995,0
                -55.657363300015,-23.8968850003841,0
                -55.6573232995989,-23.8970383000674,0
              </coordinates>
            </LinearRing>
          </outerBoundaryIs>
        </Polygon>
      </Placemark>
      <Placemark id="Distrito_YPEJH__.22">
        <ExtendedData>
          <SchemaData schemaUrl="#Distrito_YPEJH__.schema">
            <SimpleData name="Cédula">6751799.00000000000</SimpleData>
            <SimpleData name="cedula">6751799</SimpleData>
            <SimpleData name="Cédula_1">6751799.00000000000</SimpleData>
            <SimpleData name="N_">65.00000000000</SimpleData>
            <SimpleData name="Nombres_y_">MARIA BENITEZ GAUTO</SimpleData>
            <SimpleData name="Sexo">Mujer</SimpleData>
            <SimpleData name="Cambio_de_">NO</SimpleData>
            <SimpleData name="Titular_se">NO</SimpleData>
            <SimpleData name="Cédula_Ti">NO</SimpleData>
            <SimpleData name="Situación">NO</SimpleData>
            <SimpleData name="Comunidad">Ind?gena</SimpleData>
            <SimpleData name="Modelo">Modelo 2</SimpleData>
            <SimpleData name="Departamen">CANINDEYU</SimpleData>
            <SimpleData name="Distrito">YPEJH?</SimpleData>
            <SimpleData name="Localidad">COM INDIG BARRANCO APY</SimpleData>
            <SimpleData name="Teléfono">0985901858</SimpleData>
            <SimpleData name="Vivienda_L">-23.98143790000</SimpleData>
            <SimpleData name="Vivienda_1">-55.86731350000</SimpleData>
            <SimpleData name="Superficie">0.80000000000</SimpleData>
            <SimpleData name="Situaci_1">Pol?gono</SimpleData>
            <SimpleData name="Plantado">Si</SimpleData>
            <SimpleData name="Parcela_La">-23.98118521000</SimpleData>
            <SimpleData name="Parcela_Lo">-55.86774503000</SimpleData>
            <SimpleData name="Grupo_Impl">G2</SimpleData>
            <SimpleData name="Grupo_de_P">H-P8-XX-XX-XX</SimpleData>
            <SimpleData name="Jornales">0.00000000000</SimpleData>
            <SimpleData name="Monto">0.00000000000</SimpleData>
            <SimpleData name="ETAPA_FAO">Mantenimiento A?o 1.1</SimpleData>
            <SimpleData name="Estado_del">Activo</SimpleData>
            <SimpleData name="Empresa">Hyh Consultores SRL</SimpleData>
            <SimpleData name="Lote">H</SimpleData>
            <SimpleData name="Monitorear">No</SimpleData>
            <SimpleData name="Fecha_de_M">-</SimpleData>
            <SimpleData name="F__de_pren">-</SimpleData>
            <SimpleData name="Estado_FAO">Verificar posible desercion</SimpleData>
            <SimpleData name="Etapa_de_i">Mantenimiento A?o 1.1</SimpleData>
            <SimpleData name="Fecha_visi">2026/10/02</SimpleData>
            <SimpleData name="Cumple_sup">Si</SimpleData>
            <SimpleData name="Estado_mon">-</SimpleData>
            <SimpleData name="Situaci_12">-</SimpleData>
            <SimpleData name="Observaci">Falta de inter?s o no ve el beneficio;Parcela abandonada</SimpleData>
            <SimpleData name="Dias_trans">2.68087053241</SimpleData>
            <SimpleData name="Prioridad">ALTA</SimpleData>
            <SimpleData name="OBJECTID_1">65</SimpleData>
          </SchemaData>
        </ExtendedData>
        <Polygon>
          <outerBoundaryIs>
            <LinearRing>
              <coordinates>
                -55.8678404993368,-23.9807694267987,0
                -55.8676619995141,-23.9808017999549,0
                -55.8676486289172,-23.9807682075426,0
                -55.8671126992084,-23.9807647998367,0
                -55.8676200996001,-23.9818298002838,0
                -55.868234299516,-23.981445899856,0
                -55.8681982999276,-23.9807717003065,0
                -55.8678404993368,-23.9807694267987,0
              </coordinates>
            </LinearRing>
          </outerBoundaryIs>
        </Polygon>
      </Placemark>
      <Placemark id="Distrito_YPEJH__.23">
        <ExtendedData>
          <SchemaData schemaUrl="#Distrito_YPEJH__.schema">
            <SimpleData name="Cédula">8451882.00000000000</SimpleData>
            <SimpleData name="cedula">8451882</SimpleData>
            <SimpleData name="Cédula_1">8451882.00000000000</SimpleData>
            <SimpleData name="N_">321.00000000000</SimpleData>
            <SimpleData name="Nombres_y_">GERMINA BENITEZ PERALTA</SimpleData>
            <SimpleData name="Sexo">Mujer</SimpleData>
            <SimpleData name="Cambio_de_">NO</SimpleData>
            <SimpleData name="Titular_se">NO</SimpleData>
            <SimpleData name="Cédula_Ti">NO</SimpleData>
            <SimpleData name="Situación">NO</SimpleData>
            <SimpleData name="Comunidad">Ind?gena</SimpleData>
            <SimpleData name="Modelo">Modelo 5</SimpleData>
            <SimpleData name="Departamen">CANINDEYU</SimpleData>
            <SimpleData name="Distrito">YPEJH?</SimpleData>
            <SimpleData name="Localidad">COM INDIG PYPUCU</SimpleData>
            <SimpleData name="Teléfono">0985192562</SimpleData>
            <SimpleData name="Vivienda_L">-23.92400170000</SimpleData>
            <SimpleData name="Vivienda_1">-55.64033330000</SimpleData>
            <SimpleData name="Superficie">0.70000000000</SimpleData>
            <SimpleData name="Situaci_1">Par?metro</SimpleData>
            <SimpleData name="Plantado">Si</SimpleData>
            <SimpleData name="Parcela_La">-23.92477948000</SimpleData>
            <SimpleData name="Parcela_Lo">-55.63698093000</SimpleData>
            <SimpleData name="Grupo_Impl">G2</SimpleData>
            <SimpleData name="Grupo_de_P">H-P8-XX-XX-XX</SimpleData>
            <SimpleData name="Jornales">0.00000000000</SimpleData>
            <SimpleData name="Monto">0.00000000000</SimpleData>
            <SimpleData name="ETAPA_FAO">Mantenimiento A?o 1.1</SimpleData>
            <SimpleData name="Estado_del">Activo</SimpleData>
            <SimpleData name="Empresa">Hyh Consultores SRL</SimpleData>
            <SimpleData name="Lote">H</SimpleData>
            <SimpleData name="Monitorear">Si</SimpleData>
            <SimpleData name="Fecha_de_M">-</SimpleData>
            <SimpleData name="F__de_pren">-</SimpleData>
            <SimpleData name="Estado_FAO">Monitorear</SimpleData>
            <SimpleData name="Etapa_de_i">Mantenimiento A?o 1.1</SimpleData>
            <SimpleData name="Fecha_visi">2026/09/23</SimpleData>
            <SimpleData name="Cumple_sup">Si</SimpleData>
            <SimpleData name="Estado_mon">-</SimpleData>
            <SimpleData name="Situaci_12">-</SimpleData>
            <SimpleData name="Observaci">-</SimpleData>
            <SimpleData name="Dias_trans">11.56128472220</SimpleData>
            <SimpleData name="Prioridad">ALTA</SimpleData>
            <SimpleData name="OBJECTID_1">321</SimpleData>
          </SchemaData>
        </ExtendedData>
        <Polygon>
          <outerBoundaryIs>
            <LinearRing>
              <coordinates>
                -55.6366275495701,-23.9241647257862,0
                -55.6368826003272,-23.9244840996479,0
                -55.6364476002678,-23.924795699933,0
                -55.6364554004128,-23.9248904004067,0
                -55.636696799957,-23.9252564999415,0
                -55.6368915003702,-23.9254300000386,0
                -55.6375817999757,-23.9249885004885,0
                -55.6369244426635,-23.9239698149473,0
                -55.6366275495701,-23.9241647257862,0
              </coordinates>
            </LinearRing>
          </outerBoundaryIs>
        </Polygon>
      </Placemark>
      <Placemark id="Distrito_YPEJH__.24">
        <ExtendedData>
          <SchemaData schemaUrl="#Distrito_YPEJH__.schema">
            <SimpleData name="Cédula">5829456.00000000000</SimpleData>
            <SimpleData name="cedula">5829456</SimpleData>
            <SimpleData name="Cédula_1">5829456.00000000000</SimpleData>
            <SimpleData name="N_">142.00000000000</SimpleData>
            <SimpleData name="Nombres_y_">VICTORIANA RAMIREZ FERNANDEZ</SimpleData>
            <SimpleData name="Sexo">Mujer</SimpleData>
            <SimpleData name="Cambio_de_">NO</SimpleData>
            <SimpleData name="Titular_se">NO</SimpleData>
            <SimpleData name="Cédula_Ti">NO</SimpleData>
            <SimpleData name="Situación">NO</SimpleData>
            <SimpleData name="Comunidad">Ind?gena</SimpleData>
            <SimpleData name="Modelo">Modelo 5</SimpleData>
            <SimpleData name="Departamen">CANINDEYU</SimpleData>
            <SimpleData name="Distrito">YPEJH?</SimpleData>
            <SimpleData name="Localidad">COM INDIG ITANARA-PARIRI</SimpleData>
            <SimpleData name="Teléfono">0982079023</SimpleData>
            <SimpleData name="Vivienda_L">-23.83794770000</SimpleData>
            <SimpleData name="Vivienda_1">-55.68509480000</SimpleData>
            <SimpleData name="Superficie">0.70000000000</SimpleData>
            <SimpleData name="Situaci_1">Par?metro</SimpleData>
            <SimpleData name="Plantado">Si</SimpleData>
            <SimpleData name="Parcela_La">-23.83877383000</SimpleData>
            <SimpleData name="Parcela_Lo">-55.68495961000</SimpleData>
            <SimpleData name="Grupo_Impl">G2</SimpleData>
            <SimpleData name="Grupo_de_P">H-P7-XX-XX-XX</SimpleData>
            <SimpleData name="Jornales">0.00000000000</SimpleData>
            <SimpleData name="Monto">0.00000000000</SimpleData>
            <SimpleData name="ETAPA_FAO">Mantenimiento A?o 1.1</SimpleData>
            <SimpleData name="Estado_del">Activo</SimpleData>
            <SimpleData name="Empresa">Hyh Consultores SRL</SimpleData>
            <SimpleData name="Lote">H</SimpleData>
            <SimpleData name="Monitorear">Si</SimpleData>
            <SimpleData name="Fecha_de_M">-</SimpleData>
            <SimpleData name="F__de_pren">-</SimpleData>
            <SimpleData name="Estado_FAO">Monitorear</SimpleData>
            <SimpleData name="Etapa_de_i">Mantenimiento A?o 1.1</SimpleData>
            <SimpleData name="Fecha_visi">2026/09/26</SimpleData>
            <SimpleData name="Cumple_sup">Si</SimpleData>
            <SimpleData name="Estado_mon">-</SimpleData>
            <SimpleData name="Situaci_12">-</SimpleData>
            <SimpleData name="Observaci">-</SimpleData>
            <SimpleData name="Dias_trans">8.54222222222</SimpleData>
            <SimpleData name="Prioridad">ALTA</SimpleData>
            <SimpleData name="OBJECTID_1">142</SimpleData>
          </SchemaData>
        </ExtendedData>
        <Polygon>
          <outerBoundaryIs>
            <LinearRing>
              <coordinates>
                -55.6846836996532,-23.8387265000181,0
                -55.6845162996724,-23.8392976006407,0
                -55.6849926995661,-23.83957930021,0
                -55.6851934994498,-23.8394116994983,0
                -55.6851749998423,-23.839293300531,0
                -55.6849285001073,-23.8391682001929,0
                -55.6849019999547,-23.8389705006295,0
                -55.6848465992026,-23.8389256004545,0
                -55.6848667990286,-23.8388978006602,0
                -55.6850671996262,-23.8389125009246,0
                -55.685486300031,-23.8378668002844,0
                -55.6849774994472,-23.8381426001358,0
                -55.6846836996532,-23.8387265000181,0
              </coordinates>
            </LinearRing>
          </outerBoundaryIs>
        </Polygon>
      </Placemark>
      <Placemark id="Distrito_YPEJH__.25">
        <ExtendedData>
          <SchemaData schemaUrl="#Distrito_YPEJH__.schema">
            <SimpleData name="Cédula">5453997.00000000000</SimpleData>
            <SimpleData name="cedula">5453997</SimpleData>
            <SimpleData name="Cédula_1">5453997.00000000000</SimpleData>
            <SimpleData name="N_">113.00000000000</SimpleData>
            <SimpleData name="Nombres_y_">LUCIA LOPEZ ROA</SimpleData>
            <SimpleData name="Sexo">Mujer</SimpleData>
            <SimpleData name="Cambio_de_">NO</SimpleData>
            <SimpleData name="Titular_se">NO</SimpleData>
            <SimpleData name="Cédula_Ti">NO</SimpleData>
            <SimpleData name="Situación">NO</SimpleData>
            <SimpleData name="Comunidad">Ind?gena</SimpleData>
            <SimpleData name="Modelo">Modelo 5</SimpleData>
            <SimpleData name="Departamen">CANINDEYU</SimpleData>
            <SimpleData name="Distrito">YPEJH?</SimpleData>
            <SimpleData name="Localidad">COM INDIG PYPUCU</SimpleData>
            <SimpleData name="Teléfono">ND</SimpleData>
            <SimpleData name="Vivienda_L">-23.91992290000</SimpleData>
            <SimpleData name="Vivienda_1">-55.63943220000</SimpleData>
            <SimpleData name="Superficie">0.70000000000</SimpleData>
            <SimpleData name="Situaci_1">Par?metro</SimpleData>
            <SimpleData name="Plantado">Si</SimpleData>
            <SimpleData name="Parcela_La">-23.91956185000</SimpleData>
            <SimpleData name="Parcela_Lo">-55.64050136000</SimpleData>
            <SimpleData name="Grupo_Impl">G2</SimpleData>
            <SimpleData name="Grupo_de_P">H-P7-XX-XX-XX</SimpleData>
            <SimpleData name="Jornales">0.00000000000</SimpleData>
            <SimpleData name="Monto">0.00000000000</SimpleData>
            <SimpleData name="ETAPA_FAO">Mantenimiento A?o 1.1</SimpleData>
            <SimpleData name="Estado_del">Activo</SimpleData>
            <SimpleData name="Empresa">Hyh Consultores SRL</SimpleData>
            <SimpleData name="Lote">H</SimpleData>
            <SimpleData name="Monitorear">Si</SimpleData>
            <SimpleData name="Fecha_de_M">-</SimpleData>
            <SimpleData name="F__de_pren">-</SimpleData>
            <SimpleData name="Estado_FAO">Monitorear</SimpleData>
            <SimpleData name="Etapa_de_i">Mantenimiento A?o 1.1</SimpleData>
            <SimpleData name="Fecha_visi">2026/10/02</SimpleData>
            <SimpleData name="Cumple_sup">Si</SimpleData>
            <SimpleData name="Estado_mon">-</SimpleData>
            <SimpleData name="Situaci_12">-</SimpleData>
            <SimpleData name="Observaci">-</SimpleData>
            <SimpleData name="Dias_trans">2.32405092593</SimpleData>
            <SimpleData name="Prioridad">ALTA</SimpleData>
            <SimpleData name="OBJECTID_1">113</SimpleData>
          </SchemaData>
        </ExtendedData>
        <Polygon>
          <outerBoundaryIs>
            <LinearRing>
              <coordinates>
                -55.6402133765925,-23.9193571672635,0
                -55.6396849996743,-23.9194482997667,0
                -55.6397200999949,-23.9198052999171,0
                -55.6411317005403,-23.9198332998331,0
                -55.6412008498694,-23.9191945562806,0
                -55.6402133765925,-23.9193571672635,0
              </coordinates>
            </LinearRing>
          </outerBoundaryIs>
        </Polygon>
      </Placemark>
      <Placemark id="Distrito_YPEJH__.26">
        <ExtendedData>
          <SchemaData schemaUrl="#Distrito_YPEJH__.schema">
            <SimpleData name="Cédula">6737848.00000000000</SimpleData>
            <SimpleData name="cedula">6737848</SimpleData>
            <SimpleData name="Cédula_1">6737848.00000000000</SimpleData>
            <SimpleData name="N_">213.00000000000</SimpleData>
            <SimpleData name="Nombres_y_">ALICIA CENTURION ROA</SimpleData>
            <SimpleData name="Sexo">Mujer</SimpleData>
            <SimpleData name="Cambio_de_">NO</SimpleData>
            <SimpleData name="Titular_se">NO</SimpleData>
            <SimpleData name="Cédula_Ti">NO</SimpleData>
            <SimpleData name="Situación">NO</SimpleData>
            <SimpleData name="Comunidad">Ind?gena</SimpleData>
            <SimpleData name="Modelo">Modelo 5</SimpleData>
            <SimpleData name="Departamen">CANINDEYU</SimpleData>
            <SimpleData name="Distrito">YPEJH?</SimpleData>
            <SimpleData name="Localidad">COM INDIG PYPUCU</SimpleData>
            <SimpleData name="Teléfono">0981799749</SimpleData>
            <SimpleData name="Vivienda_L">-23.90323500000</SimpleData>
            <SimpleData name="Vivienda_1">-55.66871170000</SimpleData>
            <SimpleData name="Superficie">0.70000000000</SimpleData>
            <SimpleData name="Situaci_1">Par?metro</SimpleData>
            <SimpleData name="Plantado">Si</SimpleData>
            <SimpleData name="Parcela_La">-23.90288379000</SimpleData>
            <SimpleData name="Parcela_Lo">-55.66867016000</SimpleData>
            <SimpleData name="Grupo_Impl">G2</SimpleData>
            <SimpleData name="Grupo_de_P">H-P6-XX-XX-XX</SimpleData>
            <SimpleData name="Jornales">0.00000000000</SimpleData>
            <SimpleData name="Monto">0.00000000000</SimpleData>
            <SimpleData name="ETAPA_FAO">Mantenimiento A?o 1.1</SimpleData>
            <SimpleData name="Estado_del">Activo</SimpleData>
            <SimpleData name="Empresa">Hyh Consultores SRL</SimpleData>
            <SimpleData name="Lote">H</SimpleData>
            <SimpleData name="Monitorear">Si</SimpleData>
            <SimpleData name="Fecha_de_M">-</SimpleData>
            <SimpleData name="F__de_pren">-</SimpleData>
            <SimpleData name="Estado_FAO">Monitorear</SimpleData>
            <SimpleData name="Etapa_de_i">Mantenimiento A?o 1.1</SimpleData>
            <SimpleData name="Fecha_visi">2026/10/02</SimpleData>
            <SimpleData name="Cumple_sup">Si</SimpleData>
            <SimpleData name="Estado_mon">-</SimpleData>
            <SimpleData name="Situaci_12">-</SimpleData>
            <SimpleData name="Observaci">-</SimpleData>
            <SimpleData name="Dias_trans">2.21739583334</SimpleData>
            <SimpleData name="Prioridad">ALTA</SimpleData>
            <SimpleData name="OBJECTID_1">213</SimpleData>
          </SchemaData>
        </ExtendedData>
        <Polygon>
          <outerBoundaryIs>
            <LinearRing>
              <coordinates>
                -55.6689539165045,-23.9024284997785,0
                -55.6681101001906,-23.9027582999874,0
                -55.668268299744,-23.9033283004442,0
                -55.6692583003974,-23.9030349999165,0
                -55.6690010837168,-23.9024216752995,0
                -55.6689969002683,-23.9024116998418,0
                -55.6689539165045,-23.9024284997785,0
              </coordinates>
            </LinearRing>
          </outerBoundaryIs>
        </Polygon>
      </Placemark>
      <Placemark id="Distrito_YPEJH__.27">
        <ExtendedData>
          <SchemaData schemaUrl="#Distrito_YPEJH__.schema">
            <SimpleData name="Cédula">6779643.00000000000</SimpleData>
            <SimpleData name="cedula">6779643</SimpleData>
            <SimpleData name="Cédula_1">6779643.00000000000</SimpleData>
            <SimpleData name="N_">271.00000000000</SimpleData>
            <SimpleData name="Nombres_y_">PLACIDO PACHER CABRAL</SimpleData>
            <SimpleData name="Sexo">Hombre</SimpleData>
            <SimpleData name="Cambio_de_">NO</SimpleData>
            <SimpleData name="Titular_se">NO</SimpleData>
            <SimpleData name="Cédula_Ti">NO</SimpleData>
            <SimpleData name="Situación">NO</SimpleData>
            <SimpleData name="Comunidad">Ind?gena</SimpleData>
            <SimpleData name="Modelo">Modelo 1</SimpleData>
            <SimpleData name="Departamen">CANINDEYU</SimpleData>
            <SimpleData name="Distrito">YPEJH?</SimpleData>
            <SimpleData name="Localidad">COM INDIG KABAYU PASO</SimpleData>
            <SimpleData name="Teléfono">ND</SimpleData>
            <SimpleData name="Vivienda_L">-24.00076330000</SimpleData>
            <SimpleData name="Vivienda_1">-55.86977670000</SimpleData>
            <SimpleData name="Superficie">0.80000000000</SimpleData>
            <SimpleData name="Situaci_1">Par?metro</SimpleData>
            <SimpleData name="Plantado">Si</SimpleData>
            <SimpleData name="Parcela_La">-24.00056337000</SimpleData>
            <SimpleData name="Parcela_Lo">-55.87063425000</SimpleData>
            <SimpleData name="Grupo_Impl">G2</SimpleData>
            <SimpleData name="Grupo_de_P">H-P8-XX-XX-XX</SimpleData>
            <SimpleData name="Jornales">0.00000000000</SimpleData>
            <SimpleData name="Monto">0.00000000000</SimpleData>
            <SimpleData name="ETAPA_FAO">Mantenimiento A?o 1.1</SimpleData>
            <SimpleData name="Estado_del">Activo</SimpleData>
            <SimpleData name="Empresa">Hyh Consultores SRL</SimpleData>
            <SimpleData name="Lote">H</SimpleData>
            <SimpleData name="Monitorear">No</SimpleData>
            <SimpleData name="Fecha_de_M">-</SimpleData>
            <SimpleData name="F__de_pren">-</SimpleData>
            <SimpleData name="Estado_FAO">Verificar posible desercion</SimpleData>
            <SimpleData name="Etapa_de_i">Mantenimiento A?o 1.1</SimpleData>
            <SimpleData name="Fecha_visi">2026/08/29</SimpleData>
            <SimpleData name="Cumple_sup">Si</SimpleData>
            <SimpleData name="Estado_mon">-</SimpleData>
            <SimpleData name="Situaci_12">-</SimpleData>
            <SimpleData name="Observaci">Falta de inter?s o no ve el beneficio;Parcela abandonada sin cuidados</SimpleData>
            <SimpleData name="Dias_trans">36.38963612270</SimpleData>
            <SimpleData name="Prioridad">ALTA</SimpleData>
            <SimpleData name="OBJECTID_1">271</SimpleData>
          </SchemaData>
        </ExtendedData>
        <Polygon>
          <outerBoundaryIs>
            <LinearRing>
              <coordinates>
                -55.870413999591,-24.0001782000051,0
                -55.8698932991712,-24.000980000402,0
                -55.871321499192,-24.0007765005347,0
                -55.870904999493,-24.0000767001283,0
                -55.870413999591,-24.0001782000051,0
              </coordinates>
            </LinearRing>
          </outerBoundaryIs>
        </Polygon>
      </Placemark>
      <Placemark id="Distrito_YPEJH__.28">
        <ExtendedData>
          <SchemaData schemaUrl="#Distrito_YPEJH__.schema">
            <SimpleData name="Cédula">5454028.00000000000</SimpleData>
            <SimpleData name="cedula">5454028</SimpleData>
            <SimpleData name="Cédula_1">5454028.00000000000</SimpleData>
            <SimpleData name="N_">116.00000000000</SimpleData>
            <SimpleData name="Nombres_y_">ISABEL RAMIREZ ROA</SimpleData>
            <SimpleData name="Sexo">Mujer</SimpleData>
            <SimpleData name="Cambio_de_">NO</SimpleData>
            <SimpleData name="Titular_se">NO</SimpleData>
            <SimpleData name="Cédula_Ti">NO</SimpleData>
            <SimpleData name="Situación">NO</SimpleData>
            <SimpleData name="Comunidad">Ind?gena</SimpleData>
            <SimpleData name="Modelo">Modelo 5</SimpleData>
            <SimpleData name="Departamen">CANINDEYU</SimpleData>
            <SimpleData name="Distrito">YPEJH?</SimpleData>
            <SimpleData name="Localidad">COM INDIG PYPUCU</SimpleData>
            <SimpleData name="Teléfono">0986912672</SimpleData>
            <SimpleData name="Vivienda_L">-23.89809170000</SimpleData>
            <SimpleData name="Vivienda_1">-55.65159500000</SimpleData>
            <SimpleData name="Superficie">0.70000000000</SimpleData>
            <SimpleData name="Situaci_1">Par?metro</SimpleData>
            <SimpleData name="Plantado">Si</SimpleData>
            <SimpleData name="Parcela_La">-23.89715312000</SimpleData>
            <SimpleData name="Parcela_Lo">-55.65067415000</SimpleData>
            <SimpleData name="Grupo_Impl">G2</SimpleData>
            <SimpleData name="Grupo_de_P">H-P8-XX-XX-XX</SimpleData>
            <SimpleData name="Jornales">0.00000000000</SimpleData>
            <SimpleData name="Monto">0.00000000000</SimpleData>
            <SimpleData name="ETAPA_FAO">Mantenimiento A?o 1.1</SimpleData>
            <SimpleData name="Estado_del">Activo</SimpleData>
            <SimpleData name="Empresa">Hyh Consultores SRL</SimpleData>
            <SimpleData name="Lote">H</SimpleData>
            <SimpleData name="Monitorear">No</SimpleData>
            <SimpleData name="Fecha_de_M">-</SimpleData>
            <SimpleData name="F__de_pren">-</SimpleData>
            <SimpleData name="Estado_FAO">Verificar posible desercion</SimpleData>
            <SimpleData name="Etapa_de_i">Mantenimiento A?o 1.1</SimpleData>
            <SimpleData name="Fecha_visi">2026/09/17</SimpleData>
            <SimpleData name="Cumple_sup">Si</SimpleData>
            <SimpleData name="Estado_mon">-</SimpleData>
            <SimpleData name="Situaci_12">-</SimpleData>
            <SimpleData name="Observaci">Falta de inter?s o no ve el beneficio;Parcela abandonada y quemada causando perdida de plantas, al conversar con la participante reconoci? que ella misma prendi? fuego en su parcela</SimpleData>
            <SimpleData name="Dias_trans">17.43521031250</SimpleData>
            <SimpleData name="Prioridad">ALTA</SimpleData>
            <SimpleData name="OBJECTID_1">116</SimpleData>
          </SchemaData>
        </ExtendedData>
        <Polygon>
          <outerBoundaryIs>
            <LinearRing>
              <coordinates>
                -55.6500250000614,-23.8966783010384,0
                -55.6508283005018,-23.8977583006248,0
                -55.6509699005022,-23.8977096001402,0
                -55.6513184994612,-23.8976383996285,0
                -55.6505462002374,-23.8965649011447,0
                -55.6500250000614,-23.8966783010384,0
              </coordinates>
            </LinearRing>
          </outerBoundaryIs>
        </Polygon>
      </Placemark>
      <Placemark id="Distrito_YPEJH__.29">
        <ExtendedData>
          <SchemaData schemaUrl="#Distrito_YPEJH__.schema">
            <SimpleData name="Cédula">8474349.00000000000</SimpleData>
            <SimpleData name="cedula">8474349</SimpleData>
            <SimpleData name="Cédula_1">8474349.00000000000</SimpleData>
            <SimpleData name="N_">322.00000000000</SimpleData>
            <SimpleData name="Nombres_y_">DAMIANA GAUTO MARTINEZ</SimpleData>
            <SimpleData name="Sexo">Mujer</SimpleData>
            <SimpleData name="Cambio_de_">NO</SimpleData>
            <SimpleData name="Titular_se">NO</SimpleData>
            <SimpleData name="Cédula_Ti">NO</SimpleData>
            <SimpleData name="Situación">NO</SimpleData>
            <SimpleData name="Comunidad">Ind?gena</SimpleData>
            <SimpleData name="Modelo">Modelo 1</SimpleData>
            <SimpleData name="Departamen">CANINDEYU</SimpleData>
            <SimpleData name="Distrito">YPEJH?</SimpleData>
            <SimpleData name="Localidad">COM INDIG PYPUCU</SimpleData>
            <SimpleData name="Teléfono">ND</SimpleData>
            <SimpleData name="Vivienda_L">-23.89829020000</SimpleData>
            <SimpleData name="Vivienda_1">-55.66683900000</SimpleData>
            <SimpleData name="Superficie">0.80000000000</SimpleData>
            <SimpleData name="Situaci_1">Par?metro</SimpleData>
            <SimpleData name="Plantado">Si</SimpleData>
            <SimpleData name="Parcela_La">-23.89447812000</SimpleData>
            <SimpleData name="Parcela_Lo">-55.66823451000</SimpleData>
            <SimpleData name="Grupo_Impl">G2</SimpleData>
            <SimpleData name="Grupo_de_P">H-P6-XX-XX-XX</SimpleData>
            <SimpleData name="Jornales">0.00000000000</SimpleData>
            <SimpleData name="Monto">0.00000000000</SimpleData>
            <SimpleData name="ETAPA_FAO">Mantenimiento A?o 1.1</SimpleData>
            <SimpleData name="Estado_del">Activo</SimpleData>
            <SimpleData name="Empresa">Hyh Consultores SRL</SimpleData>
            <SimpleData name="Lote">H</SimpleData>
            <SimpleData name="Monitorear">Si</SimpleData>
            <SimpleData name="Fecha_de_M">-</SimpleData>
            <SimpleData name="F__de_pren">-</SimpleData>
            <SimpleData name="Estado_FAO">Monitorear</SimpleData>
            <SimpleData name="Etapa_de_i">Mantenimiento A?o 1.1</SimpleData>
            <SimpleData name="Fecha_visi">2026/10/02</SimpleData>
            <SimpleData name="Cumple_sup">Si</SimpleData>
            <SimpleData name="Estado_mon">-</SimpleData>
            <SimpleData name="Situaci_12">-</SimpleData>
            <SimpleData name="Observaci">-</SimpleData>
            <SimpleData name="Dias_trans">2.21718750000</SimpleData>
            <SimpleData name="Prioridad">ALTA</SimpleData>
            <SimpleData name="OBJECTID_1">322</SimpleData>
          </SchemaData>
        </ExtendedData>
        <Polygon>
          <outerBoundaryIs>
            <LinearRing>
              <coordinates>
                -55.6677668999738,-23.8946312004387,0
                -55.6680401003084,-23.8953243004142,0
                -55.6688350003516,-23.8941750003878,0
                -55.6681759999383,-23.893786600218,0
                -55.6677668999738,-23.8946312004387,0
              </coordinates>
            </LinearRing>
          </outerBoundaryIs>
        </Polygon>
      </Placemark>
      <Placemark id="Distrito_YPEJH__.30">
        <ExtendedData>
          <SchemaData schemaUrl="#Distrito_YPEJH__.schema">
            <SimpleData name="Cédula">5885620.00000000000</SimpleData>
            <SimpleData name="cedula">5885620</SimpleData>
            <SimpleData name="Cédula_1">5885620.00000000000</SimpleData>
            <SimpleData name="N_">147.00000000000</SimpleData>
            <SimpleData name="Nombres_y_">TERENCIA RECALDE BENITEZ</SimpleData>
            <SimpleData name="Sexo">Mujer</SimpleData>
            <SimpleData name="Cambio_de_">NO</SimpleData>
            <SimpleData name="Titular_se">NO</SimpleData>
            <SimpleData name="Cédula_Ti">NO</SimpleData>
            <SimpleData name="Situación">NO</SimpleData>
            <SimpleData name="Comunidad">Ind?gena</SimpleData>
            <SimpleData name="Modelo">Modelo 2</SimpleData>
            <SimpleData name="Departamen">CANINDEYU</SimpleData>
            <SimpleData name="Distrito">YPEJH?</SimpleData>
            <SimpleData name="Localidad">COM INDIG ITANARA-PARIRI</SimpleData>
            <SimpleData name="Teléfono">0984587478</SimpleData>
            <SimpleData name="Vivienda_L">-23.82672620000</SimpleData>
            <SimpleData name="Vivienda_1">-55.69045990000</SimpleData>
            <SimpleData name="Superficie">0.80000000000</SimpleData>
            <SimpleData name="Situaci_1">Par?metro</SimpleData>
            <SimpleData name="Plantado">Si</SimpleData>
            <SimpleData name="Parcela_La">-23.82573010000</SimpleData>
            <SimpleData name="Parcela_Lo">-55.68876182000</SimpleData>
            <SimpleData name="Grupo_Impl">G2</SimpleData>
            <SimpleData name="Grupo_de_P">H-P8-XX-XX-XX</SimpleData>
            <SimpleData name="Jornales">0.00000000000</SimpleData>
            <SimpleData name="Monto">0.00000000000</SimpleData>
            <SimpleData name="ETAPA_FAO">Mantenimiento A?o 1.1</SimpleData>
            <SimpleData name="Estado_del">Activo</SimpleData>
            <SimpleData name="Empresa">Hyh Consultores SRL</SimpleData>
            <SimpleData name="Lote">H</SimpleData>
            <SimpleData name="Monitorear">Si</SimpleData>
            <SimpleData name="Fecha_de_M">-</SimpleData>
            <SimpleData name="F__de_pren">-</SimpleData>
            <SimpleData name="Estado_FAO">Monitorear</SimpleData>
            <SimpleData name="Etapa_de_i">Mantenimiento A?o 1.1</SimpleData>
            <SimpleData name="Fecha_visi">2026/09/25</SimpleData>
            <SimpleData name="Cumple_sup">Si</SimpleData>
            <SimpleData name="Estado_mon">-</SimpleData>
            <SimpleData name="Situaci_12">-</SimpleData>
            <SimpleData name="Observaci">-</SimpleData>
            <SimpleData name="Dias_trans">9.89908564815</SimpleData>
            <SimpleData name="Prioridad">ALTA</SimpleData>
            <SimpleData name="OBJECTID_1">147</SimpleData>
          </SchemaData>
        </ExtendedData>
        <Polygon>
          <outerBoundaryIs>
            <LinearRing>
              <coordinates>
                -55.6890017997368,-23.8263276007926,0
                -55.6891468995318,-23.8264074007722,0
                -55.6893558997619,-23.8262522011903,0
                -55.6892286998532,-23.8260672001633,0
                -55.689164699804,-23.8259861004183,0
                -55.6892296000325,-23.8255821009409,0
                -55.6889665999485,-23.8252784007008,0
                -55.6888150001552,-23.8252518004564,0
                -55.6884729002183,-23.8252213009528,0
                -55.6881914994716,-23.8254844002405,0
                -55.688034199805,-23.8256550999844,0
                -55.6886106994332,-23.8260321005209,0
                -55.6887942004529,-23.8260820002095,0
                -55.6890017997368,-23.8263276007926,0
              </coordinates>
            </LinearRing>
          </outerBoundaryIs>
        </Polygon>
      </Placemark>
      <Placemark id="Distrito_YPEJH__.31">
        <ExtendedData>
          <SchemaData schemaUrl="#Distrito_YPEJH__.schema">
            <SimpleData name="Cédula">8057135.00000000000</SimpleData>
            <SimpleData name="cedula">8057135</SimpleData>
            <SimpleData name="Cédula_1">8057135.00000000000</SimpleData>
            <SimpleData name="N_">52.00000000000</SimpleData>
            <SimpleData name="Nombres_y_">MIGUEL MENDOZA CA?ETE</SimpleData>
            <SimpleData name="Sexo">Hombre</SimpleData>
            <SimpleData name="Cambio_de_">NO</SimpleData>
            <SimpleData name="Titular_se">NO</SimpleData>
            <SimpleData name="Cédula_Ti">NO</SimpleData>
            <SimpleData name="Situación">NO</SimpleData>
            <SimpleData name="Comunidad">Ind?gena</SimpleData>
            <SimpleData name="Modelo">Modelo 5</SimpleData>
            <SimpleData name="Departamen">CANINDEYU</SimpleData>
            <SimpleData name="Distrito">YPEJH?</SimpleData>
            <SimpleData name="Localidad">COM INDIG YVY KATU</SimpleData>
            <SimpleData name="Teléfono">0986817066</SimpleData>
            <SimpleData name="Vivienda_L">-23.96815760000</SimpleData>
            <SimpleData name="Vivienda_1">-55.85427840000</SimpleData>
            <SimpleData name="Superficie">0.70000000000</SimpleData>
            <SimpleData name="Situaci_1">Par?metro</SimpleData>
            <SimpleData name="Plantado">Si</SimpleData>
            <SimpleData name="Parcela_La">-23.96753091000</SimpleData>
            <SimpleData name="Parcela_Lo">-55.85314743000</SimpleData>
            <SimpleData name="Grupo_Impl">G2</SimpleData>
            <SimpleData name="Grupo_de_P">H-P7-XX-XX-XX</SimpleData>
            <SimpleData name="Jornales">0.00000000000</SimpleData>
            <SimpleData name="Monto">0.00000000000</SimpleData>
            <SimpleData name="ETAPA_FAO">Mantenimiento A?o 1.1</SimpleData>
            <SimpleData name="Estado_del">Activo</SimpleData>
            <SimpleData name="Empresa">Hyh Consultores SRL</SimpleData>
            <SimpleData name="Lote">H</SimpleData>
            <SimpleData name="Monitorear">No</SimpleData>
            <SimpleData name="Fecha_de_M">14/7/2026</SimpleData>
            <SimpleData name="F__de_pren">70</SimpleData>
            <SimpleData name="Estado_FAO">Monitorear Reposicion</SimpleData>
            <SimpleData name="Etapa_de_i">Mantenimiento A?o 1.1</SimpleData>
            <SimpleData name="Fecha_visi">2026/09/26</SimpleData>
            <SimpleData name="Cumple_sup">Si</SimpleData>
            <SimpleData name="Estado_mon">No cumple</SimpleData>
            <SimpleData name="Situaci_12">No se observan reposici?n de c?tricos, se recomienda realizar la reposici?n de la totalidad, as? mismo es ideal realizar la poda y ense?ar a los participantes a como realizarlo despu?s</SimpleData>
            <SimpleData name="Observaci">-</SimpleData>
            <SimpleData name="Dias_trans">8.49583333333</SimpleData>
            <SimpleData name="Prioridad">ALTA</SimpleData>
            <SimpleData name="OBJECTID_1">52</SimpleData>
          </SchemaData>
        </ExtendedData>
        <Polygon>
          <outerBoundaryIs>
            <LinearRing>
              <coordinates>
                -55.8531750998644,-23.9680541000235,0
                -55.853304599902,-23.968118499459,0
                -55.8535933003206,-23.9677233002845,0
                -55.853648300463,-23.9676750000397,0
                -55.8536800998744,-23.9675198998156,0
                -55.8534401997962,-23.9673003000351,0
                -55.8531140000127,-23.9668995006228,0
                -55.8528360998808,-23.9671474995055,0
                -55.8527310000389,-23.9673352002718,0
                -55.8526186000983,-23.9676453993682,0
                -55.8529664998804,-23.9678947992836,0
                -55.8531750998644,-23.9680541000235,0
              </coordinates>
            </LinearRing>
          </outerBoundaryIs>
        </Polygon>
      </Placemark>
      <Placemark id="Distrito_YPEJH__.32">
        <ExtendedData>
          <SchemaData schemaUrl="#Distrito_YPEJH__.schema">
            <SimpleData name="Cédula">5454030.00000000000</SimpleData>
            <SimpleData name="cedula">5454030</SimpleData>
            <SimpleData name="Cédula_1">5454030.00000000000</SimpleData>
            <SimpleData name="N_">117.00000000000</SimpleData>
            <SimpleData name="Nombres_y_">SIBERIA PERALTA ROA</SimpleData>
            <SimpleData name="Sexo">Mujer</SimpleData>
            <SimpleData name="Cambio_de_">NO</SimpleData>
            <SimpleData name="Titular_se">NO</SimpleData>
            <SimpleData name="Cédula_Ti">NO</SimpleData>
            <SimpleData name="Situación">NO</SimpleData>
            <SimpleData name="Comunidad">Ind?gena</SimpleData>
            <SimpleData name="Modelo">Modelo 5</SimpleData>
            <SimpleData name="Departamen">CANINDEYU</SimpleData>
            <SimpleData name="Distrito">YPEJH?</SimpleData>
            <SimpleData name="Localidad">COM INDIG PYPUCU</SimpleData>
            <SimpleData name="Teléfono">0984906953</SimpleData>
            <SimpleData name="Vivienda_L">-23.91802810000</SimpleData>
            <SimpleData name="Vivienda_1">-55.63983560000</SimpleData>
            <SimpleData name="Superficie">0.70000000000</SimpleData>
            <SimpleData name="Situaci_1">Par?metro</SimpleData>
            <SimpleData name="Plantado">Si</SimpleData>
            <SimpleData name="Parcela_La">-23.91754545000</SimpleData>
            <SimpleData name="Parcela_Lo">-55.64066716000</SimpleData>
            <SimpleData name="Grupo_Impl">G2</SimpleData>
            <SimpleData name="Grupo_de_P">H-P8-XX-XX-XX</SimpleData>
            <SimpleData name="Jornales">0.00000000000</SimpleData>
            <SimpleData name="Monto">0.00000000000</SimpleData>
            <SimpleData name="ETAPA_FAO">Mantenimiento A?o 1.1</SimpleData>
            <SimpleData name="Estado_del">Activo</SimpleData>
            <SimpleData name="Empresa">Hyh Consultores SRL</SimpleData>
            <SimpleData name="Lote">H</SimpleData>
            <SimpleData name="Monitorear">Si</SimpleData>
            <SimpleData name="Fecha_de_M">-</SimpleData>
            <SimpleData name="F__de_pren">-</SimpleData>
            <SimpleData name="Estado_FAO">Monitorear</SimpleData>
            <SimpleData name="Etapa_de_i">Mantenimiento A?o 1.1</SimpleData>
            <SimpleData name="Fecha_visi">2026/10/02</SimpleData>
            <SimpleData name="Cumple_sup">Si</SimpleData>
            <SimpleData name="Estado_mon">-</SimpleData>
            <SimpleData name="Situaci_12">-</SimpleData>
            <SimpleData name="Observaci">-</SimpleData>
            <SimpleData name="Dias_trans">2.41917824074</SimpleData>
            <SimpleData name="Prioridad">ALTA</SimpleData>
            <SimpleData name="OBJECTID_1">117</SimpleData>
          </SchemaData>
        </ExtendedData>
        <Polygon>
          <outerBoundaryIs>
            <LinearRing>
              <coordinates>
                -55.6400100003598,-23.9177567000064,0
                -55.6413683000783,-23.9178450008207,0
                -55.6412078994107,-23.9173220003928,0
                -55.6401033003018,-23.9172233002238,0
                -55.6400100003598,-23.9177567000064,0
              </coordinates>
            </LinearRing>
          </outerBoundaryIs>
        </Polygon>
      </Placemark>
      <Placemark id="Distrito_YPEJH__.33">
        <ExtendedData>
          <SchemaData schemaUrl="#Distrito_YPEJH__.schema">
            <SimpleData name="Cédula">6628266.00000000000</SimpleData>
            <SimpleData name="cedula">6628266</SimpleData>
            <SimpleData name="Cédula_1">6628266.00000000000</SimpleData>
            <SimpleData name="N_">200.00000000000</SimpleData>
            <SimpleData name="Nombres_y_">LUCINEIA MEDINA LOPEZ</SimpleData>
            <SimpleData name="Sexo">Mujer</SimpleData>
            <SimpleData name="Cambio_de_">NO</SimpleData>
            <SimpleData name="Titular_se">NO</SimpleData>
            <SimpleData name="Cédula_Ti">NO</SimpleData>
            <SimpleData name="Situación">NO</SimpleData>
            <SimpleData name="Comunidad">Ind?gena</SimpleData>
            <SimpleData name="Modelo">Modelo 5</SimpleData>
            <SimpleData name="Departamen">CANINDEYU</SimpleData>
            <SimpleData name="Distrito">YPEJH?</SimpleData>
            <SimpleData name="Localidad">COM INDIG PYPUCU</SimpleData>
            <SimpleData name="Teléfono">0981663996</SimpleData>
            <SimpleData name="Vivienda_L">-23.89741290000</SimpleData>
            <SimpleData name="Vivienda_1">-55.65464150000</SimpleData>
            <SimpleData name="Superficie">0.70000000000</SimpleData>
            <SimpleData name="Situaci_1">Par?metro</SimpleData>
            <SimpleData name="Plantado">Si</SimpleData>
            <SimpleData name="Parcela_La">-23.89798108000</SimpleData>
            <SimpleData name="Parcela_Lo">-55.65435322000</SimpleData>
            <SimpleData name="Grupo_Impl">G2</SimpleData>
            <SimpleData name="Grupo_de_P">H-P7-XX-XX-XX</SimpleData>
            <SimpleData name="Jornales">0.00000000000</SimpleData>
            <SimpleData name="Monto">0.00000000000</SimpleData>
            <SimpleData name="ETAPA_FAO">Mantenimiento A?o 1.1</SimpleData>
            <SimpleData name="Estado_del">Activo</SimpleData>
            <SimpleData name="Empresa">Hyh Consultores SRL</SimpleData>
            <SimpleData name="Lote">H</SimpleData>
            <SimpleData name="Monitorear">Si</SimpleData>
            <SimpleData name="Fecha_de_M">-</SimpleData>
            <SimpleData name="F__de_pren">-</SimpleData>
            <SimpleData name="Estado_FAO">Monitorear</SimpleData>
            <SimpleData name="Etapa_de_i">Mantenimiento A?o 1.1</SimpleData>
            <SimpleData name="Fecha_visi">2026/10/02</SimpleData>
            <SimpleData name="Cumple_sup">Si</SimpleData>
            <SimpleData name="Estado_mon">-</SimpleData>
            <SimpleData name="Situaci_12">-</SimpleData>
            <SimpleData name="Observaci">-</SimpleData>
            <SimpleData name="Dias_trans">2.43574074074</SimpleData>
            <SimpleData name="Prioridad">ALTA</SimpleData>
            <SimpleData name="OBJECTID_1">200</SimpleData>
          </SchemaData>
        </ExtendedData>
        <Polygon>
          <outerBoundaryIs>
            <LinearRing>
              <coordinates>
                -55.6548074390842,-23.8975873149383,0
                -55.6538900000433,-23.8976233001594,0
                -55.6540249999735,-23.8984917001097,0
                -55.6546166997948,-23.8983783002883,0
                -55.6545459003652,-23.8981801004504,0
                -55.6548003996943,-23.8981415998752,0
                -55.6548138578995,-23.8979680856568,0
                -55.6548435001449,-23.8975859000471,0
                -55.6548074390842,-23.8975873149383,0
              </coordinates>
            </LinearRing>
          </outerBoundaryIs>
        </Polygon>
      </Placemark>
      <Placemark id="Distrito_YPEJH__.34">
        <ExtendedData>
          <SchemaData schemaUrl="#Distrito_YPEJH__.schema">
            <SimpleData name="Cédula">6636070.00000000000</SimpleData>
            <SimpleData name="cedula">6636070</SimpleData>
            <SimpleData name="Cédula_1">6636070.00000000000</SimpleData>
            <SimpleData name="N_">207.00000000000</SimpleData>
            <SimpleData name="Nombres_y_">MARGARITA ROA BRITEZ</SimpleData>
            <SimpleData name="Sexo">Mujer</SimpleData>
            <SimpleData name="Cambio_de_">NO</SimpleData>
            <SimpleData name="Titular_se">NO</SimpleData>
            <SimpleData name="Cédula_Ti">NO</SimpleData>
            <SimpleData name="Situación">NO</SimpleData>
            <SimpleData name="Comunidad">Ind?gena</SimpleData>
            <SimpleData name="Modelo">Modelo 5</SimpleData>
            <SimpleData name="Departamen">CANINDEYU</SimpleData>
            <SimpleData name="Distrito">YPEJH?</SimpleData>
            <SimpleData name="Localidad">COM INDIG PYPUCU</SimpleData>
            <SimpleData name="Teléfono">ND</SimpleData>
            <SimpleData name="Vivienda_L">-23.91320830000</SimpleData>
            <SimpleData name="Vivienda_1">-55.64683170000</SimpleData>
            <SimpleData name="Superficie">0.70000000000</SimpleData>
            <SimpleData name="Situaci_1">Par?metro</SimpleData>
            <SimpleData name="Plantado">Si</SimpleData>
            <SimpleData name="Parcela_La">-23.91261701000</SimpleData>
            <SimpleData name="Parcela_Lo">-55.64636042000</SimpleData>
            <SimpleData name="Grupo_Impl">G2</SimpleData>
            <SimpleData name="Grupo_de_P">H-P6-XX-XX-XX</SimpleData>
            <SimpleData name="Jornales">0.00000000000</SimpleData>
            <SimpleData name="Monto">0.00000000000</SimpleData>
            <SimpleData name="ETAPA_FAO">Mantenimiento A?o 1.1</SimpleData>
            <SimpleData name="Estado_del">Activo</SimpleData>
            <SimpleData name="Empresa">Hyh Consultores SRL</SimpleData>
            <SimpleData name="Lote">H</SimpleData>
            <SimpleData name="Monitorear">Si</SimpleData>
            <SimpleData name="Fecha_de_M">-</SimpleData>
            <SimpleData name="F__de_pren">-</SimpleData>
            <SimpleData name="Estado_FAO">Monitorear</SimpleData>
            <SimpleData name="Etapa_de_i">Mantenimiento A?o 1.1</SimpleData>
            <SimpleData name="Fecha_visi">2026/10/03</SimpleData>
            <SimpleData name="Cumple_sup">Si</SimpleData>
            <SimpleData name="Estado_mon">-</SimpleData>
            <SimpleData name="Situaci_12">-</SimpleData>
            <SimpleData name="Observaci">-</SimpleData>
            <SimpleData name="Dias_trans">1.16929398148</SimpleData>
            <SimpleData name="Prioridad">ALTA</SimpleData>
            <SimpleData name="OBJECTID_1">207</SimpleData>
          </SchemaData>
        </ExtendedData>
        <Polygon>
          <outerBoundaryIs>
            <LinearRing>
              <coordinates>
                -55.6457344002634,-23.9127385998657,0
                -55.6467592996524,-23.9130754997622,0
                -55.6469530003238,-23.9124899996226,0
                -55.6460156995942,-23.912153599967,0
                -55.6457344002634,-23.9127385998657,0
              </coordinates>
            </LinearRing>
          </outerBoundaryIs>
        </Polygon>
      </Placemark>
      <Placemark id="Distrito_YPEJH__.35">
        <ExtendedData>
          <SchemaData schemaUrl="#Distrito_YPEJH__.schema">
            <SimpleData name="Cédula">6795114.00000000000</SimpleData>
            <SimpleData name="cedula">6795114</SimpleData>
            <SimpleData name="Cédula_1">6795114.00000000000</SimpleData>
            <SimpleData name="N_">195.00000000000</SimpleData>
            <SimpleData name="Nombres_y_">NANCI SALINAS MONTANIA</SimpleData>
            <SimpleData name="Sexo">Mujer</SimpleData>
            <SimpleData name="Cambio_de_">NO</SimpleData>
            <SimpleData name="Titular_se">NO</SimpleData>
            <SimpleData name="Cédula_Ti">NO</SimpleData>
            <SimpleData name="Situación">NO</SimpleData>
            <SimpleData name="Comunidad">Ind?gena</SimpleData>
            <SimpleData name="Modelo">Modelo 5</SimpleData>
            <SimpleData name="Departamen">CANINDEYU</SimpleData>
            <SimpleData name="Distrito">YPEJH?</SimpleData>
            <SimpleData name="Localidad">COM INDIG YVY KATU</SimpleData>
            <SimpleData name="Teléfono">ND</SimpleData>
            <SimpleData name="Vivienda_L">-23.97696890000</SimpleData>
            <SimpleData name="Vivienda_1">-55.86618920000</SimpleData>
            <SimpleData name="Superficie">0.70000000000</SimpleData>
            <SimpleData name="Situaci_1">Par?metro</SimpleData>
            <SimpleData name="Plantado">Si</SimpleData>
            <SimpleData name="Parcela_La">-23.97712288000</SimpleData>
            <SimpleData name="Parcela_Lo">-55.86660559000</SimpleData>
            <SimpleData name="Grupo_Impl">G2</SimpleData>
            <SimpleData name="Grupo_de_P">H-P8-XX-XX-XX</SimpleData>
            <SimpleData name="Jornales">0.00000000000</SimpleData>
            <SimpleData name="Monto">0.00000000000</SimpleData>
            <SimpleData name="ETAPA_FAO">Mantenimiento A?o 1.1</SimpleData>
            <SimpleData name="Estado_del">Activo</SimpleData>
            <SimpleData name="Empresa">Hyh Consultores SRL</SimpleData>
            <SimpleData name="Lote">H</SimpleData>
            <SimpleData name="Monitorear">No</SimpleData>
            <SimpleData name="Fecha_de_M">9/7/2026</SimpleData>
            <SimpleData name="F__de_pren">70</SimpleData>
            <SimpleData name="Estado_FAO">Monitorear Reposicion</SimpleData>
            <SimpleData name="Etapa_de_i">Mantenimiento A?o 1.1</SimpleData>
            <SimpleData name="Fecha_visi">2026/09/29</SimpleData>
            <SimpleData name="Cumple_sup">Si</SimpleData>
            <SimpleData name="Estado_mon">No cumple</SimpleData>
            <SimpleData name="Situaci_12">En el momento del monitoreo de la parcela se visualiza perdida de plantines de c?tricos y de especies de r?pido crecimiento causado por ataque de hormiga cortadora.</SimpleData>
            <SimpleData name="Observaci">-</SimpleData>
            <SimpleData name="Dias_trans">5.21562500000</SimpleData>
            <SimpleData name="Prioridad">ALTA</SimpleData>
            <SimpleData name="OBJECTID_1">195</SimpleData>
          </SchemaData>
        </ExtendedData>
        <Polygon>
          <outerBoundaryIs>
            <LinearRing>
              <coordinates>
                -55.8660446992777,-23.9771885004411,0
                -55.8665725991282,-23.9777399003933,0
                -55.8671745995744,-23.9768989999039,0
                -55.8666351993335,-23.9765847998956,0
                -55.8660446992777,-23.9771885004411,0
              </coordinates>
            </LinearRing>
          </outerBoundaryIs>
        </Polygon>
      </Placemark>
      <Placemark id="Distrito_YPEJH__.36">
        <ExtendedData>
          <SchemaData schemaUrl="#Distrito_YPEJH__.schema">
            <SimpleData name="Cédula">5426597.00000000000</SimpleData>
            <SimpleData name="cedula">5426597</SimpleData>
            <SimpleData name="Cédula_1">5426597.00000000000</SimpleData>
            <SimpleData name="N_">89.00000000000</SimpleData>
            <SimpleData name="Nombres_y_">GABRIELA PERALTA BENITEZ</SimpleData>
            <SimpleData name="Sexo">Mujer</SimpleData>
            <SimpleData name="Cambio_de_">NO</SimpleData>
            <SimpleData name="Titular_se">NO</SimpleData>
            <SimpleData name="Cédula_Ti">NO</SimpleData>
            <SimpleData name="Situación">NO</SimpleData>
            <SimpleData name="Comunidad">Ind?gena</SimpleData>
            <SimpleData name="Modelo">Modelo 5</SimpleData>
            <SimpleData name="Departamen">CANINDEYU</SimpleData>
            <SimpleData name="Distrito">YPEJH?</SimpleData>
            <SimpleData name="Localidad">COM INDIG PYPUCU</SimpleData>
            <SimpleData name="Teléfono">0984801974</SimpleData>
            <SimpleData name="Vivienda_L">-23.90779670000</SimpleData>
            <SimpleData name="Vivienda_1">-55.67127670000</SimpleData>
            <SimpleData name="Superficie">0.70000000000</SimpleData>
            <SimpleData name="Situaci_1">Par?metro</SimpleData>
            <SimpleData name="Plantado">Si</SimpleData>
            <SimpleData name="Parcela_La">-23.90746528000</SimpleData>
            <SimpleData name="Parcela_Lo">-55.67197703000</SimpleData>
            <SimpleData name="Grupo_Impl">G2</SimpleData>
            <SimpleData name="Grupo_de_P">H-P6-XX-XX-XX</SimpleData>
            <SimpleData name="Jornales">0.00000000000</SimpleData>
            <SimpleData name="Monto">0.00000000000</SimpleData>
            <SimpleData name="ETAPA_FAO">Mantenimiento A?o 1.1</SimpleData>
            <SimpleData name="Estado_del">Activo</SimpleData>
            <SimpleData name="Empresa">Hyh Consultores SRL</SimpleData>
            <SimpleData name="Lote">H</SimpleData>
            <SimpleData name="Monitorear">No</SimpleData>
            <SimpleData name="Fecha_de_M">-</SimpleData>
            <SimpleData name="F__de_pren">-</SimpleData>
            <SimpleData name="Estado_FAO">Monitorear</SimpleData>
            <SimpleData name="Etapa_de_i">Mantenimiento A?o 1.1</SimpleData>
            <SimpleData name="Fecha_visi">2026/10/02</SimpleData>
            <SimpleData name="Cumple_sup">Si</SimpleData>
            <SimpleData name="Estado_mon">-</SimpleData>
            <SimpleData name="Situaci_12">-</SimpleData>
            <SimpleData name="Observaci">-</SimpleData>
            <SimpleData name="Dias_trans">2.21759259259</SimpleData>
            <SimpleData name="Prioridad">ALTA</SimpleData>
            <SimpleData name="OBJECTID_1">89</SimpleData>
          </SchemaData>
        </ExtendedData>
        <MultiGeometry>
          <Polygon>
            <outerBoundaryIs>
              <LinearRing>
                <coordinates>
                  -55.6716688997836,-23.9077943003917,0
                  -55.6717575996008,-23.9079273004189,0
                  -55.6723878997784,-23.9075352996621,0
                  -55.6719578996278,-23.9070101999447,0
                  -55.6716651003946,-23.9072863002043,0
                  -55.671848299925,-23.9076316999494,0
                  -55.6716688997836,-23.9077943003917,0
                </coordinates>
              </LinearRing>
            </outerBoundaryIs>
          </Polygon>
          <Polygon>
            <outerBoundaryIs>
              <LinearRing>
                <coordinates>
                  -55.6726846995631,-23.9068427998664,0
                  -55.6729749995944,-23.907204400216,0
                  -55.6734695996683,-23.9069045004189,0
                  -55.6730853996414,-23.9064619002109,0
                  -55.6726846995631,-23.9068427998664,0
                </coordinates>
              </LinearRing>
            </outerBoundaryIs>
          </Polygon>
        </MultiGeometry>
      </Placemark>
      <Placemark id="Distrito_YPEJH__.37">
        <ExtendedData>
          <SchemaData schemaUrl="#Distrito_YPEJH__.schema">
            <SimpleData name="Cédula">6762931.00000000000</SimpleData>
            <SimpleData name="cedula">6762931</SimpleData>
            <SimpleData name="Cédula_1">6762931.00000000000</SimpleData>
            <SimpleData name="N_">58.00000000000</SimpleData>
            <SimpleData name="Nombres_y_">ROSA ARCE BENITEZ</SimpleData>
            <SimpleData name="Sexo">Mujer</SimpleData>
            <SimpleData name="Cambio_de_">NO</SimpleData>
            <SimpleData name="Titular_se">NO</SimpleData>
            <SimpleData name="Cédula_Ti">NO</SimpleData>
            <SimpleData name="Situación">NO</SimpleData>
            <SimpleData name="Comunidad">Ind?gena</SimpleData>
            <SimpleData name="Modelo">Modelo 5</SimpleData>
            <SimpleData name="Departamen">CANINDEYU</SimpleData>
            <SimpleData name="Distrito">YPEJH?</SimpleData>
            <SimpleData name="Localidad">COM INDIG YVY KATU</SimpleData>
            <SimpleData name="Teléfono">0985375468</SimpleData>
            <SimpleData name="Vivienda_L">-23.97089500000</SimpleData>
            <SimpleData name="Vivienda_1">-55.86126170000</SimpleData>
            <SimpleData name="Superficie">0.70000000000</SimpleData>
            <SimpleData name="Situaci_1">Par?metro</SimpleData>
            <SimpleData name="Plantado">Si</SimpleData>
            <SimpleData name="Parcela_La">-23.97029517000</SimpleData>
            <SimpleData name="Parcela_Lo">-55.86329077000</SimpleData>
            <SimpleData name="Grupo_Impl">G2</SimpleData>
            <SimpleData name="Grupo_de_P">H-P7-XX-XX-XX</SimpleData>
            <SimpleData name="Jornales">0.00000000000</SimpleData>
            <SimpleData name="Monto">0.00000000000</SimpleData>
            <SimpleData name="ETAPA_FAO">Mantenimiento A?o 1.1</SimpleData>
            <SimpleData name="Estado_del">Activo</SimpleData>
            <SimpleData name="Empresa">Hyh Consultores SRL</SimpleData>
            <SimpleData name="Lote">H</SimpleData>
            <SimpleData name="Monitorear">No</SimpleData>
            <SimpleData name="Fecha_de_M">14/7/2026</SimpleData>
            <SimpleData name="F__de_pren">50</SimpleData>
            <SimpleData name="Estado_FAO">Monitorear Reposicion</SimpleData>
            <SimpleData name="Etapa_de_i">Mantenimiento A?o 1.1</SimpleData>
            <SimpleData name="Fecha_visi">2026/09/26</SimpleData>
            <SimpleData name="Cumple_sup">Si</SimpleData>
            <SimpleData name="Estado_mon">No cumple</SimpleData>
            <SimpleData name="Situaci_12">Parcela Agroforestal totalmente enmalezada, se recomienda realizar limpieza yhacer coronado en plantas, faltan reposici?n de al menos 50 % de c?tricos, no se observan  reposici?n alguna, se recomienda  realizar poda y aplicaci?ndeoxicloruro. Se obser</SimpleData>
            <SimpleData name="Observaci">-</SimpleData>
            <SimpleData name="Dias_trans">8.25581018518</SimpleData>
            <SimpleData name="Prioridad">ALTA</SimpleData>
            <SimpleData name="OBJECTID_1">58</SimpleData>
          </SchemaData>
        </ExtendedData>
        <Polygon>
          <outerBoundaryIs>
            <LinearRing>
              <coordinates>
                -55.8627033003429,-23.9704899995839,0
                -55.8636000003934,-23.9707550004447,0
                -55.8638900001434,-23.9701066998952,0
                -55.8629665996505,-23.9698350999303,0
                -55.8627033003429,-23.9704899995839,0
              </coordinates>
            </LinearRing>
          </outerBoundaryIs>
        </Polygon>
      </Placemark>
      <Placemark id="Distrito_YPEJH__.38">
        <ExtendedData>
          <SchemaData schemaUrl="#Distrito_YPEJH__.schema">
            <SimpleData name="Cédula">7236381.00000000000</SimpleData>
            <SimpleData name="cedula">7236381</SimpleData>
            <SimpleData name="Cédula_1">7236381.00000000000</SimpleData>
            <SimpleData name="N_">275.00000000000</SimpleData>
            <SimpleData name="Nombres_y_">HILARIA ROMERO GONZALEZ</SimpleData>
            <SimpleData name="Sexo">Mujer</SimpleData>
            <SimpleData name="Cambio_de_">NO</SimpleData>
            <SimpleData name="Titular_se">NO</SimpleData>
            <SimpleData name="Cédula_Ti">NO</SimpleData>
            <SimpleData name="Situación">NO</SimpleData>
            <SimpleData name="Comunidad">Ind?gena</SimpleData>
            <SimpleData name="Modelo">Modelo 5</SimpleData>
            <SimpleData name="Departamen">CANINDEYU</SimpleData>
            <SimpleData name="Distrito">YPEJH?</SimpleData>
            <SimpleData name="Localidad">COM INDIG PYPUCU</SimpleData>
            <SimpleData name="Teléfono">0981871557</SimpleData>
            <SimpleData name="Vivienda_L">-23.91253610000</SimpleData>
            <SimpleData name="Vivienda_1">-55.63953000000</SimpleData>
            <SimpleData name="Superficie">0.70000000000</SimpleData>
            <SimpleData name="Situaci_1">Par?metro</SimpleData>
            <SimpleData name="Plantado">Si</SimpleData>
            <SimpleData name="Parcela_La">-23.91233996000</SimpleData>
            <SimpleData name="Parcela_Lo">-55.64099069000</SimpleData>
            <SimpleData name="Grupo_Impl">G2</SimpleData>
            <SimpleData name="Grupo_de_P">H-P6-XX-XX-XX</SimpleData>
            <SimpleData name="Jornales">0.00000000000</SimpleData>
            <SimpleData name="Monto">0.00000000000</SimpleData>
            <SimpleData name="ETAPA_FAO">Mantenimiento A?o 1.1</SimpleData>
            <SimpleData name="Estado_del">Activo</SimpleData>
            <SimpleData name="Empresa">Hyh Consultores SRL</SimpleData>
            <SimpleData name="Lote">H</SimpleData>
            <SimpleData name="Monitorear">Si</SimpleData>
            <SimpleData name="Fecha_de_M">-</SimpleData>
            <SimpleData name="F__de_pren">-</SimpleData>
            <SimpleData name="Estado_FAO">Monitorear</SimpleData>
            <SimpleData name="Etapa_de_i">Mantenimiento A?o 1.1</SimpleData>
            <SimpleData name="Fecha_visi">2026/10/01</SimpleData>
            <SimpleData name="Cumple_sup">Si</SimpleData>
            <SimpleData name="Estado_mon">-</SimpleData>
            <SimpleData name="Situaci_12">-</SimpleData>
            <SimpleData name="Observaci">-</SimpleData>
            <SimpleData name="Dias_trans">3.14914351852</SimpleData>
            <SimpleData name="Prioridad">ALTA</SimpleData>
            <SimpleData name="OBJECTID_1">275</SimpleData>
          </SchemaData>
        </ExtendedData>
        <Polygon>
          <outerBoundaryIs>
            <LinearRing>
              <coordinates>
                -55.6400380998024,-23.9124717997415,0
                -55.6406492999396,-23.9125310996541,0
                -55.6411387995144,-23.9125403995786,0
                -55.6417933004222,-23.9125175996521,0
                -55.6419508000785,-23.9125236003507,0
                -55.6419247004766,-23.912263299861,0
                -55.6416915004862,-23.9121447998341,0
                -55.6400383998443,-23.9121585004135,0
                -55.6400380998024,-23.9124717997415,0
              </coordinates>
            </LinearRing>
          </outerBoundaryIs>
        </Polygon>
      </Placemark>
      <Placemark id="Distrito_YPEJH__.39">
        <ExtendedData>
          <SchemaData schemaUrl="#Distrito_YPEJH__.schema">
            <SimpleData name="Cédula">7285548.00000000000</SimpleData>
            <SimpleData name="cedula">7285548</SimpleData>
            <SimpleData name="Cédula_1">7285548.00000000000</SimpleData>
            <SimpleData name="N_">308.00000000000</SimpleData>
            <SimpleData name="Nombres_y_">CELSA LOPEZ BENITEZ</SimpleData>
            <SimpleData name="Sexo">Mujer</SimpleData>
            <SimpleData name="Cambio_de_">NO</SimpleData>
            <SimpleData name="Titular_se">NO</SimpleData>
            <SimpleData name="Cédula_Ti">NO</SimpleData>
            <SimpleData name="Situación">NO</SimpleData>
            <SimpleData name="Comunidad">Ind?gena</SimpleData>
            <SimpleData name="Modelo">Modelo 5</SimpleData>
            <SimpleData name="Departamen">CANINDEYU</SimpleData>
            <SimpleData name="Distrito">YPEJH?</SimpleData>
            <SimpleData name="Localidad">COM INDIG PYPUCU</SimpleData>
            <SimpleData name="Teléfono">0983405406</SimpleData>
            <SimpleData name="Vivienda_L">-23.89750820000</SimpleData>
            <SimpleData name="Vivienda_1">-55.64348510000</SimpleData>
            <SimpleData name="Superficie">0.70000000000</SimpleData>
            <SimpleData name="Situaci_1">Par?metro</SimpleData>
            <SimpleData name="Plantado">Si</SimpleData>
            <SimpleData name="Parcela_La">-23.89679664000</SimpleData>
            <SimpleData name="Parcela_Lo">-55.64342523000</SimpleData>
            <SimpleData name="Grupo_Impl">G2</SimpleData>
            <SimpleData name="Grupo_de_P">H-P6-XX-XX-XX</SimpleData>
            <SimpleData name="Jornales">0.00000000000</SimpleData>
            <SimpleData name="Monto">0.00000000000</SimpleData>
            <SimpleData name="ETAPA_FAO">Mantenimiento A?o 1.1</SimpleData>
            <SimpleData name="Estado_del">Activo</SimpleData>
            <SimpleData name="Empresa">Hyh Consultores SRL</SimpleData>
            <SimpleData name="Lote">H</SimpleData>
            <SimpleData name="Monitorear">Si</SimpleData>
            <SimpleData name="Fecha_de_M">-</SimpleData>
            <SimpleData name="F__de_pren">-</SimpleData>
            <SimpleData name="Estado_FAO">Monitorear</SimpleData>
            <SimpleData name="Etapa_de_i">Mantenimiento A?o 1.1</SimpleData>
            <SimpleData name="Fecha_visi">2026/10/03</SimpleData>
            <SimpleData name="Cumple_sup">Si</SimpleData>
            <SimpleData name="Estado_mon">-</SimpleData>
            <SimpleData name="Situaci_12">-</SimpleData>
            <SimpleData name="Observaci">-</SimpleData>
            <SimpleData name="Dias_trans">1.16937500000</SimpleData>
            <SimpleData name="Prioridad">ALTA</SimpleData>
            <SimpleData name="OBJECTID_1">308</SimpleData>
          </SchemaData>
        </ExtendedData>
        <Polygon>
          <outerBoundaryIs>
            <LinearRing>
              <coordinates>
                -55.6430718000127,-23.8971138003252,0
                -55.6438183001273,-23.8972899999558,0
                -55.6440317002257,-23.89653169988,0
                -55.6427386996345,-23.8963783995554,0
                -55.6430718000127,-23.8971138003252,0
              </coordinates>
            </LinearRing>
          </outerBoundaryIs>
        </Polygon>
      </Placemark>
      <Placemark id="Distrito_YPEJH__.40">
        <ExtendedData>
          <SchemaData schemaUrl="#Distrito_YPEJH__.schema">
            <SimpleData name="Cédula">6226638.00000000000</SimpleData>
            <SimpleData name="cedula">6226638</SimpleData>
            <SimpleData name="Cédula_1">6226638.00000000000</SimpleData>
            <SimpleData name="N_">43.00000000000</SimpleData>
            <SimpleData name="Nombres_y_">JUAN CARLOS ARCE BENITEZ</SimpleData>
            <SimpleData name="Sexo">Hombre</SimpleData>
            <SimpleData name="Cambio_de_">NO</SimpleData>
            <SimpleData name="Titular_se">NO</SimpleData>
            <SimpleData name="Cédula_Ti">NO</SimpleData>
            <SimpleData name="Situación">NO</SimpleData>
            <SimpleData name="Comunidad">Ind?gena</SimpleData>
            <SimpleData name="Modelo">Modelo 1</SimpleData>
            <SimpleData name="Departamen">CANINDEYU</SimpleData>
            <SimpleData name="Distrito">YPEJH?</SimpleData>
            <SimpleData name="Localidad">COM INDIG NARANDAY</SimpleData>
            <SimpleData name="Teléfono">ND</SimpleData>
            <SimpleData name="Vivienda_L">-23.95303920000</SimpleData>
            <SimpleData name="Vivienda_1">-55.83381150000</SimpleData>
            <SimpleData name="Superficie">0.80000000000</SimpleData>
            <SimpleData name="Situaci_1">Pol?gono</SimpleData>
            <SimpleData name="Plantado">Si</SimpleData>
            <SimpleData name="Parcela_La">-23.94969573000</SimpleData>
            <SimpleData name="Parcela_Lo">-55.82814257000</SimpleData>
            <SimpleData name="Grupo_Impl">G2</SimpleData>
            <SimpleData name="Grupo_de_P">H-P5-XX-XX-XX</SimpleData>
            <SimpleData name="Jornales">0.00000000000</SimpleData>
            <SimpleData name="Monto">0.00000000000</SimpleData>
            <SimpleData name="ETAPA_FAO">Mantenimiento A?o 1.1</SimpleData>
            <SimpleData name="Estado_del">Activo</SimpleData>
            <SimpleData name="Empresa">Hyh Consultores SRL</SimpleData>
            <SimpleData name="Lote">H</SimpleData>
            <SimpleData name="Monitorear">No</SimpleData>
            <SimpleData name="Fecha_de_M">-</SimpleData>
            <SimpleData name="F__de_pren">-</SimpleData>
            <SimpleData name="Estado_FAO">Verificar posible desercion</SimpleData>
            <SimpleData name="Etapa_de_i">Mantenimiento A?o 1.1</SimpleData>
            <SimpleData name="Fecha_visi">2026/09/29</SimpleData>
            <SimpleData name="Cumple_sup">Si</SimpleData>
            <SimpleData name="Estado_mon">-</SimpleData>
            <SimpleData name="Situaci_12">-</SimpleData>
            <SimpleData name="Observaci">Falta de inter?s o no ve el beneficio;Parcela abandonada, perdida totalidad de plantas en la parcela</SimpleData>
            <SimpleData name="Dias_trans">5.53674121528</SimpleData>
            <SimpleData name="Prioridad">ALTA</SimpleData>
            <SimpleData name="OBJECTID_1">43</SimpleData>
          </SchemaData>
        </ExtendedData>
        <Polygon>
          <outerBoundaryIs>
            <LinearRing>
              <coordinates>
                -55.8284809044677,-23.9500976961093,0
                -55.8287038628043,-23.9500544231326,0
                -55.8283982998727,-23.9492033003402,0
                -55.8277582999552,-23.9493016998745,0
                -55.827630000128,-23.9500433002117,0
                -55.8284809044677,-23.9500976961093,0
              </coordinates>
            </LinearRing>
          </outerBoundaryIs>
        </Polygon>
      </Placemark>
      <Placemark id="Distrito_YPEJH__.41">
        <ExtendedData>
          <SchemaData schemaUrl="#Distrito_YPEJH__.schema">
            <SimpleData name="Cédula">8339291.00000000000</SimpleData>
            <SimpleData name="cedula">8339291</SimpleData>
            <SimpleData name="Cédula_1">8339291.00000000000</SimpleData>
            <SimpleData name="N_">46.00000000000</SimpleData>
            <SimpleData name="Nombres_y_">LORENZA ARCE GONZALEZ</SimpleData>
            <SimpleData name="Sexo">Mujer</SimpleData>
            <SimpleData name="Cambio_de_">NO</SimpleData>
            <SimpleData name="Titular_se">NO</SimpleData>
            <SimpleData name="Cédula_Ti">NO</SimpleData>
            <SimpleData name="Situación">NO</SimpleData>
            <SimpleData name="Comunidad">Ind?gena</SimpleData>
            <SimpleData name="Modelo">Modelo 2</SimpleData>
            <SimpleData name="Departamen">CANINDEYU</SimpleData>
            <SimpleData name="Distrito">YPEJH?</SimpleData>
            <SimpleData name="Localidad">COM INDIG NARANDAY</SimpleData>
            <SimpleData name="Teléfono">ND</SimpleData>
            <SimpleData name="Vivienda_L">-23.95271580000</SimpleData>
            <SimpleData name="Vivienda_1">-55.83443040000</SimpleData>
            <SimpleData name="Superficie">0.80000000000</SimpleData>
            <SimpleData name="Situaci_1">Pol?gono</SimpleData>
            <SimpleData name="Plantado">Si</SimpleData>
            <SimpleData name="Parcela_La">-23.94950225000</SimpleData>
            <SimpleData name="Parcela_Lo">-55.82612470000</SimpleData>
            <SimpleData name="Grupo_Impl">G2</SimpleData>
            <SimpleData name="Grupo_de_P">H-P5-XX-XX-XX</SimpleData>
            <SimpleData name="Jornales">0.00000000000</SimpleData>
            <SimpleData name="Monto">0.00000000000</SimpleData>
            <SimpleData name="ETAPA_FAO">Mantenimiento A?o 1.1</SimpleData>
            <SimpleData name="Estado_del">Activo</SimpleData>
            <SimpleData name="Empresa">Hyh Consultores SRL</SimpleData>
            <SimpleData name="Lote">H</SimpleData>
            <SimpleData name="Monitorear">No</SimpleData>
            <SimpleData name="Fecha_de_M">-</SimpleData>
            <SimpleData name="F__de_pren">-</SimpleData>
            <SimpleData name="Estado_FAO">Verificar posible desercion</SimpleData>
            <SimpleData name="Etapa_de_i">Mantenimiento A?o 1.1</SimpleData>
            <SimpleData name="Fecha_visi">2026/09/30</SimpleData>
            <SimpleData name="Cumple_sup">Si</SimpleData>
            <SimpleData name="Estado_mon">-</SimpleData>
            <SimpleData name="Situaci_12">-</SimpleData>
            <SimpleData name="Observaci">Falta de inter?s o no ve el beneficio;Parcela abandonada</SimpleData>
            <SimpleData name="Dias_trans">4.62792403935</SimpleData>
            <SimpleData name="Prioridad">ALTA</SimpleData>
            <SimpleData name="OBJECTID_1">46</SimpleData>
          </SchemaData>
        </ExtendedData>
        <Polygon>
          <outerBoundaryIs>
            <LinearRing>
              <coordinates>
                -55.8258115004823,-23.948975300171,0
                -55.8257650005055,-23.9500682997743,0
                -55.8264116996302,-23.9500182996228,0
                -55.8264116000029,-23.949619999855,0
                -55.8264899999744,-23.949603300011,0
                -55.8265149997889,-23.9489966998585,0
                -55.8258115004823,-23.948975300171,0
              </coordinates>
            </LinearRing>
          </outerBoundaryIs>
        </Polygon>
      </Placemark>
      <Placemark id="Distrito_YPEJH__.42">
        <ExtendedData>
          <SchemaData schemaUrl="#Distrito_YPEJH__.schema">
            <SimpleData name="Cédula">5454035.00000000000</SimpleData>
            <SimpleData name="cedula">5454035</SimpleData>
            <SimpleData name="Cédula_1">5454035.00000000000</SimpleData>
            <SimpleData name="N_">118.00000000000</SimpleData>
            <SimpleData name="Nombres_y_">VIVIANA LOPEZ ROA</SimpleData>
            <SimpleData name="Sexo">Mujer</SimpleData>
            <SimpleData name="Cambio_de_">NO</SimpleData>
            <SimpleData name="Titular_se">NO</SimpleData>
            <SimpleData name="Cédula_Ti">NO</SimpleData>
            <SimpleData name="Situación">NO</SimpleData>
            <SimpleData name="Comunidad">Ind?gena</SimpleData>
            <SimpleData name="Modelo">Modelo 5</SimpleData>
            <SimpleData name="Departamen">CANINDEYU</SimpleData>
            <SimpleData name="Distrito">YPEJH?</SimpleData>
            <SimpleData name="Localidad">COM INDIG PYPUCU</SimpleData>
            <SimpleData name="Teléfono">ND</SimpleData>
            <SimpleData name="Vivienda_L">-23.91453150000</SimpleData>
            <SimpleData name="Vivienda_1">-55.65233000000</SimpleData>
            <SimpleData name="Superficie">0.70000000000</SimpleData>
            <SimpleData name="Situaci_1">Par?metro</SimpleData>
            <SimpleData name="Plantado">Si</SimpleData>
            <SimpleData name="Parcela_La">-23.91483418000</SimpleData>
            <SimpleData name="Parcela_Lo">-55.65206733000</SimpleData>
            <SimpleData name="Grupo_Impl">G2</SimpleData>
            <SimpleData name="Grupo_de_P">H-P8-XX-XX-XX</SimpleData>
            <SimpleData name="Jornales">0.00000000000</SimpleData>
            <SimpleData name="Monto">0.00000000000</SimpleData>
            <SimpleData name="ETAPA_FAO">Mantenimiento A?o 1.1</SimpleData>
            <SimpleData name="Estado_del">Activo</SimpleData>
            <SimpleData name="Empresa">Hyh Consultores SRL</SimpleData>
            <SimpleData name="Lote">H</SimpleData>
            <SimpleData name="Monitorear">No</SimpleData>
            <SimpleData name="Fecha_de_M">-</SimpleData>
            <SimpleData name="F__de_pren">-</SimpleData>
            <SimpleData name="Estado_FAO">Monitorear</SimpleData>
            <SimpleData name="Etapa_de_i">Mantenimiento A?o 1.1</SimpleData>
            <SimpleData name="Fecha_visi">2026/10/03</SimpleData>
            <SimpleData name="Cumple_sup">Si</SimpleData>
            <SimpleData name="Estado_mon">-</SimpleData>
            <SimpleData name="Situaci_12">-</SimpleData>
            <SimpleData name="Observaci">-</SimpleData>
            <SimpleData name="Dias_trans">1.26291666667</SimpleData>
            <SimpleData name="Prioridad">ALTA</SimpleData>
            <SimpleData name="OBJECTID_1">118</SimpleData>
          </SchemaData>
        </ExtendedData>
        <Polygon>
          <outerBoundaryIs>
            <LinearRing>
              <coordinates>
                -55.6515132992469,-23.9150866999357,0
                -55.6519732994305,-23.9154802999672,0
                -55.6527649229133,-23.9142754719048,0
                -55.6518316997678,-23.9145083005286,0
                -55.6515132992469,-23.9150866999357,0
              </coordinates>
            </LinearRing>
          </outerBoundaryIs>
        </Polygon>
      </Placemark>
      <Placemark id="Distrito_YPEJH__.43">
        <ExtendedData>
          <SchemaData schemaUrl="#Distrito_YPEJH__.schema">
            <SimpleData name="Cédula">6747927.00000000000</SimpleData>
            <SimpleData name="cedula">6747927</SimpleData>
            <SimpleData name="Cédula_1">6747927.00000000000</SimpleData>
            <SimpleData name="N_">64.00000000000</SimpleData>
            <SimpleData name="Nombres_y_">TRANQUILINA ESPINOLA FERNANDEZ</SimpleData>
            <SimpleData name="Sexo">Mujer</SimpleData>
            <SimpleData name="Cambio_de_">NO</SimpleData>
            <SimpleData name="Titular_se">NO</SimpleData>
            <SimpleData name="Cédula_Ti">NO</SimpleData>
            <SimpleData name="Situación">NO</SimpleData>
            <SimpleData name="Comunidad">Ind?gena</SimpleData>
            <SimpleData name="Modelo">Modelo 1</SimpleData>
            <SimpleData name="Departamen">CANINDEYU</SimpleData>
            <SimpleData name="Distrito">YPEJH?</SimpleData>
            <SimpleData name="Localidad">COM INDIG KABAYU PASO</SimpleData>
            <SimpleData name="Teléfono">ND</SimpleData>
            <SimpleData name="Vivienda_L">-24.00615570000</SimpleData>
            <SimpleData name="Vivienda_1">-55.86900140000</SimpleData>
            <SimpleData name="Superficie">0.80000000000</SimpleData>
            <SimpleData name="Situaci_1">Pol?gono</SimpleData>
            <SimpleData name="Plantado">Si</SimpleData>
            <SimpleData name="Parcela_La">-24.00706507000</SimpleData>
            <SimpleData name="Parcela_Lo">-55.87334657000</SimpleData>
            <SimpleData name="Grupo_Impl">G2</SimpleData>
            <SimpleData name="Grupo_de_P">H-P3-XX-XX-XX</SimpleData>
            <SimpleData name="Jornales">0.00000000000</SimpleData>
            <SimpleData name="Monto">0.00000000000</SimpleData>
            <SimpleData name="ETAPA_FAO">Mantenimiento A?o 1.1</SimpleData>
            <SimpleData name="Estado_del">Activo</SimpleData>
            <SimpleData name="Empresa">Hyh Consultores SRL</SimpleData>
            <SimpleData name="Lote">H</SimpleData>
            <SimpleData name="Monitorear">No</SimpleData>
            <SimpleData name="Fecha_de_M">-</SimpleData>
            <SimpleData name="F__de_pren">-</SimpleData>
            <SimpleData name="Estado_FAO">Verificar posible desercion</SimpleData>
            <SimpleData name="Etapa_de_i">Mantenimiento A?o 1.1</SimpleData>
            <SimpleData name="Fecha_visi">2026/09/07</SimpleData>
            <SimpleData name="Cumple_sup">Si</SimpleData>
            <SimpleData name="Estado_mon">-</SimpleData>
            <SimpleData name="Situaci_12">-</SimpleData>
            <SimpleData name="Observaci">Falta de inter?s o no ve el beneficio;Parcela abandonada</SimpleData>
            <SimpleData name="Dias_trans">27.56944875000</SimpleData>
            <SimpleData name="Prioridad">ALTA</SimpleData>
            <SimpleData name="OBJECTID_1">64</SimpleData>
          </SchemaData>
        </ExtendedData>
        <Polygon>
          <outerBoundaryIs>
            <LinearRing>
              <coordinates>
                -55.8729021993214,-24.0062438996363,0
                -55.8733349998656,-24.0078752999572,0
                -55.8738250001022,-24.007778299831,0
                -55.8732817004542,-24.0062099998445,0
                -55.8729021993214,-24.0062438996363,0
              </coordinates>
            </LinearRing>
          </outerBoundaryIs>
        </Polygon>
      </Placemark>
      <Placemark id="Distrito_YPEJH__.44">
        <ExtendedData>
          <SchemaData schemaUrl="#Distrito_YPEJH__.schema">
            <SimpleData name="Cédula">7184959.00000000000</SimpleData>
            <SimpleData name="cedula">7184959</SimpleData>
            <SimpleData name="Cédula_1">7184959.00000000000</SimpleData>
            <SimpleData name="N_">55.00000000000</SimpleData>
            <SimpleData name="Nombres_y_">ZULMA SALINAS MONTANIA</SimpleData>
            <SimpleData name="Sexo">Mujer</SimpleData>
            <SimpleData name="Cambio_de_">NO</SimpleData>
            <SimpleData name="Titular_se">NO</SimpleData>
            <SimpleData name="Cédula_Ti">NO</SimpleData>
            <SimpleData name="Situación">NO</SimpleData>
            <SimpleData name="Comunidad">Ind?gena</SimpleData>
            <SimpleData name="Modelo">Modelo 2</SimpleData>
            <SimpleData name="Departamen">CANINDEYU</SimpleData>
            <SimpleData name="Distrito">YPEJH?</SimpleData>
            <SimpleData name="Localidad">COM INDIG TEKOHA PYAHU</SimpleData>
            <SimpleData name="Teléfono">ND</SimpleData>
            <SimpleData name="Vivienda_L">-23.92971830000</SimpleData>
            <SimpleData name="Vivienda_1">-55.87713670000</SimpleData>
            <SimpleData name="Superficie">0.80000000000</SimpleData>
            <SimpleData name="Situaci_1">Par?metro</SimpleData>
            <SimpleData name="Plantado">Si</SimpleData>
            <SimpleData name="Parcela_La">-23.93035592000</SimpleData>
            <SimpleData name="Parcela_Lo">-55.87269844000</SimpleData>
            <SimpleData name="Grupo_Impl">G2</SimpleData>
            <SimpleData name="Grupo_de_P">H-P8-XX-XX-XX</SimpleData>
            <SimpleData name="Jornales">0.00000000000</SimpleData>
            <SimpleData name="Monto">0.00000000000</SimpleData>
            <SimpleData name="ETAPA_FAO">Mantenimiento A?o 1.1</SimpleData>
            <SimpleData name="Estado_del">Activo</SimpleData>
            <SimpleData name="Empresa">Hyh Consultores SRL</SimpleData>
            <SimpleData name="Lote">H</SimpleData>
            <SimpleData name="Monitorear">No</SimpleData>
            <SimpleData name="Fecha_de_M">-</SimpleData>
            <SimpleData name="F__de_pren">-</SimpleData>
            <SimpleData name="Estado_FAO">Verificar posible desercion</SimpleData>
            <SimpleData name="Etapa_de_i">Mantenimiento A?o 1.1</SimpleData>
            <SimpleData name="Fecha_visi">2026/10/01</SimpleData>
            <SimpleData name="Cumple_sup">Si</SimpleData>
            <SimpleData name="Estado_mon">-</SimpleData>
            <SimpleData name="Situaci_12">-</SimpleData>
            <SimpleData name="Observaci">Falta de inter?s o no ve el beneficio;Parcela abandonada,</SimpleData>
            <SimpleData name="Dias_trans">3.47682789352</SimpleData>
            <SimpleData name="Prioridad">ALTA</SimpleData>
            <SimpleData name="OBJECTID_1">55</SimpleData>
          </SchemaData>
        </ExtendedData>
        <Polygon>
          <outerBoundaryIs>
            <LinearRing>
              <coordinates>
                -55.8723450001065,-23.9293766996766,0
                -55.8726783998198,-23.9313612003557,0
                -55.873061599796,-23.9311449997091,0
                -55.8727030001076,-23.9294194999995,0
                -55.8723450001065,-23.9293766996766,0
              </coordinates>
            </LinearRing>
          </outerBoundaryIs>
        </Polygon>
      </Placemark>
      <Placemark id="Distrito_YPEJH__.45">
        <ExtendedData>
          <SchemaData schemaUrl="#Distrito_YPEJH__.schema">
            <SimpleData name="Cédula">6786816.00000000000</SimpleData>
            <SimpleData name="cedula">6786816</SimpleData>
            <SimpleData name="Cédula_1">6786816.00000000000</SimpleData>
            <SimpleData name="N_">51.00000000000</SimpleData>
            <SimpleData name="Nombres_y_">ELISA ESQUIVEL BENITEZ</SimpleData>
            <SimpleData name="Sexo">Mujer</SimpleData>
            <SimpleData name="Cambio_de_">NO</SimpleData>
            <SimpleData name="Titular_se">NO</SimpleData>
            <SimpleData name="Cédula_Ti">NO</SimpleData>
            <SimpleData name="Situación">NO</SimpleData>
            <SimpleData name="Comunidad">Ind?gena</SimpleData>
            <SimpleData name="Modelo">Modelo 5</SimpleData>
            <SimpleData name="Departamen">CANINDEYU</SimpleData>
            <SimpleData name="Distrito">YPEJH?</SimpleData>
            <SimpleData name="Localidad">COM INDIG KABAYU PASO</SimpleData>
            <SimpleData name="Teléfono">0982013379</SimpleData>
            <SimpleData name="Vivienda_L">-23.99630000000</SimpleData>
            <SimpleData name="Vivienda_1">-55.87695670000</SimpleData>
            <SimpleData name="Superficie">0.70000000000</SimpleData>
            <SimpleData name="Situaci_1">Pol?gono</SimpleData>
            <SimpleData name="Plantado">Si</SimpleData>
            <SimpleData name="Parcela_La">-23.99598568000</SimpleData>
            <SimpleData name="Parcela_Lo">-55.87660921000</SimpleData>
            <SimpleData name="Grupo_Impl">G2</SimpleData>
            <SimpleData name="Grupo_de_P">H-P5-P15X-XX-XX</SimpleData>
            <SimpleData name="Jornales">0.00000000000</SimpleData>
            <SimpleData name="Monto">0.00000000000</SimpleData>
            <SimpleData name="ETAPA_FAO">Mantenimiento A?o 1.1</SimpleData>
            <SimpleData name="Estado_del">Activo</SimpleData>
            <SimpleData name="Empresa">Hyh Consultores SRL</SimpleData>
            <SimpleData name="Lote">H</SimpleData>
            <SimpleData name="Monitorear">No</SimpleData>
            <SimpleData name="Fecha_de_M">-</SimpleData>
            <SimpleData name="F__de_pren">-</SimpleData>
            <SimpleData name="Estado_FAO">Verificar posible desercion</SimpleData>
            <SimpleData name="Etapa_de_i">Mantenimiento A?o 1.1</SimpleData>
            <SimpleData name="Fecha_visi">2026/09/29</SimpleData>
            <SimpleData name="Cumple_sup">Si</SimpleData>
            <SimpleData name="Estado_mon">-</SimpleData>
            <SimpleData name="Situaci_12">-</SimpleData>
            <SimpleData name="Observaci">Falta de inter?s o no ve el beneficio;Parcela sin cuidados culturales, Abandonada</SimpleData>
            <SimpleData name="Dias_trans">5.32863930555</SimpleData>
            <SimpleData name="Prioridad">ALTA</SimpleData>
            <SimpleData name="OBJECTID_1">51</SimpleData>
          </SchemaData>
        </ExtendedData>
        <Polygon>
          <outerBoundaryIs>
            <LinearRing>
              <coordinates>
                -55.8765145997396,-23.995477699868,0
                -55.876411300044,-23.9959710998243,0
                -55.8761426005206,-23.9959469998838,0
                -55.8761412999044,-23.9961432998497,0
                -55.8762428996208,-23.9963040994505,0
                -55.8763390001731,-23.99649370048,0
                -55.8763876000939,-23.9965821001297,0
                -55.8769300999904,-23.9966107006544,0
                -55.8769422003842,-23.9963713001525,0
                -55.8766700999562,-23.9963508997329,0
                -55.876792899893,-23.9960689996367,0
                -55.8769473002248,-23.9959677998127,0
                -55.8768834005478,-23.9952515998554,0
                -55.8765769998877,-23.9952463001126,0
                -55.8765145997396,-23.995477699868,0
              </coordinates>
            </LinearRing>
          </outerBoundaryIs>
        </Polygon>
      </Placemark>
      <Placemark id="Distrito_YPEJH__.46">
        <ExtendedData>
          <SchemaData schemaUrl="#Distrito_YPEJH__.schema">
            <SimpleData name="Cédula">8061420.00000000000</SimpleData>
            <SimpleData name="cedula">8061420</SimpleData>
            <SimpleData name="Cédula_1">8061420.00000000000</SimpleData>
            <SimpleData name="N_">57.00000000000</SimpleData>
            <SimpleData name="Nombres_y_">PETRONA DUARTE OCAMPO</SimpleData>
            <SimpleData name="Sexo">Mujer</SimpleData>
            <SimpleData name="Cambio_de_">NO</SimpleData>
            <SimpleData name="Titular_se">NO</SimpleData>
            <SimpleData name="Cédula_Ti">NO</SimpleData>
            <SimpleData name="Situación">NO</SimpleData>
            <SimpleData name="Comunidad">Ind?gena</SimpleData>
            <SimpleData name="Modelo">Modelo 5</SimpleData>
            <SimpleData name="Departamen">CANINDEYU</SimpleData>
            <SimpleData name="Distrito">YPEJH?</SimpleData>
            <SimpleData name="Localidad">COM INDIG YVY KATU</SimpleData>
            <SimpleData name="Teléfono">ND</SimpleData>
            <SimpleData name="Vivienda_L">-23.96624180000</SimpleData>
            <SimpleData name="Vivienda_1">-55.86126370000</SimpleData>
            <SimpleData name="Superficie">0.70000000000</SimpleData>
            <SimpleData name="Situaci_1">Par?metro</SimpleData>
            <SimpleData name="Plantado">Si</SimpleData>
            <SimpleData name="Parcela_La">-23.96608131000</SimpleData>
            <SimpleData name="Parcela_Lo">-55.85877943000</SimpleData>
            <SimpleData name="Grupo_Impl">G2</SimpleData>
            <SimpleData name="Grupo_de_P">H-P7-XX-XX-XX</SimpleData>
            <SimpleData name="Jornales">0.00000000000</SimpleData>
            <SimpleData name="Monto">0.00000000000</SimpleData>
            <SimpleData name="ETAPA_FAO">Mantenimiento A?o 1.1</SimpleData>
            <SimpleData name="Estado_del">Activo</SimpleData>
            <SimpleData name="Empresa">Hyh Consultores SRL</SimpleData>
            <SimpleData name="Lote">H</SimpleData>
            <SimpleData name="Monitorear">No</SimpleData>
            <SimpleData name="Fecha_de_M">9/7/2026</SimpleData>
            <SimpleData name="F__de_pren">50</SimpleData>
            <SimpleData name="Estado_FAO">Monitorear Reposicion</SimpleData>
            <SimpleData name="Etapa_de_i">Mantenimiento A?o 1.1</SimpleData>
            <SimpleData name="Fecha_visi">2026/09/29</SimpleData>
            <SimpleData name="Cumple_sup">Si</SimpleData>
            <SimpleData name="Estado_mon">No cumple</SimpleData>
            <SimpleData name="Situaci_12">Al momento del monitoreo de mantenimiento y asistencia t?cnica se observa que la parcela no cumple con las especificaciones t?cnicas establecidas. Se visualiza importante ataque de hormigas cortadoras, p?rdida de injerto de c?tricos. Se observa adem</SimpleData>
            <SimpleData name="Observaci">-</SimpleData>
            <SimpleData name="Dias_trans">5.22069444445</SimpleData>
            <SimpleData name="Prioridad">ALTA</SimpleData>
            <SimpleData name="OBJECTID_1">57</SimpleData>
          </SchemaData>
        </ExtendedData>
        <Polygon>
          <outerBoundaryIs>
            <LinearRing>
              <coordinates>
                -55.8584366000311,-23.9658382004421,0
                -55.8581432993428,-23.9665849999385,0
                -55.8593549999442,-23.9661816997952,0
                -55.8592217000907,-23.9656199992935,0
                -55.8584366000311,-23.9658382004421,0
              </coordinates>
            </LinearRing>
          </outerBoundaryIs>
        </Polygon>
      </Placemark>
      <Placemark id="Distrito_YPEJH__.47">
        <ExtendedData>
          <SchemaData schemaUrl="#Distrito_YPEJH__.schema">
            <SimpleData name="Cédula">5885718.00000000000</SimpleData>
            <SimpleData name="cedula">5885718</SimpleData>
            <SimpleData name="Cédula_1">5885718.00000000000</SimpleData>
            <SimpleData name="N_">150.00000000000</SimpleData>
            <SimpleData name="Nombres_y_">NERCIA AQUINO RECALDE</SimpleData>
            <SimpleData name="Sexo">Mujer</SimpleData>
            <SimpleData name="Cambio_de_">NO</SimpleData>
            <SimpleData name="Titular_se">NO</SimpleData>
            <SimpleData name="Cédula_Ti">NO</SimpleData>
            <SimpleData name="Situación">NO</SimpleData>
            <SimpleData name="Comunidad">Ind?gena</SimpleData>
            <SimpleData name="Modelo">Modelo 5</SimpleData>
            <SimpleData name="Departamen">CANINDEYU</SimpleData>
            <SimpleData name="Distrito">YPEJH?</SimpleData>
            <SimpleData name="Localidad">COM INDIG ITANARA-PARIRI</SimpleData>
            <SimpleData name="Teléfono">0986812034</SimpleData>
            <SimpleData name="Vivienda_L">-23.86572180000</SimpleData>
            <SimpleData name="Vivienda_1">-55.69787730000</SimpleData>
            <SimpleData name="Superficie">0.70000000000</SimpleData>
            <SimpleData name="Situaci_1">Par?metro</SimpleData>
            <SimpleData name="Plantado">Si</SimpleData>
            <SimpleData name="Parcela_La">-23.86545739000</SimpleData>
            <SimpleData name="Parcela_Lo">-55.69843694000</SimpleData>
            <SimpleData name="Grupo_Impl">G2</SimpleData>
            <SimpleData name="Grupo_de_P">H-P8-XX-XX-XX</SimpleData>
            <SimpleData name="Jornales">0.00000000000</SimpleData>
            <SimpleData name="Monto">0.00000000000</SimpleData>
            <SimpleData name="ETAPA_FAO">Mantenimiento A?o 1.1</SimpleData>
            <SimpleData name="Estado_del">Activo</SimpleData>
            <SimpleData name="Empresa">Hyh Consultores SRL</SimpleData>
            <SimpleData name="Lote">H</SimpleData>
            <SimpleData name="Monitorear">Si</SimpleData>
            <SimpleData name="Fecha_de_M">-</SimpleData>
            <SimpleData name="F__de_pren">-</SimpleData>
            <SimpleData name="Estado_FAO">Monitorear</SimpleData>
            <SimpleData name="Etapa_de_i">Mantenimiento A?o 1.1</SimpleData>
            <SimpleData name="Fecha_visi">2026/10/05</SimpleData>
            <SimpleData name="Cumple_sup">Si</SimpleData>
            <SimpleData name="Estado_mon">-</SimpleData>
            <SimpleData name="Situaci_12">-</SimpleData>
            <SimpleData name="Observaci">-</SimpleData>
            <SimpleData name="Dias_trans">-0.05496527778</SimpleData>
            <SimpleData name="Prioridad">ALTA</SimpleData>
            <SimpleData name="OBJECTID_1">150</SimpleData>
          </SchemaData>
        </ExtendedData>
        <Polygon>
          <outerBoundaryIs>
            <LinearRing>
              <coordinates>
                -55.6983838993266,-23.8658866003714,0
                -55.6984937994091,-23.8659053997488,0
                -55.6987526999448,-23.8658107998571,0
                -55.6990195995785,-23.8657781999066,0
                -55.6989229992091,-23.8654534002553,0
                -55.6987843992135,-23.8651036003485,0
                -55.698680499253,-23.864940300211,0
                -55.6983858993309,-23.8650187003064,0
                -55.6980663997145,-23.86518609979,0
                -55.6977564997313,-23.8654589997874,0
                -55.6980603997354,-23.8657525002542,0
                -55.6983838993266,-23.8658866003714,0
              </coordinates>
            </LinearRing>
          </outerBoundaryIs>
        </Polygon>
      </Placemark>
      <Placemark id="Distrito_YPEJH__.48">
        <ExtendedData>
          <SchemaData schemaUrl="#Distrito_YPEJH__.schema">
            <SimpleData name="Cédula">5885619.00000000000</SimpleData>
            <SimpleData name="cedula">5885619</SimpleData>
            <SimpleData name="Cédula_1">5885619.00000000000</SimpleData>
            <SimpleData name="N_">146.00000000000</SimpleData>
            <SimpleData name="Nombres_y_">ADOLFINA BENITEZ ROMERO</SimpleData>
            <SimpleData name="Sexo">Mujer</SimpleData>
            <SimpleData name="Cambio_de_">NO</SimpleData>
            <SimpleData name="Titular_se">NO</SimpleData>
            <SimpleData name="Cédula_Ti">NO</SimpleData>
            <SimpleData name="Situación">NO</SimpleData>
            <SimpleData name="Comunidad">Ind?gena</SimpleData>
            <SimpleData name="Modelo">Modelo 5</SimpleData>
            <SimpleData name="Departamen">CANINDEYU</SimpleData>
            <SimpleData name="Distrito">YPEJH?</SimpleData>
            <SimpleData name="Localidad">COM INDIG ITANARA-PARIRI</SimpleData>
            <SimpleData name="Teléfono">ND</SimpleData>
            <SimpleData name="Vivienda_L">-23.82663160000</SimpleData>
            <SimpleData name="Vivienda_1">-55.68926490000</SimpleData>
            <SimpleData name="Superficie">0.70000000000</SimpleData>
            <SimpleData name="Situaci_1">Par?metro</SimpleData>
            <SimpleData name="Plantado">Si</SimpleData>
            <SimpleData name="Parcela_La">-23.82644136000</SimpleData>
            <SimpleData name="Parcela_Lo">-55.68833989000</SimpleData>
            <SimpleData name="Grupo_Impl">G2</SimpleData>
            <SimpleData name="Grupo_de_P">H-P9-XX-XX-XX</SimpleData>
            <SimpleData name="Jornales">0.00000000000</SimpleData>
            <SimpleData name="Monto">0.00000000000</SimpleData>
            <SimpleData name="ETAPA_FAO">Mantenimiento A?o 1.1</SimpleData>
            <SimpleData name="Estado_del">Activo</SimpleData>
            <SimpleData name="Empresa">Hyh Consultores SRL</SimpleData>
            <SimpleData name="Lote">H</SimpleData>
            <SimpleData name="Monitorear">Si</SimpleData>
            <SimpleData name="Fecha_de_M">-</SimpleData>
            <SimpleData name="F__de_pren">-</SimpleData>
            <SimpleData name="Estado_FAO">Verificar posible desercion</SimpleData>
            <SimpleData name="Etapa_de_i">Mantenimiento A?o 1.1</SimpleData>
            <SimpleData name="Fecha_visi">2026/09/23</SimpleData>
            <SimpleData name="Cumple_sup">Si</SimpleData>
            <SimpleData name="Estado_mon">-</SimpleData>
            <SimpleData name="Situaci_12">-</SimpleData>
            <SimpleData name="Observaci">Falta de inter?s o no ve el beneficio;Al momento de la visita se observa que en  la parcela  se realiz? corpida y posterior quema afectando a plantas existente en la parcela, tambi?n se observa hoyos vac?os indicando que las plantas de citricos fue a</SimpleData>
            <SimpleData name="Dias_trans">11.37870826390</SimpleData>
            <SimpleData name="Prioridad">ALTA</SimpleData>
            <SimpleData name="OBJECTID_1">146</SimpleData>
          </SchemaData>
        </ExtendedData>
        <Polygon>
          <outerBoundaryIs>
            <LinearRing>
              <coordinates>
                -55.6878150999758,-23.8263567998358,0
                -55.6875851996804,-23.8266970003144,0
                -55.6877070996508,-23.8267806002724,0
                -55.6878949993977,-23.8267405999137,0
                -55.6879037999984,-23.8267457998512,0
                -55.6880010999197,-23.8266214003493,0
                -55.6881399996232,-23.8265633001465,0
                -55.6882455996951,-23.8265939998224,0
                -55.688297399714,-23.8266801997167,0
                -55.6884132996179,-23.8267904000271,0
                -55.6886634994112,-23.826812800308,0
                -55.6887628995243,-23.8268347998221,0
                -55.6889765999906,-23.8267776999725,0
                -55.6890392994828,-23.8267028000136,0
                -55.6891356998564,-23.8264733998975,0
                -55.6890692998402,-23.8264202005011,0
                -55.6889515999907,-23.826420600198,0
                -55.6889100995614,-23.8264604003654,0
                -55.6886691993574,-23.8264321002664,0
                -55.6885039999674,-23.8262808001856,0
                -55.6885043997742,-23.8262174004365,0
                -55.6885066998821,-23.8260595004889,0
                -55.688194999971,-23.8258350000398,0
                -55.6881133993531,-23.8259415004359,0
                -55.6879770991571,-23.8261290001466,0
                -55.6878150999758,-23.8263567998358,0
              </coordinates>
            </LinearRing>
          </outerBoundaryIs>
        </Polygon>
      </Placemark>
      <Placemark id="Distrito_YPEJH__.49">
        <ExtendedData>
          <SchemaData schemaUrl="#Distrito_YPEJH__.schema">
            <SimpleData name="Cédula">6750766.00000000000</SimpleData>
            <SimpleData name="cedula">6750766</SimpleData>
            <SimpleData name="Cédula_1">6750766.00000000000</SimpleData>
            <SimpleData name="N_">218.00000000000</SimpleData>
            <SimpleData name="Nombres_y_">ISABEL LOPEZ RODRIGUEZ</SimpleData>
            <SimpleData name="Sexo">Mujer</SimpleData>
            <SimpleData name="Cambio_de_">NO</SimpleData>
            <SimpleData name="Titular_se">NO</SimpleData>
            <SimpleData name="Cédula_Ti">NO</SimpleData>
            <SimpleData name="Situación">NO</SimpleData>
            <SimpleData name="Comunidad">Ind?gena</SimpleData>
            <SimpleData name="Modelo">Modelo 2</SimpleData>
            <SimpleData name="Departamen">CANINDEYU</SimpleData>
            <SimpleData name="Distrito">YPEJH?</SimpleData>
            <SimpleData name="Localidad">COM INDIG ITANARA-PARIRI</SimpleData>
            <SimpleData name="Teléfono">ND</SimpleData>
            <SimpleData name="Vivienda_L">-23.82855320000</SimpleData>
            <SimpleData name="Vivienda_1">-55.68847790000</SimpleData>
            <SimpleData name="Superficie">0.80000000000</SimpleData>
            <SimpleData name="Situaci_1">Par?metro</SimpleData>
            <SimpleData name="Plantado">Si</SimpleData>
            <SimpleData name="Parcela_La">-23.82969319000</SimpleData>
            <SimpleData name="Parcela_Lo">-55.68786601000</SimpleData>
            <SimpleData name="Grupo_Impl">G2</SimpleData>
            <SimpleData name="Grupo_de_P">H-P9-XX-XX-XX</SimpleData>
            <SimpleData name="Jornales">0.00000000000</SimpleData>
            <SimpleData name="Monto">0.00000000000</SimpleData>
            <SimpleData name="ETAPA_FAO">Mantenimiento A?o 1.1</SimpleData>
            <SimpleData name="Estado_del">Activo</SimpleData>
            <SimpleData name="Empresa">Hyh Consultores SRL</SimpleData>
            <SimpleData name="Lote">H</SimpleData>
            <SimpleData name="Monitorear">Si</SimpleData>
            <SimpleData name="Fecha_de_M">-</SimpleData>
            <SimpleData name="F__de_pren">-</SimpleData>
            <SimpleData name="Estado_FAO">Monitorear</SimpleData>
            <SimpleData name="Etapa_de_i">Mantenimiento A?o 1.1</SimpleData>
            <SimpleData name="Fecha_visi">2026/10/05</SimpleData>
            <SimpleData name="Cumple_sup">Si</SimpleData>
            <SimpleData name="Estado_mon">-</SimpleData>
            <SimpleData name="Situaci_12">-</SimpleData>
            <SimpleData name="Observaci">-</SimpleData>
            <SimpleData name="Dias_trans">-0.06116898148</SimpleData>
            <SimpleData name="Prioridad">ALTA</SimpleData>
            <SimpleData name="OBJECTID_1">218</SimpleData>
          </SchemaData>
        </ExtendedData>
        <MultiGeometry>
          <Polygon>
            <outerBoundaryIs>
              <LinearRing>
                <coordinates>
                  -55.6876872277905,-23.8300297463909,0
                  -55.6882161999326,-23.830091599873,0
                  -55.68813999971,-23.8291866998859,0
                  -55.687343399226,-23.82962900017,0
                  -55.6873658133417,-23.8296784960507,0
                  -55.6876872277905,-23.8300297463909,0
                </coordinates>
              </LinearRing>
            </outerBoundaryIs>
          </Polygon>
          <Polygon>
            <outerBoundaryIs>
              <LinearRing>
                <coordinates>
                  -55.6869670996421,-23.8287620003547,0
                  -55.6871917994723,-23.8294053001116,0
                  -55.6879351994227,-23.8292990004808,0
                  -55.6879100992818,-23.829030300482,0
                  -55.6869670996421,-23.8287620003547,0
                </coordinates>
              </LinearRing>
            </outerBoundaryIs>
          </Polygon>
        </MultiGeometry>
      </Placemark>
      <Placemark id="Distrito_YPEJH__.50">
        <ExtendedData>
          <SchemaData schemaUrl="#Distrito_YPEJH__.schema">
            <SimpleData name="Cédula">6826727.00000000000</SimpleData>
            <SimpleData name="cedula">6826727</SimpleData>
            <SimpleData name="Cédula_1">6826727.00000000000</SimpleData>
            <SimpleData name="N_">231.00000000000</SimpleData>
            <SimpleData name="Nombres_y_">CLEIDE RECALDE BENITEZ</SimpleData>
            <SimpleData name="Sexo">Mujer</SimpleData>
            <SimpleData name="Cambio_de_">NO</SimpleData>
            <SimpleData name="Titular_se">NO</SimpleData>
            <SimpleData name="Cédula_Ti">NO</SimpleData>
            <SimpleData name="Situación">NO</SimpleData>
            <SimpleData name="Comunidad">Ind?gena</SimpleData>
            <SimpleData name="Modelo">Modelo 5</SimpleData>
            <SimpleData name="Departamen">CANINDEYU</SimpleData>
            <SimpleData name="Distrito">YPEJH?</SimpleData>
            <SimpleData name="Localidad">COM INDIG ITANARA-PARIRI</SimpleData>
            <SimpleData name="Teléfono">0986705917</SimpleData>
            <SimpleData name="Vivienda_L">-23.82750950000</SimpleData>
            <SimpleData name="Vivienda_1">-55.68698520000</SimpleData>
            <SimpleData name="Superficie">0.70000000000</SimpleData>
            <SimpleData name="Situaci_1">Par?metro</SimpleData>
            <SimpleData name="Plantado">Si</SimpleData>
            <SimpleData name="Parcela_La">-23.82608597000</SimpleData>
            <SimpleData name="Parcela_Lo">-55.68762074000</SimpleData>
            <SimpleData name="Grupo_Impl">G2</SimpleData>
            <SimpleData name="Grupo_de_P">H-P9-XX-XX-XX</SimpleData>
            <SimpleData name="Jornales">0.00000000000</SimpleData>
            <SimpleData name="Monto">0.00000000000</SimpleData>
            <SimpleData name="ETAPA_FAO">Mantenimiento A?o 1.1</SimpleData>
            <SimpleData name="Estado_del">Activo</SimpleData>
            <SimpleData name="Empresa">Hyh Consultores SRL</SimpleData>
            <SimpleData name="Lote">H</SimpleData>
            <SimpleData name="Monitorear">Si</SimpleData>
            <SimpleData name="Fecha_de_M">-</SimpleData>
            <SimpleData name="F__de_pren">-</SimpleData>
            <SimpleData name="Estado_FAO">Verificar posible desercion</SimpleData>
            <SimpleData name="Etapa_de_i">Mantenimiento A?o 1.1</SimpleData>
            <SimpleData name="Fecha_visi">2026/09/24</SimpleData>
            <SimpleData name="Cumple_sup">Si</SimpleData>
            <SimpleData name="Estado_mon">-</SimpleData>
            <SimpleData name="Situaci_12">-</SimpleData>
            <SimpleData name="Observaci">Falta de inter?s o no ve el beneficio;parcela abandonada sin plantas, se pudo conversar con la participante admitiendo que no va poder realizar actividades en la parcela y mudo las plantas de citricos en un sololugar  fuera de la parcela desconfigurando</SimpleData>
            <SimpleData name="Dias_trans">10.58541280090</SimpleData>
            <SimpleData name="Prioridad">ALTA</SimpleData>
            <SimpleData name="OBJECTID_1">231</SimpleData>
          </SchemaData>
        </ExtendedData>
        <Polygon>
          <outerBoundaryIs>
            <LinearRing>
              <coordinates>
                -55.6871678995136,-23.826552200242,0
                -55.6875279993295,-23.8267457000145,0
                -55.6881649994592,-23.8258317004276,0
                -55.6875299993153,-23.8254197997793,0
                -55.6871678995136,-23.826552200242,0
              </coordinates>
            </LinearRing>
          </outerBoundaryIs>
        </Polygon>
      </Placemark>
      <Placemark id="Distrito_YPEJH__.51">
        <ExtendedData>
          <SchemaData schemaUrl="#Distrito_YPEJH__.schema">
            <SimpleData name="Cédula">6808463.00000000000</SimpleData>
            <SimpleData name="cedula">6808463</SimpleData>
            <SimpleData name="Cédula_1">6808463.00000000000</SimpleData>
            <SimpleData name="N_">47.00000000000</SimpleData>
            <SimpleData name="Nombres_y_">JUANA ACOSTA SANCHEZ</SimpleData>
            <SimpleData name="Sexo">Mujer</SimpleData>
            <SimpleData name="Cambio_de_">NO</SimpleData>
            <SimpleData name="Titular_se">NO</SimpleData>
            <SimpleData name="Cédula_Ti">NO</SimpleData>
            <SimpleData name="Situación">NO</SimpleData>
            <SimpleData name="Comunidad">Ind?gena</SimpleData>
            <SimpleData name="Modelo">Modelo 2</SimpleData>
            <SimpleData name="Departamen">CANINDEYU</SimpleData>
            <SimpleData name="Distrito">YPEJH?</SimpleData>
            <SimpleData name="Localidad">COM INDIG NARANDAY</SimpleData>
            <SimpleData name="Teléfono">0986862429</SimpleData>
            <SimpleData name="Vivienda_L">-23.95897330000</SimpleData>
            <SimpleData name="Vivienda_1">-55.84462830000</SimpleData>
            <SimpleData name="Superficie">0.80000000000</SimpleData>
            <SimpleData name="Situaci_1">Pol?gono</SimpleData>
            <SimpleData name="Plantado">Si</SimpleData>
            <SimpleData name="Parcela_La">-23.95863706000</SimpleData>
            <SimpleData name="Parcela_Lo">-55.84403342000</SimpleData>
            <SimpleData name="Grupo_Impl">G2</SimpleData>
            <SimpleData name="Grupo_de_P">H-P9-XX-XX-XX</SimpleData>
            <SimpleData name="Jornales">0.00000000000</SimpleData>
            <SimpleData name="Monto">0.00000000000</SimpleData>
            <SimpleData name="ETAPA_FAO">Mantenimiento A?o 1.1</SimpleData>
            <SimpleData name="Estado_del">Activo</SimpleData>
            <SimpleData name="Empresa">Hyh Consultores SRL</SimpleData>
            <SimpleData name="Lote">H</SimpleData>
            <SimpleData name="Monitorear">No</SimpleData>
            <SimpleData name="Fecha_de_M">9/7/2026</SimpleData>
            <SimpleData name="F__de_pren">70</SimpleData>
            <SimpleData name="Estado_FAO">Monitorear Reposicion</SimpleData>
            <SimpleData name="Etapa_de_i">Mantenimiento A?o 1.1</SimpleData>
            <SimpleData name="Fecha_visi">2026/10/02</SimpleData>
            <SimpleData name="Cumple_sup">Si</SimpleData>
            <SimpleData name="Estado_mon">No cumple</SimpleData>
            <SimpleData name="Situaci_12">Al momento del monitoreo de mantenimiento y asistencia t?cnica se observa que la parcela no cumple con las especificaciones t?cnicas establecidas.  Se observa que la parcela 1se encuentra con p?rdida importante de especies forestales nativas y de r?p</SimpleData>
            <SimpleData name="Observaci">-</SimpleData>
            <SimpleData name="Dias_trans">2.18635416667</SimpleData>
            <SimpleData name="Prioridad">ALTA</SimpleData>
            <SimpleData name="OBJECTID_1">47</SimpleData>
          </SchemaData>
        </ExtendedData>
        <MultiGeometry>
          <Polygon>
            <outerBoundaryIs>
              <LinearRing>
                <coordinates>
                  -55.8475732990364,-23.9600359005005,0
                  -55.8475598993597,-23.9602066999675,0
                  -55.8479532990801,-23.9606117004249,0
                  -55.84818349964,-23.9607427000123,0
                  -55.8483549998256,-23.9605378996999,0
                  -55.8483319994188,-23.9603667999606,0
                  -55.8478365992214,-23.9601380002741,0
                  -55.8483269991545,-23.9603510998033,0
                  -55.8481805994173,-23.9602837004305,0
                  -55.8478340999164,-23.9601357002587,0
                  -55.8475732990364,-23.9600359005005,0
                </coordinates>
              </LinearRing>
            </outerBoundaryIs>
          </Polygon>
          <Polygon>
            <outerBoundaryIs>
              <LinearRing>
                <coordinates>
                  -55.8441345993448,-23.958995800361,0
                  -55.8443943992193,-23.9591992996687,0
                  -55.8447182998394,-23.9588182997781,0
                  -55.8436145994955,-23.9580642000816,0
                  -55.8434862991278,-23.9582571998484,0
                  -55.8434024996606,-23.9585157997886,0
                  -55.8437318991747,-23.9587019998523,0
                  -55.8439639999805,-23.9589038001907,0
                  -55.8441345993448,-23.958995800361,0
                </coordinates>
              </LinearRing>
            </outerBoundaryIs>
          </Polygon>
        </MultiGeometry>
      </Placemark>
      <Placemark id="Distrito_YPEJH__.52">
        <ExtendedData>
          <SchemaData schemaUrl="#Distrito_YPEJH__.schema">
            <SimpleData name="Cédula">6757463.00000000000</SimpleData>
            <SimpleData name="cedula">6757463</SimpleData>
            <SimpleData name="Cédula_1">6757463.00000000000</SimpleData>
            <SimpleData name="N_">220.00000000000</SimpleData>
            <SimpleData name="Nombres_y_">LUCIANA MEDINA BENITEZ</SimpleData>
            <SimpleData name="Sexo">Mujer</SimpleData>
            <SimpleData name="Cambio_de_">NO</SimpleData>
            <SimpleData name="Titular_se">NO</SimpleData>
            <SimpleData name="Cédula_Ti">NO</SimpleData>
            <SimpleData name="Situación">NO</SimpleData>
            <SimpleData name="Comunidad">Ind?gena</SimpleData>
            <SimpleData name="Modelo">Modelo 5</SimpleData>
            <SimpleData name="Departamen">CANINDEYU</SimpleData>
            <SimpleData name="Distrito">YPEJH?</SimpleData>
            <SimpleData name="Localidad">COM INDIG ITANARA-PARIRI</SimpleData>
            <SimpleData name="Teléfono">0986705917</SimpleData>
            <SimpleData name="Vivienda_L">-23.82927690000</SimpleData>
            <SimpleData name="Vivienda_1">-55.68603190000</SimpleData>
            <SimpleData name="Superficie">0.70000000000</SimpleData>
            <SimpleData name="Situaci_1">Par?metro</SimpleData>
            <SimpleData name="Plantado">Si</SimpleData>
            <SimpleData name="Parcela_La">-23.82995375000</SimpleData>
            <SimpleData name="Parcela_Lo">-55.68721670000</SimpleData>
            <SimpleData name="Grupo_Impl">G2</SimpleData>
            <SimpleData name="Grupo_de_P">H-P9-XX-XX-XX</SimpleData>
            <SimpleData name="Jornales">0.00000000000</SimpleData>
            <SimpleData name="Monto">0.00000000000</SimpleData>
            <SimpleData name="ETAPA_FAO">Mantenimiento A?o 1.1</SimpleData>
            <SimpleData name="Estado_del">Activo</SimpleData>
            <SimpleData name="Empresa">Hyh Consultores SRL</SimpleData>
            <SimpleData name="Lote">H</SimpleData>
            <SimpleData name="Monitorear">Si</SimpleData>
            <SimpleData name="Fecha_de_M">28/7/2026</SimpleData>
            <SimpleData name="F__de_pren">70</SimpleData>
            <SimpleData name="Estado_FAO">Monitorear Reposicion</SimpleData>
            <SimpleData name="Etapa_de_i">Mantenimiento A?o 1.1</SimpleData>
            <SimpleData name="Fecha_visi">2026/09/26</SimpleData>
            <SimpleData name="Cumple_sup">Si</SimpleData>
            <SimpleData name="Estado_mon">No cumple</SimpleData>
            <SimpleData name="Situaci_12">Parcela enmalezada, no se observan trabajos ni reposiciones, se recomienda realizar limpieza de lineas de plantaci?n con desmalezadora, realizar replante y poda de c?tricos</SimpleData>
            <SimpleData name="Observaci">-</SimpleData>
            <SimpleData name="Dias_trans">8.54359953704</SimpleData>
            <SimpleData name="Prioridad">ALTA</SimpleData>
            <SimpleData name="OBJECTID_1">220</SimpleData>
          </SchemaData>
        </ExtendedData>
        <Polygon>
          <outerBoundaryIs>
            <LinearRing>
              <coordinates>
                -55.6876872277905,-23.8300297463909,0
                -55.6873658133417,-23.8296784960507,0
                -55.6870923996131,-23.8293796998239,0
                -55.6865784996229,-23.8296839997821,0
                -55.6873931995662,-23.8305652998254,0
                -55.6878216995398,-23.8301767002492,0
                -55.6876872277905,-23.8300297463909,0
              </coordinates>
            </LinearRing>
          </outerBoundaryIs>
        </Polygon>
      </Placemark>
      <Placemark id="Distrito_YPEJH__.53">
        <ExtendedData>
          <SchemaData schemaUrl="#Distrito_YPEJH__.schema">
            <SimpleData name="Cédula">6743519.00000000000</SimpleData>
            <SimpleData name="cedula">6743519</SimpleData>
            <SimpleData name="Cédula_1">6743519.00000000000</SimpleData>
            <SimpleData name="N_">216.00000000000</SimpleData>
            <SimpleData name="Nombres_y_">ANASTACIO VERGARA PERALTA</SimpleData>
            <SimpleData name="Sexo">Hombre</SimpleData>
            <SimpleData name="Cambio_de_">NO</SimpleData>
            <SimpleData name="Titular_se">NO</SimpleData>
            <SimpleData name="Cédula_Ti">NO</SimpleData>
            <SimpleData name="Situación">NO</SimpleData>
            <SimpleData name="Comunidad">Ind?gena</SimpleData>
            <SimpleData name="Modelo">Modelo 5</SimpleData>
            <SimpleData name="Departamen">CANINDEYU</SimpleData>
            <SimpleData name="Distrito">YPEJH?</SimpleData>
            <SimpleData name="Localidad">COM INDIG ITANARA-PARIRI</SimpleData>
            <SimpleData name="Teléfono">ND</SimpleData>
            <SimpleData name="Vivienda_L">-23.83849330000</SimpleData>
            <SimpleData name="Vivienda_1">-55.68629340000</SimpleData>
            <SimpleData name="Superficie">0.70000000000</SimpleData>
            <SimpleData name="Situaci_1">Par?metro</SimpleData>
            <SimpleData name="Plantado">Si</SimpleData>
            <SimpleData name="Parcela_La">-23.84082450000</SimpleData>
            <SimpleData name="Parcela_Lo">-55.68573074000</SimpleData>
            <SimpleData name="Grupo_Impl">G2</SimpleData>
            <SimpleData name="Grupo_de_P">H-P9-XX-XX-XX</SimpleData>
            <SimpleData name="Jornales">0.00000000000</SimpleData>
            <SimpleData name="Monto">0.00000000000</SimpleData>
            <SimpleData name="ETAPA_FAO">Mantenimiento A?o 1.1</SimpleData>
            <SimpleData name="Estado_del">Activo</SimpleData>
            <SimpleData name="Empresa">Hyh Consultores SRL</SimpleData>
            <SimpleData name="Lote">H</SimpleData>
            <SimpleData name="Monitorear">Si</SimpleData>
            <SimpleData name="Fecha_de_M">-</SimpleData>
            <SimpleData name="F__de_pren">-</SimpleData>
            <SimpleData name="Estado_FAO">Monitorear</SimpleData>
            <SimpleData name="Etapa_de_i">Mantenimiento A?o 1.1</SimpleData>
            <SimpleData name="Fecha_visi">2026/09/07</SimpleData>
            <SimpleData name="Cumple_sup">Si</SimpleData>
            <SimpleData name="Estado_mon">-</SimpleData>
            <SimpleData name="Situaci_12">-</SimpleData>
            <SimpleData name="Observaci">-</SimpleData>
            <SimpleData name="Dias_trans">27.56673611110</SimpleData>
            <SimpleData name="Prioridad">ALTA</SimpleData>
            <SimpleData name="OBJECTID_1">216</SimpleData>
          </SchemaData>
        </ExtendedData>
        <Polygon>
          <outerBoundaryIs>
            <LinearRing>
              <coordinates>
                -55.6855969780729,-23.8403053150958,0
                -55.6855242170741,-23.8405153718093,0
                -55.6852462995271,-23.8413177001946,0
                -55.6857313995479,-23.8414119000247,0
                -55.6862832999955,-23.8404432997696,0
                -55.6856169002661,-23.8402478003933,0
                -55.6855969780729,-23.8403053150958,0
              </coordinates>
            </LinearRing>
          </outerBoundaryIs>
        </Polygon>
      </Placemark>
      <Placemark id="Distrito_YPEJH__.54">
        <ExtendedData>
          <SchemaData schemaUrl="#Distrito_YPEJH__.schema">
            <SimpleData name="Cédula">6822561.00000000000</SimpleData>
            <SimpleData name="cedula">6822561</SimpleData>
            <SimpleData name="Cédula_1">6822561.00000000000</SimpleData>
            <SimpleData name="N_">230.00000000000</SimpleData>
            <SimpleData name="Nombres_y_">MARY ROSA RECALDE RAMIREZ</SimpleData>
            <SimpleData name="Sexo">Mujer</SimpleData>
            <SimpleData name="Cambio_de_">NO</SimpleData>
            <SimpleData name="Titular_se">NO</SimpleData>
            <SimpleData name="Cédula_Ti">NO</SimpleData>
            <SimpleData name="Situación">NO</SimpleData>
            <SimpleData name="Comunidad">Ind?gena</SimpleData>
            <SimpleData name="Modelo">Modelo 5</SimpleData>
            <SimpleData name="Departamen">CANINDEYU</SimpleData>
            <SimpleData name="Distrito">YPEJH?</SimpleData>
            <SimpleData name="Localidad">COM INDIG ITANARA-PARIRI</SimpleData>
            <SimpleData name="Teléfono">0986705917</SimpleData>
            <SimpleData name="Vivienda_L">-23.83877120000</SimpleData>
            <SimpleData name="Vivienda_1">-55.68891320000</SimpleData>
            <SimpleData name="Superficie">0.70000000000</SimpleData>
            <SimpleData name="Situaci_1">Par?metro</SimpleData>
            <SimpleData name="Plantado">Si</SimpleData>
            <SimpleData name="Parcela_La">-23.83959806000</SimpleData>
            <SimpleData name="Parcela_Lo">-55.69057785000</SimpleData>
            <SimpleData name="Grupo_Impl">G2</SimpleData>
            <SimpleData name="Grupo_de_P">H-P9-XX-XX-XX</SimpleData>
            <SimpleData name="Jornales">0.00000000000</SimpleData>
            <SimpleData name="Monto">0.00000000000</SimpleData>
            <SimpleData name="ETAPA_FAO">Mantenimiento A?o 1.1</SimpleData>
            <SimpleData name="Estado_del">Activo</SimpleData>
            <SimpleData name="Empresa">Hyh Consultores SRL</SimpleData>
            <SimpleData name="Lote">H</SimpleData>
            <SimpleData name="Monitorear">Si</SimpleData>
            <SimpleData name="Fecha_de_M">-</SimpleData>
            <SimpleData name="F__de_pren">-</SimpleData>
            <SimpleData name="Estado_FAO">Monitorear</SimpleData>
            <SimpleData name="Etapa_de_i">Mantenimiento A?o 1.1</SimpleData>
            <SimpleData name="Fecha_visi">2026/10/01</SimpleData>
            <SimpleData name="Cumple_sup">Si</SimpleData>
            <SimpleData name="Estado_mon">-</SimpleData>
            <SimpleData name="Situaci_12">-</SimpleData>
            <SimpleData name="Observaci">-</SimpleData>
            <SimpleData name="Dias_trans">3.31697916667</SimpleData>
            <SimpleData name="Prioridad">ALTA</SimpleData>
            <SimpleData name="OBJECTID_1">230</SimpleData>
          </SchemaData>
        </ExtendedData>
        <Polygon>
          <outerBoundaryIs>
            <LinearRing>
              <coordinates>
                -55.6903266850278,-23.8388851900861,0
                -55.6903314996746,-23.8389150997329,0
                -55.6904649999953,-23.8389316997299,0
                -55.6905625000343,-23.8390188996288,0
                -55.6905249796475,-23.8393352629613,0
                -55.6905039003214,-23.8395130002382,0
                -55.6904939999424,-23.8396604996012,0
                -55.690418587313,-23.8397147772528,0
                -55.690355200147,-23.8397603998346,0
                -55.6900899998054,-23.8404650003142,0
                -55.6900915325847,-23.8404674236856,0
                -55.6901459998158,-23.8405535003268,0
                -55.690329300262,-23.8405410001035,0
                -55.6903383003996,-23.840485000282,0
                -55.6904643000882,-23.8399665998284,0
                -55.6905452002782,-23.8401033998408,0
                -55.69066910015,-23.840188599741,0
                -55.6909898999612,-23.8400281004359,0
                -55.690983599888,-23.8399351995525,0
                -55.6909524001341,-23.8398751004096,0
                -55.6907730000535,-23.8398713997427,0
                -55.6906418995887,-23.839713700268,0
                -55.6908840998942,-23.8396331003828,0
                -55.690811100043,-23.8392859996733,0
                -55.6908990997625,-23.8390962996422,0
                -55.6908863996943,-23.8390068998321,0
                -55.6908153999821,-23.838839799717,0
                -55.6906474998879,-23.838692500028,0
                -55.6905236997272,-23.8386457996279,0
                -55.6903154995624,-23.8388156999444,0
                -55.6903266850278,-23.8388851900861,0
              </coordinates>
            </LinearRing>
          </outerBoundaryIs>
        </Polygon>
      </Placemark>
      <Placemark id="Distrito_YPEJH__.55">
        <ExtendedData>
          <SchemaData schemaUrl="#Distrito_YPEJH__.schema">
            <SimpleData name="Cédula">8021332.00000000000</SimpleData>
            <SimpleData name="cedula">8021332</SimpleData>
            <SimpleData name="Cédula_1">8021332.00000000000</SimpleData>
            <SimpleData name="N_">53.00000000000</SimpleData>
            <SimpleData name="Nombres_y_">ELVIO ESPINOLA OCAMPOS</SimpleData>
            <SimpleData name="Sexo">Hombre</SimpleData>
            <SimpleData name="Cambio_de_">NO</SimpleData>
            <SimpleData name="Titular_se">NO</SimpleData>
            <SimpleData name="Cédula_Ti">NO</SimpleData>
            <SimpleData name="Situación">NO</SimpleData>
            <SimpleData name="Comunidad">Ind?gena</SimpleData>
            <SimpleData name="Modelo">Modelo 5</SimpleData>
            <SimpleData name="Departamen">CANINDEYU</SimpleData>
            <SimpleData name="Distrito">YPEJH?</SimpleData>
            <SimpleData name="Localidad">COM INDIG YVY KATU</SimpleData>
            <SimpleData name="Teléfono">0986880439</SimpleData>
            <SimpleData name="Vivienda_L">-23.96970680000</SimpleData>
            <SimpleData name="Vivienda_1">-55.85775790000</SimpleData>
            <SimpleData name="Superficie">0.70000000000</SimpleData>
            <SimpleData name="Situaci_1">Par?metro</SimpleData>
            <SimpleData name="Plantado">Si</SimpleData>
            <SimpleData name="Parcela_La">-23.96921070000</SimpleData>
            <SimpleData name="Parcela_Lo">-55.85725662000</SimpleData>
            <SimpleData name="Grupo_Impl">G2</SimpleData>
            <SimpleData name="Grupo_de_P">H-P12-XX-XX-XX</SimpleData>
            <SimpleData name="Jornales">0.00000000000</SimpleData>
            <SimpleData name="Monto">0.00000000000</SimpleData>
            <SimpleData name="ETAPA_FAO">Mantenimiento A?o 1.1</SimpleData>
            <SimpleData name="Estado_del">Activo</SimpleData>
            <SimpleData name="Empresa">Hyh Consultores SRL</SimpleData>
            <SimpleData name="Lote">H</SimpleData>
            <SimpleData name="Monitorear">No</SimpleData>
            <SimpleData name="Fecha_de_M">9/7/2026</SimpleData>
            <SimpleData name="F__de_pren">60</SimpleData>
            <SimpleData name="Estado_FAO">Monitorear Reposicion</SimpleData>
            <SimpleData name="Etapa_de_i">Mantenimiento A?o 1.1</SimpleData>
            <SimpleData name="Fecha_visi">2026/09/29</SimpleData>
            <SimpleData name="Cumple_sup">Si</SimpleData>
            <SimpleData name="Estado_mon">No cumple</SimpleData>
            <SimpleData name="Situaci_12">Al momento del monitoreo de mantenimiento y asistencia t?cnica se observa que la parcela no cumple con las especificaciones t?cnicas establecidas. No se realiz? la  reposici?n total de plantas de c?tricos faltantes, se repuso solo plantines de eucal</SimpleData>
            <SimpleData name="Observaci">-</SimpleData>
            <SimpleData name="Dias_trans">5.25478009259</SimpleData>
            <SimpleData name="Prioridad">ALTA</SimpleData>
            <SimpleData name="OBJECTID_1">53</SimpleData>
          </SchemaData>
        </ExtendedData>
        <Polygon>
          <outerBoundaryIs>
            <LinearRing>
              <coordinates>
                -55.8565861003595,-23.9690117004159,0
                -55.8574771002459,-23.9697796998477,0
                -55.8579822001131,-23.9694246000833,0
                -55.8569249003669,-23.9686095004523,0
                -55.8565861003595,-23.9690117004159,0
              </coordinates>
            </LinearRing>
          </outerBoundaryIs>
        </Polygon>
      </Placemark>
      <Placemark id="Distrito_YPEJH__.56">
        <ExtendedData>
          <SchemaData schemaUrl="#Distrito_YPEJH__.schema">
            <SimpleData name="Cédula">6629791.00000000000</SimpleData>
            <SimpleData name="cedula">6629791</SimpleData>
            <SimpleData name="Cédula_1">6629791.00000000000</SimpleData>
            <SimpleData name="N_">204.00000000000</SimpleData>
            <SimpleData name="Nombres_y_">MANUELA PERALTA LOPEZ</SimpleData>
            <SimpleData name="Sexo">Mujer</SimpleData>
            <SimpleData name="Cambio_de_">NO</SimpleData>
            <SimpleData name="Titular_se">NO</SimpleData>
            <SimpleData name="Cédula_Ti">NO</SimpleData>
            <SimpleData name="Situación">NO</SimpleData>
            <SimpleData name="Comunidad">Ind?gena</SimpleData>
            <SimpleData name="Modelo">Modelo 1</SimpleData>
            <SimpleData name="Departamen">CANINDEYU</SimpleData>
            <SimpleData name="Distrito">YPEJH?</SimpleData>
            <SimpleData name="Localidad">COM INDIG PYPUCU</SimpleData>
            <SimpleData name="Teléfono">1234567890</SimpleData>
            <SimpleData name="Vivienda_L">-23.91551450000</SimpleData>
            <SimpleData name="Vivienda_1">-55.63938970000</SimpleData>
            <SimpleData name="Superficie">0.80000000000</SimpleData>
            <SimpleData name="Situaci_1">Parametro</SimpleData>
            <SimpleData name="Plantado">Si</SimpleData>
            <SimpleData name="Parcela_La">-23.91430198000</SimpleData>
            <SimpleData name="Parcela_Lo">-55.64167664000</SimpleData>
            <SimpleData name="Grupo_Impl">G2</SimpleData>
            <SimpleData name="Grupo_de_P">H-P14-XX-XX-XX</SimpleData>
            <SimpleData name="Jornales">0.00000000000</SimpleData>
            <SimpleData name="Monto">0.00000000000</SimpleData>
            <SimpleData name="ETAPA_FAO">Mantenimiento A?o 1.1</SimpleData>
            <SimpleData name="Estado_del">Activo</SimpleData>
            <SimpleData name="Empresa">Hyh Consultores SRL</SimpleData>
            <SimpleData name="Lote">H</SimpleData>
            <SimpleData name="Monitorear">Si</SimpleData>
            <SimpleData name="Fecha_de_M">-</SimpleData>
            <SimpleData name="F__de_pren">-</SimpleData>
            <SimpleData name="Estado_FAO">Monitorear</SimpleData>
            <SimpleData name="Etapa_de_i">Mantenimiento A?o 1.1</SimpleData>
            <SimpleData name="Fecha_visi">2026/10/01</SimpleData>
            <SimpleData name="Cumple_sup">Si</SimpleData>
            <SimpleData name="Estado_mon">-</SimpleData>
            <SimpleData name="Situaci_12">-</SimpleData>
            <SimpleData name="Observaci">-</SimpleData>
            <SimpleData name="Dias_trans">3.28116898148</SimpleData>
            <SimpleData name="Prioridad">ALTA</SimpleData>
            <SimpleData name="OBJECTID_1">204</SimpleData>
          </SchemaData>
        </ExtendedData>
        <Polygon>
          <outerBoundaryIs>
            <LinearRing>
              <coordinates>
                -55.6411652596023,-23.9137129909513,0
                -55.6411646002322,-23.9137132000528,0
                -55.6411668805338,-23.9137254748323,0
                -55.641274000197,-23.9143020999608,0
                -55.6412848197677,-23.9144585716162,0
                -55.6412945992064,-23.9146000007157,0
                -55.6413054710206,-23.9146008246825,0
                -55.6415360996194,-23.9146183000297,0
                -55.6415774999019,-23.9148162001141,0
                -55.6421466996992,-23.9148151000326,0
                -55.6419907996153,-23.9138279994687,0
                -55.6419779774526,-23.9138295695128,0
                -55.6419782999827,-23.913831699989,0
                -55.6413766994059,-23.9139083004568,0
                -55.6413764838812,-23.91390401711,0
                -55.6413453994323,-23.9139079000986,0
                -55.6412849999927,-23.9136749998174,0
                -55.6411652596023,-23.9137129909513,0
              </coordinates>
            </LinearRing>
          </outerBoundaryIs>
        </Polygon>
      </Placemark>
      <Placemark id="Distrito_YPEJH__.57">
        <ExtendedData>
          <SchemaData schemaUrl="#Distrito_YPEJH__.schema">
            <SimpleData name="Cédula">6636066.00000000000</SimpleData>
            <SimpleData name="cedula">6636066</SimpleData>
            <SimpleData name="Cédula_1">6636066.00000000000</SimpleData>
            <SimpleData name="N_">206.00000000000</SimpleData>
            <SimpleData name="Nombres_y_">NILDA PERALTA LOPEZ</SimpleData>
            <SimpleData name="Sexo">Mujer</SimpleData>
            <SimpleData name="Cambio_de_">NO</SimpleData>
            <SimpleData name="Titular_se">NO</SimpleData>
            <SimpleData name="Cédula_Ti">NO</SimpleData>
            <SimpleData name="Situación">NO</SimpleData>
            <SimpleData name="Comunidad">Ind?gena</SimpleData>
            <SimpleData name="Modelo">Modelo 1</SimpleData>
            <SimpleData name="Departamen">CANINDEYU</SimpleData>
            <SimpleData name="Distrito">YPEJH?</SimpleData>
            <SimpleData name="Localidad">COM INDIG PYPUCU</SimpleData>
            <SimpleData name="Teléfono">1234567890</SimpleData>
            <SimpleData name="Vivienda_L">-23.91643720000</SimpleData>
            <SimpleData name="Vivienda_1">-55.63964520000</SimpleData>
            <SimpleData name="Superficie">0.80000000000</SimpleData>
            <SimpleData name="Situaci_1">Parametro</SimpleData>
            <SimpleData name="Plantado">Si</SimpleData>
            <SimpleData name="Parcela_La">-23.92087099000</SimpleData>
            <SimpleData name="Parcela_Lo">-55.64250268000</SimpleData>
            <SimpleData name="Grupo_Impl">G2</SimpleData>
            <SimpleData name="Grupo_de_P">H-P14-XX-XX-XX</SimpleData>
            <SimpleData name="Jornales">0.00000000000</SimpleData>
            <SimpleData name="Monto">0.00000000000</SimpleData>
            <SimpleData name="ETAPA_FAO">Mantenimiento A?o 1.1</SimpleData>
            <SimpleData name="Estado_del">Activo</SimpleData>
            <SimpleData name="Empresa">Hyh Consultores SRL</SimpleData>
            <SimpleData name="Lote">H</SimpleData>
            <SimpleData name="Monitorear">Si</SimpleData>
            <SimpleData name="Fecha_de_M">-</SimpleData>
            <SimpleData name="F__de_pren">-</SimpleData>
            <SimpleData name="Estado_FAO">Monitorear</SimpleData>
            <SimpleData name="Etapa_de_i">Mantenimiento A?o 1.1</SimpleData>
            <SimpleData name="Fecha_visi">2026/10/01</SimpleData>
            <SimpleData name="Cumple_sup">Si</SimpleData>
            <SimpleData name="Estado_mon">-</SimpleData>
            <SimpleData name="Situaci_12">-</SimpleData>
            <SimpleData name="Observaci">-</SimpleData>
            <SimpleData name="Dias_trans">3.44675925926</SimpleData>
            <SimpleData name="Prioridad">ALTA</SimpleData>
            <SimpleData name="OBJECTID_1">206</SimpleData>
          </SchemaData>
        </ExtendedData>
        <Polygon>
          <outerBoundaryIs>
            <LinearRing>
              <coordinates>
                -55.6420635320095,-23.9208247126286,0
                -55.6421546002133,-23.9208426005604,0
                -55.6419994362895,-23.9211496512493,0
                -55.6419496001635,-23.9214022998174,0
                -55.642592399395,-23.9212731001529,0
                -55.6430526001178,-23.9212177007605,0
                -55.6429293995977,-23.920414300291,0
                -55.6422639999485,-23.9203973997106,0
                -55.6420297999619,-23.9204639997539,0
                -55.6420717003627,-23.9207832997228,0
                -55.6420635320095,-23.9208247126286,0
              </coordinates>
            </LinearRing>
          </outerBoundaryIs>
        </Polygon>
      </Placemark>
      <Placemark id="Distrito_YPEJH__.58">
        <ExtendedData>
          <SchemaData schemaUrl="#Distrito_YPEJH__.schema">
            <SimpleData name="Cédula">8323662.00000000000</SimpleData>
            <SimpleData name="cedula">8323662</SimpleData>
            <SimpleData name="Cédula_1">8323662.00000000000</SimpleData>
            <SimpleData name="N_">318.00000000000</SimpleData>
            <SimpleData name="Nombres_y_">VILMA MEDINA BENITEZ</SimpleData>
            <SimpleData name="Sexo">Mujer</SimpleData>
            <SimpleData name="Cambio_de_">NO</SimpleData>
            <SimpleData name="Titular_se">NO</SimpleData>
            <SimpleData name="Cédula_Ti">NO</SimpleData>
            <SimpleData name="Situación">NO</SimpleData>
            <SimpleData name="Comunidad">Ind?gena</SimpleData>
            <SimpleData name="Modelo">Modelo 5</SimpleData>
            <SimpleData name="Departamen">CANINDEYU</SimpleData>
            <SimpleData name="Distrito">YPEJH?</SimpleData>
            <SimpleData name="Localidad">COM INDIG PARIRI</SimpleData>
            <SimpleData name="Teléfono">1234567890</SimpleData>
            <SimpleData name="Vivienda_L">-23.87921200000</SimpleData>
            <SimpleData name="Vivienda_1">-55.69816340000</SimpleData>
            <SimpleData name="Superficie">0.70000000000</SimpleData>
            <SimpleData name="Situaci_1">Parametro</SimpleData>
            <SimpleData name="Plantado">Si</SimpleData>
            <SimpleData name="Parcela_La">-23.87975609000</SimpleData>
            <SimpleData name="Parcela_Lo">-55.69760140000</SimpleData>
            <SimpleData name="Grupo_Impl">G2</SimpleData>
            <SimpleData name="Grupo_de_P">H-P17-XX-XX-XX</SimpleData>
            <SimpleData name="Jornales">0.00000000000</SimpleData>
            <SimpleData name="Monto">0.00000000000</SimpleData>
            <SimpleData name="ETAPA_FAO">Mantenimiento A?o 1.1</SimpleData>
            <SimpleData name="Estado_del">Activo</SimpleData>
            <SimpleData name="Empresa">Hyh Consultores SRL</SimpleData>
            <SimpleData name="Lote">H</SimpleData>
            <SimpleData name="Monitorear">Si</SimpleData>
            <SimpleData name="Fecha_de_M">-</SimpleData>
            <SimpleData name="F__de_pren">-</SimpleData>
            <SimpleData name="Estado_FAO">Monitorear</SimpleData>
            <SimpleData name="Etapa_de_i">Mantenimiento A?o 1.1</SimpleData>
            <SimpleData name="Fecha_visi">2026/08/18</SimpleData>
            <SimpleData name="Cumple_sup">Si</SimpleData>
            <SimpleData name="Estado_mon">-</SimpleData>
            <SimpleData name="Situaci_12">-</SimpleData>
            <SimpleData name="Observaci">-</SimpleData>
            <SimpleData name="Dias_trans">47.42968750000</SimpleData>
            <SimpleData name="Prioridad">ALTA</SimpleData>
            <SimpleData name="OBJECTID_1">318</SimpleData>
          </SchemaData>
        </ExtendedData>
        <MultiGeometry>
          <Polygon>
            <outerBoundaryIs>
              <LinearRing>
                <coordinates>
                  -55.6976688003229,-23.8803274001432,0
                  -55.6977786996333,-23.8803618003041,0
                  -55.697896200431,-23.8803118000701,0
                  -55.6979332267358,-23.8802807672786,0
                  -55.6979381995532,-23.880276600075,0
                  -55.6979260925623,-23.8802511480392,0
                  -55.6978433001437,-23.8800771003257,0
                  -55.6978254999586,-23.8799857001878,0
                  -55.6978086004621,-23.8798991003415,0
                  -55.6977014002243,-23.8797287997275,0
                  -55.6976735998082,-23.8796462997391,0
                  -55.6976868000623,-23.8796046997561,0
                  -55.6977794000216,-23.8795608998582,0
                  -55.6977856004031,-23.8795111995625,0
                  -55.6977430998062,-23.8794297997758,0
                  -55.6976917000879,-23.8792667002286,0
                  -55.6976680997008,-23.8792444002118,0
                  -55.6974311003039,-23.8792716001692,0
                  -55.6973004997184,-23.8792878998489,0
                  -55.6972534004322,-23.8793557996565,0
                  -55.6976257999676,-23.8802914998377,0
                  -55.6976688003229,-23.8803274001432,0
                </coordinates>
              </LinearRing>
            </outerBoundaryIs>
          </Polygon>
          <Polygon>
            <outerBoundaryIs>
              <LinearRing>
                <coordinates>
                  -55.6988166003703,-23.8788416002693,0
                  -55.6982401996011,-23.8791183998041,0
                  -55.6983782999393,-23.8792816997098,0
                  -55.6985410002126,-23.8792102003701,0
                  -55.6986132997369,-23.8792050004297,0
                  -55.6986194252889,-23.8792113584747,0
                  -55.6986527999291,-23.8792460003875,0
                  -55.6986760084057,-23.8792673414808,0
                  -55.6987845003175,-23.8793670997397,0
                  -55.6991234995739,-23.8793745001221,0
                  -55.6991649995918,-23.8792921003021,0
                  -55.6991678000194,-23.8791886999197,0
                  -55.6991386997044,-23.8791327001509,0
                  -55.6990870326933,-23.8790746628054,0
                  -55.6990682995024,-23.8790771992535,0
                  -55.6990573707985,-23.8790413437815,0
                  -55.6988766998282,-23.878838400331,0
                  -55.6988166003703,-23.8788416002693,0
                </coordinates>
              </LinearRing>
            </outerBoundaryIs>
          </Polygon>
        </MultiGeometry>
      </Placemark>
      <Placemark id="Distrito_YPEJH__.59">
        <ExtendedData>
          <SchemaData schemaUrl="#Distrito_YPEJH__.schema">
            <SimpleData name="Cédula">6757450.00000000000</SimpleData>
            <SimpleData name="cedula">6757450</SimpleData>
            <SimpleData name="Cédula_1">6757450.00000000000</SimpleData>
            <SimpleData name="N_">219.00000000000</SimpleData>
            <SimpleData name="Nombres_y_">REINALDO LOPEZ MARTINEZ</SimpleData>
            <SimpleData name="Sexo">Hombre</SimpleData>
            <SimpleData name="Cambio_de_">NO</SimpleData>
            <SimpleData name="Titular_se">NO</SimpleData>
            <SimpleData name="Cédula_Ti">NO</SimpleData>
            <SimpleData name="Situación">NO</SimpleData>
            <SimpleData name="Comunidad">Ind?gena</SimpleData>
            <SimpleData name="Modelo">Modelo 5</SimpleData>
            <SimpleData name="Departamen">CANINDEYU</SimpleData>
            <SimpleData name="Distrito">YPEJH?</SimpleData>
            <SimpleData name="Localidad">COM INDIG PARIRI</SimpleData>
            <SimpleData name="Teléfono">1234567890</SimpleData>
            <SimpleData name="Vivienda_L">-23.87857000000</SimpleData>
            <SimpleData name="Vivienda_1">-55.69805090000</SimpleData>
            <SimpleData name="Superficie">0.70000000000</SimpleData>
            <SimpleData name="Situaci_1">Parametro</SimpleData>
            <SimpleData name="Plantado">Si</SimpleData>
            <SimpleData name="Parcela_La">-23.87752733000</SimpleData>
            <SimpleData name="Parcela_Lo">-55.69752936000</SimpleData>
            <SimpleData name="Grupo_Impl">G2</SimpleData>
            <SimpleData name="Grupo_de_P">H-P17-XX-XX-XX</SimpleData>
            <SimpleData name="Jornales">0.00000000000</SimpleData>
            <SimpleData name="Monto">0.00000000000</SimpleData>
            <SimpleData name="ETAPA_FAO">Mantenimiento A?o 1.1</SimpleData>
            <SimpleData name="Estado_del">Activo</SimpleData>
            <SimpleData name="Empresa">Hyh Consultores SRL</SimpleData>
            <SimpleData name="Lote">H</SimpleData>
            <SimpleData name="Monitorear">Si</SimpleData>
            <SimpleData name="Fecha_de_M">-</SimpleData>
            <SimpleData name="F__de_pren">-</SimpleData>
            <SimpleData name="Estado_FAO">Monitorear</SimpleData>
            <SimpleData name="Etapa_de_i">Mantenimiento A?o 1.1</SimpleData>
            <SimpleData name="Fecha_visi">2026/08/24</SimpleData>
            <SimpleData name="Cumple_sup">Si</SimpleData>
            <SimpleData name="Estado_mon">-</SimpleData>
            <SimpleData name="Situaci_12">-</SimpleData>
            <SimpleData name="Observaci">-</SimpleData>
            <SimpleData name="Dias_trans">41.47520833330</SimpleData>
            <SimpleData name="Prioridad">ALTA</SimpleData>
            <SimpleData name="OBJECTID_1">219</SimpleData>
          </SchemaData>
        </ExtendedData>
        <Polygon>
          <outerBoundaryIs>
            <LinearRing>
              <coordinates>
                -55.6977134437955,-23.8780501883093,0
                -55.6977650004761,-23.8780267000382,0
                -55.6979149995973,-23.8779582997866,0
                -55.6979496221575,-23.8780633984682,0
                -55.6979613995839,-23.8780617000673,0
                -55.6978846000151,-23.8775611998122,0
                -55.6978883001985,-23.8774032995565,0
                -55.6978434998427,-23.8770951995972,0
                -55.6975994998197,-23.8770510999407,0
                -55.6973550999448,-23.8770764004257,0
                -55.6971092996298,-23.8772662000765,0
                -55.6970174000801,-23.8774244002587,0
                -55.6970982998164,-23.8776500003194,0
                -55.6972526995491,-23.8777315004284,0
                -55.6973548997129,-23.8779546003153,0
                -55.6975657997114,-23.8779858999187,0
                -55.6977134437955,-23.8780501883093,0
              </coordinates>
            </LinearRing>
          </outerBoundaryIs>
        </Polygon>
      </Placemark>
    </Document>
  </Document>
</kml>
