<?xml version="1.0" encoding="UTF-8"?>
<kml xmlns="http://www.opengis.net/kml/2.2">
  <Document id="root_doc">
    <Schema id="Distrito_VILLA_YGATIM__.schema">
      <SimpleField name="CÈdula" type="double"/>
      <SimpleField name="cedula" type="string"/>
      <SimpleField name="CÈdula_1" type="double"/>
      <SimpleField name="N_" type="double"/>
      <SimpleField name="Nombres_y_" type="string"/>
      <SimpleField name="Sexo" type="string"/>
      <SimpleField name="Cambio_de_" type="string"/>
      <SimpleField name="Titular_se" type="string"/>
      <SimpleField name="CÈdula_Ti" type="string"/>
      <SimpleField name="SituaciÛn" type="string"/>
      <SimpleField name="Comunidad" type="string"/>
      <SimpleField name="Modelo" type="string"/>
      <SimpleField name="Departamen" type="string"/>
      <SimpleField name="Distrito" type="string"/>
      <SimpleField name="Localidad" type="string"/>
      <SimpleField name="TelÈfono" type="string"/>
      <SimpleField name="Vivienda_L" type="double"/>
      <SimpleField name="Vivienda_1" type="double"/>
      <SimpleField name="Superficie" type="double"/>
      <SimpleField name="Situaci_1" type="string"/>
      <SimpleField name="Plantado" type="string"/>
      <SimpleField name="Parcela_La" type="double"/>
      <SimpleField name="Parcela_Lo" type="double"/>
      <SimpleField name="Grupo_Impl" type="string"/>
      <SimpleField name="Grupo_de_P" type="string"/>
      <SimpleField name="Jornales" type="double"/>
      <SimpleField name="Monto" type="double"/>
      <SimpleField name="ETAPA_FAO" type="string"/>
      <SimpleField name="Estado_del" type="string"/>
      <SimpleField name="Empresa" type="string"/>
      <SimpleField name="Lote" type="string"/>
      <SimpleField name="Monitorear" type="string"/>
      <SimpleField name="Fecha_de_M" type="string"/>
      <SimpleField name="F__de_pren" type="string"/>
      <SimpleField name="Estado_FAO" type="string"/>
      <SimpleField name="Etapa_de_i" type="string"/>
      <SimpleField name="Fecha_visi" type="string"/>
      <SimpleField name="Cumple_sup" type="string"/>
      <SimpleField name="Estado_mon" type="string"/>
      <SimpleField name="Situaci_12" type="string"/>
      <SimpleField name="Observaci" type="string"/>
      <SimpleField name="Dias_trans" type="double"/>
      <SimpleField name="Prioridad" type="string"/>
      <SimpleField name="OBJECTID_1" type="int"/>
    </Schema>
    <Document id="Distrito_VILLA_YGATIM__">
      <name>Distrito_VILLA YGATIM√ç</name>
      <Placemark id="Distrito_VILLA_YGATIM__.1">
        <ExtendedData>
          <SchemaData schemaUrl="#Distrito_VILLA_YGATIM__.schema">
            <SimpleData name="CÈdula">6063740.00000000000</SimpleData>
            <SimpleData name="cedula">6063740</SimpleData>
            <SimpleData name="CÈdula_1">6063740.00000000000</SimpleData>
            <SimpleData name="N_">170.00000000000</SimpleData>
            <SimpleData name="Nombres_y_">FRANCISCO SOLANO MARTINEZ ADAMS</SimpleData>
            <SimpleData name="Sexo">Hombre</SimpleData>
            <SimpleData name="Cambio_de_">NO</SimpleData>
            <SimpleData name="Titular_se">NO</SimpleData>
            <SimpleData name="CÈdula_Ti">NO</SimpleData>
            <SimpleData name="SituaciÛn">NO</SimpleData>
            <SimpleData name="Comunidad">Campesina</SimpleData>
            <SimpleData name="Modelo">Modelo 6</SimpleData>
            <SimpleData name="Departamen">CANINDEYU</SimpleData>
            <SimpleData name="Distrito">VILLA YGATIM?</SimpleData>
            <SimpleData name="Localidad">JEJUIMI</SimpleData>
            <SimpleData name="TelÈfono">0983134665</SimpleData>
            <SimpleData name="Vivienda_L">-24.15959220000</SimpleData>
            <SimpleData name="Vivienda_1">-55.64589460000</SimpleData>
            <SimpleData name="Superficie">0.90000000000</SimpleData>
            <SimpleData name="Situaci_1">Pol?gono</SimpleData>
            <SimpleData name="Plantado">Si</SimpleData>
            <SimpleData name="Parcela_La">-24.16185917000</SimpleData>
            <SimpleData name="Parcela_Lo">-55.64023136000</SimpleData>
            <SimpleData name="Grupo_Impl">G2</SimpleData>
            <SimpleData name="Grupo_de_P">H-P2-XX-XX-XX</SimpleData>
            <SimpleData name="Jornales">0.00000000000</SimpleData>
            <SimpleData name="Monto">0.00000000000</SimpleData>
            <SimpleData name="ETAPA_FAO">Mantenimiento A?o 1.1</SimpleData>
            <SimpleData name="Estado_del">Activo</SimpleData>
            <SimpleData name="Empresa">Hyh Consultores SRL</SimpleData>
            <SimpleData name="Lote">H</SimpleData>
            <SimpleData name="Monitorear">Si</SimpleData>
            <SimpleData name="Fecha_de_M">-</SimpleData>
            <SimpleData name="F__de_pren">-</SimpleData>
            <SimpleData name="Estado_FAO">Verificar posible desercion</SimpleData>
            <SimpleData name="Etapa_de_i">Mantenimiento A?o 1.1</SimpleData>
            <SimpleData name="Fecha_visi">2026/09/25</SimpleData>
            <SimpleData name="Cumple_sup">Si</SimpleData>
            <SimpleData name="Estado_mon">-</SimpleData>
            <SimpleData name="Situaci_12">-</SimpleData>
            <SimpleData name="Observaci">Falta de inter?s o no ve el beneficio;Se encuentras alambrado que afecta la parcela como piquete</SimpleData>
            <SimpleData name="Dias_trans">9.43172053240</SimpleData>
            <SimpleData name="Prioridad">ALTA</SimpleData>
            <SimpleData name="OBJECTID_1">170</SimpleData>
          </SchemaData>
        </ExtendedData>
        <Point>
          <coordinates>
            -55.6402313571793,-24.1618591698867,0
          </coordinates>
        </Point>
      </Placemark>
      <Placemark id="Distrito_VILLA_YGATIM__.2">
        <ExtendedData>
          <SchemaData schemaUrl="#Distrito_VILLA_YGATIM__.schema">
            <SimpleData name="CÈdula">7175376.00000000000</SimpleData>
            <SimpleData name="cedula">7175376</SimpleData>
            <SimpleData name="CÈdula_1">7175376.00000000000</SimpleData>
            <SimpleData name="N_">250.00000000000</SimpleData>
            <SimpleData name="Nombres_y_">VIVIANA  JAKUGI</SimpleData>
            <SimpleData name="Sexo">Mujer</SimpleData>
            <SimpleData name="Cambio_de_">NO</SimpleData>
            <SimpleData name="Titular_se">NO</SimpleData>
            <SimpleData name="CÈdula_Ti">NO</SimpleData>
            <SimpleData name="SituaciÛn">NO</SimpleData>
            <SimpleData name="Comunidad">Ind?gena</SimpleData>
            <SimpleData name="Modelo">Modelo 4</SimpleData>
            <SimpleData name="Departamen">CANINDEYU</SimpleData>
            <SimpleData name="Distrito">VILLA YGATIM?</SimpleData>
            <SimpleData name="Localidad">COM INDIG CHUPA POU</SimpleData>
            <SimpleData name="TelÈfono">982473468</SimpleData>
            <SimpleData name="Vivienda_L">-24.21699330000</SimpleData>
            <SimpleData name="Vivienda_1">-55.66386830000</SimpleData>
            <SimpleData name="Superficie">0.70000000000</SimpleData>
            <SimpleData name="Situaci_1">Pol?gono</SimpleData>
            <SimpleData name="Plantado">Si</SimpleData>
            <SimpleData name="Parcela_La">-24.21690520000</SimpleData>
            <SimpleData name="Parcela_Lo">-55.70768014000</SimpleData>
            <SimpleData name="Grupo_Impl">G2</SimpleData>
            <SimpleData name="Grupo_de_P">H-P3-P10P10-XX-XX</SimpleData>
            <SimpleData name="Jornales">4.00000000000</SimpleData>
            <SimpleData name="Monto">446008.00000000000</SimpleData>
            <SimpleData name="ETAPA_FAO">Mantenimiento A?o 1.2</SimpleData>
            <SimpleData name="Estado_del">Activo</SimpleData>
            <SimpleData name="Empresa">Hyh Consultores SRL</SimpleData>
            <SimpleData name="Lote">H</SimpleData>
            <SimpleData name="Monitorear">No</SimpleData>
            <SimpleData name="Fecha_de_M">-</SimpleData>
            <SimpleData name="F__de_pren">-</SimpleData>
            <SimpleData name="Estado_FAO">Monitorear</SimpleData>
            <SimpleData name="Etapa_de_i">Mantenimiento A?o 1.2</SimpleData>
            <SimpleData name="Fecha_visi">2026/09/13</SimpleData>
            <SimpleData name="Cumple_sup">Si</SimpleData>
            <SimpleData name="Estado_mon">-</SimpleData>
            <SimpleData name="Situaci_12">-</SimpleData>
            <SimpleData name="Observaci">-</SimpleData>
            <SimpleData name="Dias_trans">21.15208333330</SimpleData>
            <SimpleData name="Prioridad">ALTA</SimpleData>
            <SimpleData name="OBJECTID_1">250</SimpleData>
          </SchemaData>
        </ExtendedData>
        <Point>
          <coordinates>
            -55.7076801447472,-24.2169051959825,0
          </coordinates>
        </Point>
      </Placemark>
      <Placemark id="Distrito_VILLA_YGATIM__.3">
        <ExtendedData>
          <SchemaData schemaUrl="#Distrito_VILLA_YGATIM__.schema">
            <SimpleData name="CÈdula">3892441.00000000000</SimpleData>
            <SimpleData name="cedula">3892441</SimpleData>
            <SimpleData name="CÈdula_1">3892441.00000000000</SimpleData>
            <SimpleData name="N_">35.00000000000</SimpleData>
            <SimpleData name="Nombres_y_">CRISTINA VERA</SimpleData>
            <SimpleData name="Sexo">Mujer</SimpleData>
            <SimpleData name="Cambio_de_">NO</SimpleData>
            <SimpleData name="Titular_se">NO</SimpleData>
            <SimpleData name="CÈdula_Ti">NO</SimpleData>
            <SimpleData name="SituaciÛn">NO</SimpleData>
            <SimpleData name="Comunidad">Ind?gena</SimpleData>
            <SimpleData name="Modelo">Modelo 2</SimpleData>
            <SimpleData name="Departamen">CANINDEYU</SimpleData>
            <SimpleData name="Distrito">VILLA YGATIM?</SimpleData>
            <SimpleData name="Localidad">COM INDIG ITANARAMI CENTRO</SimpleData>
            <SimpleData name="TelÈfono">No tiene</SimpleData>
            <SimpleData name="Vivienda_L">-24.10728200000</SimpleData>
            <SimpleData name="Vivienda_1">-55.69283820000</SimpleData>
            <SimpleData name="Superficie">0.80000000000</SimpleData>
            <SimpleData name="Situaci_1">Par?metro</SimpleData>
            <SimpleData name="Plantado">Si</SimpleData>
            <SimpleData name="Parcela_La">-24.10251588000</SimpleData>
            <SimpleData name="Parcela_Lo">-55.69133190000</SimpleData>
            <SimpleData name="Grupo_Impl">G2</SimpleData>
            <SimpleData name="Grupo_de_P">H-P14-XX-XX-XX</SimpleData>
            <SimpleData name="Jornales">0.00000000000</SimpleData>
            <SimpleData name="Monto">0.00000000000</SimpleData>
            <SimpleData name="ETAPA_FAO">Mantenimiento A?o 1.1</SimpleData>
            <SimpleData name="Estado_del">Activo</SimpleData>
            <SimpleData name="Empresa">Hyh Consultores SRL</SimpleData>
            <SimpleData name="Lote">H</SimpleData>
            <SimpleData name="Monitorear">No</SimpleData>
            <SimpleData name="Fecha_de_M">-</SimpleData>
            <SimpleData name="F__de_pren">-</SimpleData>
            <SimpleData name="Estado_FAO">Verificar posible desercion</SimpleData>
            <SimpleData name="Etapa_de_i">Mantenimiento A?o 1.1</SimpleData>
            <SimpleData name="Fecha_visi">2026/08/26</SimpleData>
            <SimpleData name="Cumple_sup">Si</SimpleData>
            <SimpleData name="Estado_mon">-</SimpleData>
            <SimpleData name="Situaci_12">-</SimpleData>
            <SimpleData name="Observaci">Falta de inter?s o no ve el beneficio;No hay inter?s</SimpleData>
            <SimpleData name="Dias_trans">39.56192671300</SimpleData>
            <SimpleData name="Prioridad">ALTA</SimpleData>
            <SimpleData name="OBJECTID_1">35</SimpleData>
          </SchemaData>
        </ExtendedData>
        <Point>
          <coordinates>
            -55.6910908123853,-24.1024304510434,0
          </coordinates>
        </Point>
      </Placemark>
      <Placemark id="Distrito_VILLA_YGATIM__.4">
        <ExtendedData>
          <SchemaData schemaUrl="#Distrito_VILLA_YGATIM__.schema">
            <SimpleData name="CÈdula">7906165.00000000000</SimpleData>
            <SimpleData name="cedula">7906165</SimpleData>
            <SimpleData name="CÈdula_1">7906165.00000000000</SimpleData>
            <SimpleData name="N_">317.00000000000</SimpleData>
            <SimpleData name="Nombres_y_">MARIA ANTONIA ROMERO MENDOZA</SimpleData>
            <SimpleData name="Sexo">Mujer</SimpleData>
            <SimpleData name="Cambio_de_">NO</SimpleData>
            <SimpleData name="Titular_se">NO</SimpleData>
            <SimpleData name="CÈdula_Ti">NO</SimpleData>
            <SimpleData name="SituaciÛn">NO</SimpleData>
            <SimpleData name="Comunidad">Campesina</SimpleData>
            <SimpleData name="Modelo">Modelo 5</SimpleData>
            <SimpleData name="Departamen">CANINDEYU</SimpleData>
            <SimpleData name="Distrito">VILLA YGATIM?</SimpleData>
            <SimpleData name="Localidad">SAN BLAS</SimpleData>
            <SimpleData name="TelÈfono">0984711589</SimpleData>
            <SimpleData name="Vivienda_L">-24.01253560000</SimpleData>
            <SimpleData name="Vivienda_1">-55.66007740000</SimpleData>
            <SimpleData name="Superficie">0.70000000000</SimpleData>
            <SimpleData name="Situaci_1">Par?metro</SimpleData>
            <SimpleData name="Plantado">Si</SimpleData>
            <SimpleData name="Parcela_La">-24.01705729000</SimpleData>
            <SimpleData name="Parcela_Lo">-55.65978997000</SimpleData>
            <SimpleData name="Grupo_Impl">G2</SimpleData>
            <SimpleData name="Grupo_de_P">H-P8-XX-XX-XX</SimpleData>
            <SimpleData name="Jornales">0.00000000000</SimpleData>
            <SimpleData name="Monto">0.00000000000</SimpleData>
            <SimpleData name="ETAPA_FAO">Mantenimiento A?o 1.1</SimpleData>
            <SimpleData name="Estado_del">Activo</SimpleData>
            <SimpleData name="Empresa">Hyh Consultores SRL</SimpleData>
            <SimpleData name="Lote">H</SimpleData>
            <SimpleData name="Monitorear">Si</SimpleData>
            <SimpleData name="Fecha_de_M">-</SimpleData>
            <SimpleData name="F__de_pren">-</SimpleData>
            <SimpleData name="Estado_FAO">Monitorear</SimpleData>
            <SimpleData name="Etapa_de_i">Mantenimiento A?o 1.1</SimpleData>
            <SimpleData name="Fecha_visi">2026/09/04</SimpleData>
            <SimpleData name="Cumple_sup">Si</SimpleData>
            <SimpleData name="Estado_mon">-</SimpleData>
            <SimpleData name="Situaci_12">-</SimpleData>
            <SimpleData name="Observaci">-</SimpleData>
            <SimpleData name="Dias_trans">30.24778935190</SimpleData>
            <SimpleData name="Prioridad">ALTA</SimpleData>
            <SimpleData name="OBJECTID_1">317</SimpleData>
          </SchemaData>
        </ExtendedData>
        <Point>
          <coordinates>
            -55.659789965797,-24.0170572929538,0
          </coordinates>
        </Point>
      </Placemark>
      <Placemark id="Distrito_VILLA_YGATIM__.5">
        <ExtendedData>
          <SchemaData schemaUrl="#Distrito_VILLA_YGATIM__.schema">
            <SimpleData name="CÈdula">4173735.00000000000</SimpleData>
            <SimpleData name="cedula">4173735</SimpleData>
            <SimpleData name="CÈdula_1">4173735.00000000000</SimpleData>
            <SimpleData name="N_">245.00000000000</SimpleData>
            <SimpleData name="Nombres_y_"><![CDATA[AURORA  FUA'AGI]]></SimpleData>
            <SimpleData name="Sexo">Mujer</SimpleData>
            <SimpleData name="Cambio_de_">NO</SimpleData>
            <SimpleData name="Titular_se">NO</SimpleData>
            <SimpleData name="CÈdula_Ti">NO</SimpleData>
            <SimpleData name="SituaciÛn">NO</SimpleData>
            <SimpleData name="Comunidad">Ind?gena</SimpleData>
            <SimpleData name="Modelo">Modelo 4</SimpleData>
            <SimpleData name="Departamen">CANINDEYU</SimpleData>
            <SimpleData name="Distrito">VILLA YGATIM?</SimpleData>
            <SimpleData name="Localidad">COM INDIG CHUPA POU</SimpleData>
            <SimpleData name="TelÈfono">986555307</SimpleData>
            <SimpleData name="Vivienda_L">-24.20898830000</SimpleData>
            <SimpleData name="Vivienda_1">-55.67647000000</SimpleData>
            <SimpleData name="Superficie">0.70000000000</SimpleData>
            <SimpleData name="Situaci_1">Pol?gono</SimpleData>
            <SimpleData name="Plantado">Si</SimpleData>
            <SimpleData name="Parcela_La">-24.23509516000</SimpleData>
            <SimpleData name="Parcela_Lo">-55.72656958000</SimpleData>
            <SimpleData name="Grupo_Impl">G2</SimpleData>
            <SimpleData name="Grupo_de_P">H-P3-P10P10-XX-XX</SimpleData>
            <SimpleData name="Jornales">4.00000000000</SimpleData>
            <SimpleData name="Monto">446008.00000000000</SimpleData>
            <SimpleData name="ETAPA_FAO">Mantenimiento A?o 1.2</SimpleData>
            <SimpleData name="Estado_del">Activo</SimpleData>
            <SimpleData name="Empresa">Hyh Consultores SRL</SimpleData>
            <SimpleData name="Lote">H</SimpleData>
            <SimpleData name="Monitorear">No</SimpleData>
            <SimpleData name="Fecha_de_M">-</SimpleData>
            <SimpleData name="F__de_pren">-</SimpleData>
            <SimpleData name="Estado_FAO">Monitorear</SimpleData>
            <SimpleData name="Etapa_de_i">Mantenimiento A?o 1.2</SimpleData>
            <SimpleData name="Fecha_visi">2026/09/14</SimpleData>
            <SimpleData name="Cumple_sup">Si</SimpleData>
            <SimpleData name="Estado_mon">-</SimpleData>
            <SimpleData name="Situaci_12">-</SimpleData>
            <SimpleData name="Observaci">-</SimpleData>
            <SimpleData name="Dias_trans">20.18833333330</SimpleData>
            <SimpleData name="Prioridad">ALTA</SimpleData>
            <SimpleData name="OBJECTID_1">245</SimpleData>
          </SchemaData>
        </ExtendedData>
        <Point>
          <coordinates>
            -55.7265695845817,-24.2350951632839,0
          </coordinates>
        </Point>
      </Placemark>
      <Placemark id="Distrito_VILLA_YGATIM__.6">
        <ExtendedData>
          <SchemaData schemaUrl="#Distrito_VILLA_YGATIM__.schema">
            <SimpleData name="CÈdula">8341159.00000000000</SimpleData>
            <SimpleData name="cedula">8341159</SimpleData>
            <SimpleData name="CÈdula_1">8341159.00000000000</SimpleData>
            <SimpleData name="N_">34.00000000000</SimpleData>
            <SimpleData name="Nombres_y_">ISABELINA KUAREMINIGI</SimpleData>
            <SimpleData name="Sexo">Mujer</SimpleData>
            <SimpleData name="Cambio_de_">NO</SimpleData>
            <SimpleData name="Titular_se">NO</SimpleData>
            <SimpleData name="CÈdula_Ti">NO</SimpleData>
            <SimpleData name="SituaciÛn">NO</SimpleData>
            <SimpleData name="Comunidad">Ind?gena</SimpleData>
            <SimpleData name="Modelo">Modelo 5</SimpleData>
            <SimpleData name="Departamen">CANINDEYU</SimpleData>
            <SimpleData name="Distrito">VILLA YGATIM?</SimpleData>
            <SimpleData name="Localidad">COM INDIG CHUPA POU</SimpleData>
            <SimpleData name="TelÈfono">0983680081</SimpleData>
            <SimpleData name="Vivienda_L">-24.24362670000</SimpleData>
            <SimpleData name="Vivienda_1">-55.73146220000</SimpleData>
            <SimpleData name="Superficie">0.70000000000</SimpleData>
            <SimpleData name="Situaci_1">Pol?gono</SimpleData>
            <SimpleData name="Plantado">Si</SimpleData>
            <SimpleData name="Parcela_La">-24.24291227000</SimpleData>
            <SimpleData name="Parcela_Lo">-55.73107456000</SimpleData>
            <SimpleData name="Grupo_Impl">G2</SimpleData>
            <SimpleData name="Grupo_de_P">H-P3-XX-XX-XX</SimpleData>
            <SimpleData name="Jornales">0.00000000000</SimpleData>
            <SimpleData name="Monto">0.00000000000</SimpleData>
            <SimpleData name="ETAPA_FAO">Mantenimiento A?o 1.1</SimpleData>
            <SimpleData name="Estado_del">Activo</SimpleData>
            <SimpleData name="Empresa">Hyh Consultores SRL</SimpleData>
            <SimpleData name="Lote">H</SimpleData>
            <SimpleData name="Monitorear">No</SimpleData>
            <SimpleData name="Fecha_de_M">18/2/2026</SimpleData>
            <SimpleData name="F__de_pren">60</SimpleData>
            <SimpleData name="Estado_FAO">Monitorear Reposicion</SimpleData>
            <SimpleData name="Etapa_de_i">Mantenimiento A?o 1.1</SimpleData>
            <SimpleData name="Fecha_visi">2026/09/08</SimpleData>
            <SimpleData name="Cumple_sup">Si</SimpleData>
            <SimpleData name="Estado_mon">No cumple</SimpleData>
            <SimpleData name="Situaci_12">En el momento del monitoreo la parcela se encuentra infestada de malezas gram?neas de gran porte, no obstante el participante se encuetra en proceso de limpieza de hileras de plantaci?n. Se observan p?rdidas en especies nativas y de r?pido crecimient</SimpleData>
            <SimpleData name="Observaci">-</SimpleData>
            <SimpleData name="Dias_trans">26.19533564820</SimpleData>
            <SimpleData name="Prioridad">ALTA</SimpleData>
            <SimpleData name="OBJECTID_1">34</SimpleData>
          </SchemaData>
        </ExtendedData>
        <Point>
          <coordinates>
            -55.7310745572366,-24.2429122722997,0
          </coordinates>
        </Point>
      </Placemark>
      <Placemark id="Distrito_VILLA_YGATIM__.7">
        <ExtendedData>
          <SchemaData schemaUrl="#Distrito_VILLA_YGATIM__.schema">
            <SimpleData name="CÈdula">5797984.00000000000</SimpleData>
            <SimpleData name="cedula">5797984</SimpleData>
            <SimpleData name="CÈdula_1">5797984.00000000000</SimpleData>
            <SimpleData name="N_">36.00000000000</SimpleData>
            <SimpleData name="Nombres_y_">MAGDALENA VERA PEREIRA</SimpleData>
            <SimpleData name="Sexo">Mujer</SimpleData>
            <SimpleData name="Cambio_de_">NO</SimpleData>
            <SimpleData name="Titular_se">NO</SimpleData>
            <SimpleData name="CÈdula_Ti">NO</SimpleData>
            <SimpleData name="SituaciÛn">NO</SimpleData>
            <SimpleData name="Comunidad">Ind?gena</SimpleData>
            <SimpleData name="Modelo">Modelo 2</SimpleData>
            <SimpleData name="Departamen">CANINDEYU</SimpleData>
            <SimpleData name="Distrito">VILLA YGATIM?</SimpleData>
            <SimpleData name="Localidad">COM INDIG TEKOHA KA AGUY PORA POTY</SimpleData>
            <SimpleData name="TelÈfono">0986940715</SimpleData>
            <SimpleData name="Vivienda_L">-24.23038830000</SimpleData>
            <SimpleData name="Vivienda_1">-55.63568060000</SimpleData>
            <SimpleData name="Superficie">0.80000000000</SimpleData>
            <SimpleData name="Situaci_1">Pol?gono</SimpleData>
            <SimpleData name="Plantado">Si</SimpleData>
            <SimpleData name="Parcela_La">-24.23598390000</SimpleData>
            <SimpleData name="Parcela_Lo">-55.63235894000</SimpleData>
            <SimpleData name="Grupo_Impl">G2</SimpleData>
            <SimpleData name="Grupo_de_P">H-P3-XX-XX-XX</SimpleData>
            <SimpleData name="Jornales">0.00000000000</SimpleData>
            <SimpleData name="Monto">0.00000000000</SimpleData>
            <SimpleData name="ETAPA_FAO">Mantenimiento A?o 1.1</SimpleData>
            <SimpleData name="Estado_del">Activo</SimpleData>
            <SimpleData name="Empresa">Hyh Consultores SRL</SimpleData>
            <SimpleData name="Lote">H</SimpleData>
            <SimpleData name="Monitorear">No</SimpleData>
            <SimpleData name="Fecha_de_M">-</SimpleData>
            <SimpleData name="F__de_pren">-</SimpleData>
            <SimpleData name="Estado_FAO">Verificar posible desercion</SimpleData>
            <SimpleData name="Etapa_de_i">Mantenimiento A?o 1.1</SimpleData>
            <SimpleData name="Fecha_visi">2026/06/03</SimpleData>
            <SimpleData name="Cumple_sup">Si</SimpleData>
            <SimpleData name="Estado_mon">-</SimpleData>
            <SimpleData name="Situaci_12">-</SimpleData>
            <SimpleData name="Observaci">Falta de inter?s o no ve el beneficio;En alquiler</SimpleData>
            <SimpleData name="Dias_trans">123.35517163200</SimpleData>
            <SimpleData name="Prioridad">ALTA</SimpleData>
            <SimpleData name="OBJECTID_1">36</SimpleData>
          </SchemaData>
        </ExtendedData>
        <Point>
          <coordinates>
            -55.6323589397717,-24.2359839049232,0
          </coordinates>
        </Point>
      </Placemark>
      <Placemark id="Distrito_VILLA_YGATIM__.8">
        <ExtendedData>
          <SchemaData schemaUrl="#Distrito_VILLA_YGATIM__.schema">
            <SimpleData name="CÈdula">6786820.00000000000</SimpleData>
            <SimpleData name="cedula">6786820</SimpleData>
            <SimpleData name="CÈdula_1">6786820.00000000000</SimpleData>
            <SimpleData name="N_">270.00000000000</SimpleData>
            <SimpleData name="Nombres_y_">HUGO DAVID GONZALEZ PERALTA</SimpleData>
            <SimpleData name="Sexo">Hombre</SimpleData>
            <SimpleData name="Cambio_de_">NO</SimpleData>
            <SimpleData name="Titular_se">NO</SimpleData>
            <SimpleData name="CÈdula_Ti">NO</SimpleData>
            <SimpleData name="SituaciÛn">NO</SimpleData>
            <SimpleData name="Comunidad">Ind?gena</SimpleData>
            <SimpleData name="Modelo">Modelo 1</SimpleData>
            <SimpleData name="Departamen">CANINDEYU</SimpleData>
            <SimpleData name="Distrito">VILLA YGATIM?</SimpleData>
            <SimpleData name="Localidad">COM INDIG 8 DE DICIEMBRE</SimpleData>
            <SimpleData name="TelÈfono">976836238</SimpleData>
            <SimpleData name="Vivienda_L">-24.09751000000</SimpleData>
            <SimpleData name="Vivienda_1">-55.69643500000</SimpleData>
            <SimpleData name="Superficie">0.80000000000</SimpleData>
            <SimpleData name="Situaci_1">Parametro</SimpleData>
            <SimpleData name="Plantado">Si</SimpleData>
            <SimpleData name="Parcela_La">-24.10908586000</SimpleData>
            <SimpleData name="Parcela_Lo">-55.68907265000</SimpleData>
            <SimpleData name="Grupo_Impl">G2</SimpleData>
            <SimpleData name="Grupo_de_P">H-P7-XX-XX-XX</SimpleData>
            <SimpleData name="Jornales">0.00000000000</SimpleData>
            <SimpleData name="Monto">0.00000000000</SimpleData>
            <SimpleData name="ETAPA_FAO">Mantenimiento A?o 1.1</SimpleData>
            <SimpleData name="Estado_del">Activo</SimpleData>
            <SimpleData name="Empresa">Hyh Consultores SRL</SimpleData>
            <SimpleData name="Lote">H</SimpleData>
            <SimpleData name="Monitorear">No</SimpleData>
            <SimpleData name="Fecha_de_M">-</SimpleData>
            <SimpleData name="F__de_pren">-</SimpleData>
            <SimpleData name="Estado_FAO">Monitorear</SimpleData>
            <SimpleData name="Etapa_de_i">Mantenimiento A?o 1.1</SimpleData>
            <SimpleData name="Fecha_visi">2026/09/29</SimpleData>
            <SimpleData name="Cumple_sup">Si</SimpleData>
            <SimpleData name="Estado_mon">-</SimpleData>
            <SimpleData name="Situaci_12">-</SimpleData>
            <SimpleData name="Observaci">-</SimpleData>
            <SimpleData name="Dias_trans">5.65197916667</SimpleData>
            <SimpleData name="Prioridad">ALTA</SimpleData>
            <SimpleData name="OBJECTID_1">270</SimpleData>
          </SchemaData>
        </ExtendedData>
        <Point>
          <coordinates>
            -55.6890726485334,-24.1090858554756,0
          </coordinates>
        </Point>
      </Placemark>
      <Placemark id="Distrito_VILLA_YGATIM__.9">
        <ExtendedData>
          <SchemaData schemaUrl="#Distrito_VILLA_YGATIM__.schema">
            <SimpleData name="CÈdula">7964460.00000000000</SimpleData>
            <SimpleData name="cedula">7964460</SimpleData>
            <SimpleData name="CÈdula_1">7964460.00000000000</SimpleData>
            <SimpleData name="N_">18.00000000000</SimpleData>
            <SimpleData name="Nombres_y_">DANIELA ORTIZ BARRETO</SimpleData>
            <SimpleData name="Sexo">Mujer</SimpleData>
            <SimpleData name="Cambio_de_">NO</SimpleData>
            <SimpleData name="Titular_se">NO</SimpleData>
            <SimpleData name="CÈdula_Ti">NO</SimpleData>
            <SimpleData name="SituaciÛn">NO</SimpleData>
            <SimpleData name="Comunidad">Campesina</SimpleData>
            <SimpleData name="Modelo">Modelo 4</SimpleData>
            <SimpleData name="Departamen">CANINDEYU</SimpleData>
            <SimpleData name="Distrito">VILLA YGATIM?</SimpleData>
            <SimpleData name="Localidad">ARROYO GUAZU</SimpleData>
            <SimpleData name="TelÈfono">0976537394</SimpleData>
            <SimpleData name="Vivienda_L">-24.03659500000</SimpleData>
            <SimpleData name="Vivienda_1">-55.65772000000</SimpleData>
            <SimpleData name="Superficie">0.70000000000</SimpleData>
            <SimpleData name="Situaci_1">Pol?gono</SimpleData>
            <SimpleData name="Plantado">Si</SimpleData>
            <SimpleData name="Parcela_La">-24.03693321000</SimpleData>
            <SimpleData name="Parcela_Lo">-55.65859127000</SimpleData>
            <SimpleData name="Grupo_Impl">G2</SimpleData>
            <SimpleData name="Grupo_de_P">H-P5-XX-XX-XX</SimpleData>
            <SimpleData name="Jornales">0.00000000000</SimpleData>
            <SimpleData name="Monto">0.00000000000</SimpleData>
            <SimpleData name="ETAPA_FAO">Mantenimiento A?o 1.1</SimpleData>
            <SimpleData name="Estado_del">Activo</SimpleData>
            <SimpleData name="Empresa">Hyh Consultores SRL</SimpleData>
            <SimpleData name="Lote">H</SimpleData>
            <SimpleData name="Monitorear">No</SimpleData>
            <SimpleData name="Fecha_de_M">12/3/2026</SimpleData>
            <SimpleData name="F__de_pren">50</SimpleData>
            <SimpleData name="Estado_FAO">Monitorear Reposicion</SimpleData>
            <SimpleData name="Etapa_de_i">Mantenimiento A?o 1.1</SimpleData>
            <SimpleData name="Fecha_visi">2026/08/31</SimpleData>
            <SimpleData name="Cumple_sup">Si</SimpleData>
            <SimpleData name="Estado_mon">No cumple</SimpleData>
            <SimpleData name="Situaci_12">En el momento del monitoreo la parcela se encuentra con picadas bien definidas, pero se observan p?rdidas significativas de plantines de yerba mate.</SimpleData>
            <SimpleData name="Observaci">-</SimpleData>
            <SimpleData name="Dias_trans">34.36159722220</SimpleData>
            <SimpleData name="Prioridad">ALTA</SimpleData>
            <SimpleData name="OBJECTID_1">18</SimpleData>
          </SchemaData>
        </ExtendedData>
        <Point>
          <coordinates>
            -55.6585912694263,-24.0369332121513,0
          </coordinates>
        </Point>
      </Placemark>
      <Placemark id="Distrito_VILLA_YGATIM__.10">
        <ExtendedData>
          <SchemaData schemaUrl="#Distrito_VILLA_YGATIM__.schema">
            <SimpleData name="CÈdula">4173700.00000000000</SimpleData>
            <SimpleData name="cedula">4173700</SimpleData>
            <SimpleData name="CÈdula_1">4173700.00000000000</SimpleData>
            <SimpleData name="N_">253.00000000000</SimpleData>
            <SimpleData name="Nombres_y_">CARLOS  PAYVAGI</SimpleData>
            <SimpleData name="Sexo">Hombre</SimpleData>
            <SimpleData name="Cambio_de_">NO</SimpleData>
            <SimpleData name="Titular_se">NO</SimpleData>
            <SimpleData name="CÈdula_Ti">NO</SimpleData>
            <SimpleData name="SituaciÛn">NO</SimpleData>
            <SimpleData name="Comunidad">Ind?gena</SimpleData>
            <SimpleData name="Modelo">Modelo 3</SimpleData>
            <SimpleData name="Departamen">CANINDEYU</SimpleData>
            <SimpleData name="Distrito">VILLA YGATIM?</SimpleData>
            <SimpleData name="Localidad">COM INDIG CHUPA POU</SimpleData>
            <SimpleData name="TelÈfono">984687168</SimpleData>
            <SimpleData name="Vivienda_L">-24.21143330000</SimpleData>
            <SimpleData name="Vivienda_1">-55.67159330000</SimpleData>
            <SimpleData name="Superficie">1.00000000000</SimpleData>
            <SimpleData name="Situaci_1">Pol?gono</SimpleData>
            <SimpleData name="Plantado">Si</SimpleData>
            <SimpleData name="Parcela_La">-24.23530274000</SimpleData>
            <SimpleData name="Parcela_Lo">-55.72811876000</SimpleData>
            <SimpleData name="Grupo_Impl">G2</SimpleData>
            <SimpleData name="Grupo_de_P">H-P3-P10P10-XX-XX</SimpleData>
            <SimpleData name="Jornales">4.00000000000</SimpleData>
            <SimpleData name="Monto">446008.00000000000</SimpleData>
            <SimpleData name="ETAPA_FAO">Mantenimiento A?o 1.2</SimpleData>
            <SimpleData name="Estado_del">Activo</SimpleData>
            <SimpleData name="Empresa">Hyh Consultores SRL</SimpleData>
            <SimpleData name="Lote">H</SimpleData>
            <SimpleData name="Monitorear">No</SimpleData>
            <SimpleData name="Fecha_de_M">-</SimpleData>
            <SimpleData name="F__de_pren">-</SimpleData>
            <SimpleData name="Estado_FAO">Monitorear</SimpleData>
            <SimpleData name="Etapa_de_i">Mantenimiento A?o 1.2</SimpleData>
            <SimpleData name="Fecha_visi">2026/09/23</SimpleData>
            <SimpleData name="Cumple_sup">Si</SimpleData>
            <SimpleData name="Estado_mon">-</SimpleData>
            <SimpleData name="Situaci_12">-</SimpleData>
            <SimpleData name="Observaci">-</SimpleData>
            <SimpleData name="Dias_trans">11.01721064810</SimpleData>
            <SimpleData name="Prioridad">ALTA</SimpleData>
            <SimpleData name="OBJECTID_1">253</SimpleData>
          </SchemaData>
        </ExtendedData>
        <Point>
          <coordinates>
            -55.7281187618361,-24.2353027370356,0
          </coordinates>
        </Point>
      </Placemark>
      <Placemark id="Distrito_VILLA_YGATIM__.11">
        <ExtendedData>
          <SchemaData schemaUrl="#Distrito_VILLA_YGATIM__.schema">
            <SimpleData name="CÈdula">5752581.00000000000</SimpleData>
            <SimpleData name="cedula">5752581</SimpleData>
            <SimpleData name="CÈdula_1">5752581.00000000000</SimpleData>
            <SimpleData name="N_">255.00000000000</SimpleData>
            <SimpleData name="Nombres_y_">CHILA MBEPEPURANGI PAYVAGI KUCHINGI</SimpleData>
            <SimpleData name="Sexo">Mujer</SimpleData>
            <SimpleData name="Cambio_de_">NO</SimpleData>
            <SimpleData name="Titular_se">NO</SimpleData>
            <SimpleData name="CÈdula_Ti">NO</SimpleData>
            <SimpleData name="SituaciÛn">NO</SimpleData>
            <SimpleData name="Comunidad">Ind?gena</SimpleData>
            <SimpleData name="Modelo">Modelo 3</SimpleData>
            <SimpleData name="Departamen">CANINDEYU</SimpleData>
            <SimpleData name="Distrito">VILLA YGATIM?</SimpleData>
            <SimpleData name="Localidad">COM INDIG CHUPA POU</SimpleData>
            <SimpleData name="TelÈfono">983095942</SimpleData>
            <SimpleData name="Vivienda_L">-24.20907000000</SimpleData>
            <SimpleData name="Vivienda_1">-55.67740170000</SimpleData>
            <SimpleData name="Superficie">1.00000000000</SimpleData>
            <SimpleData name="Situaci_1">Pol?gono</SimpleData>
            <SimpleData name="Plantado">Si</SimpleData>
            <SimpleData name="Parcela_La">-24.23332807000</SimpleData>
            <SimpleData name="Parcela_Lo">-55.72815831000</SimpleData>
            <SimpleData name="Grupo_Impl">G2</SimpleData>
            <SimpleData name="Grupo_de_P">H-P3-P10P10-XX-XX</SimpleData>
            <SimpleData name="Jornales">4.00000000000</SimpleData>
            <SimpleData name="Monto">446008.00000000000</SimpleData>
            <SimpleData name="ETAPA_FAO">Mantenimiento A?o 1.2</SimpleData>
            <SimpleData name="Estado_del">Activo</SimpleData>
            <SimpleData name="Empresa">Hyh Consultores SRL</SimpleData>
            <SimpleData name="Lote">H</SimpleData>
            <SimpleData name="Monitorear">No</SimpleData>
            <SimpleData name="Fecha_de_M">-</SimpleData>
            <SimpleData name="F__de_pren">-</SimpleData>
            <SimpleData name="Estado_FAO">Monitorear</SimpleData>
            <SimpleData name="Etapa_de_i">Mantenimiento A?o 1.2</SimpleData>
            <SimpleData name="Fecha_visi">2026/09/25</SimpleData>
            <SimpleData name="Cumple_sup">Si</SimpleData>
            <SimpleData name="Estado_mon">-</SimpleData>
            <SimpleData name="Situaci_12">-</SimpleData>
            <SimpleData name="Observaci">-</SimpleData>
            <SimpleData name="Dias_trans">9.43482638889</SimpleData>
            <SimpleData name="Prioridad">ALTA</SimpleData>
            <SimpleData name="OBJECTID_1">255</SimpleData>
          </SchemaData>
        </ExtendedData>
        <Point>
          <coordinates>
            -55.7281583067088,-24.2333280694492,0
          </coordinates>
        </Point>
      </Placemark>
      <Placemark id="Distrito_VILLA_YGATIM__.12">
        <ExtendedData>
          <SchemaData schemaUrl="#Distrito_VILLA_YGATIM__.schema">
            <SimpleData name="CÈdula">3694891.00000000000</SimpleData>
            <SimpleData name="cedula">3694891</SimpleData>
            <SimpleData name="CÈdula_1">3694891.00000000000</SimpleData>
            <SimpleData name="N_">251.00000000000</SimpleData>
            <SimpleData name="Nombres_y_">JULIO  JAVAGI</SimpleData>
            <SimpleData name="Sexo">Hombre</SimpleData>
            <SimpleData name="Cambio_de_">NO</SimpleData>
            <SimpleData name="Titular_se">NO</SimpleData>
            <SimpleData name="CÈdula_Ti">NO</SimpleData>
            <SimpleData name="SituaciÛn">NO</SimpleData>
            <SimpleData name="Comunidad">Ind?gena</SimpleData>
            <SimpleData name="Modelo">Modelo 4</SimpleData>
            <SimpleData name="Departamen">CANINDEYU</SimpleData>
            <SimpleData name="Distrito">VILLA YGATIM?</SimpleData>
            <SimpleData name="Localidad">COM INDIG CHUPA POU</SimpleData>
            <SimpleData name="TelÈfono">1234567890</SimpleData>
            <SimpleData name="Vivienda_L">-24.21645500000</SimpleData>
            <SimpleData name="Vivienda_1">-55.66430500000</SimpleData>
            <SimpleData name="Superficie">0.70000000000</SimpleData>
            <SimpleData name="Situaci_1">Pol?gono</SimpleData>
            <SimpleData name="Plantado">Si</SimpleData>
            <SimpleData name="Parcela_La">-24.21694234000</SimpleData>
            <SimpleData name="Parcela_Lo">-55.70664618000</SimpleData>
            <SimpleData name="Grupo_Impl">G2</SimpleData>
            <SimpleData name="Grupo_de_P">H-P3-P10P10-XX-XX</SimpleData>
            <SimpleData name="Jornales">4.00000000000</SimpleData>
            <SimpleData name="Monto">446008.00000000000</SimpleData>
            <SimpleData name="ETAPA_FAO">Mantenimiento A?o 1.2</SimpleData>
            <SimpleData name="Estado_del">Activo</SimpleData>
            <SimpleData name="Empresa">Hyh Consultores SRL</SimpleData>
            <SimpleData name="Lote">H</SimpleData>
            <SimpleData name="Monitorear">No</SimpleData>
            <SimpleData name="Fecha_de_M">-</SimpleData>
            <SimpleData name="F__de_pren">-</SimpleData>
            <SimpleData name="Estado_FAO">Monitorear</SimpleData>
            <SimpleData name="Etapa_de_i">Mantenimiento A?o 1.2</SimpleData>
            <SimpleData name="Fecha_visi">2026/09/29</SimpleData>
            <SimpleData name="Cumple_sup">Si</SimpleData>
            <SimpleData name="Estado_mon">-</SimpleData>
            <SimpleData name="Situaci_12">-</SimpleData>
            <SimpleData name="Observaci">-</SimpleData>
            <SimpleData name="Dias_trans">5.26795138889</SimpleData>
            <SimpleData name="Prioridad">ALTA</SimpleData>
            <SimpleData name="OBJECTID_1">251</SimpleData>
          </SchemaData>
        </ExtendedData>
        <Point>
          <coordinates>
            -55.7066461815227,-24.2169423427221,0
          </coordinates>
        </Point>
      </Placemark>
      <Placemark id="Distrito_VILLA_YGATIM__.13">
        <ExtendedData>
          <SchemaData schemaUrl="#Distrito_VILLA_YGATIM__.schema">
            <SimpleData name="CÈdula">4630099.00000000000</SimpleData>
            <SimpleData name="cedula">4630099</SimpleData>
            <SimpleData name="CÈdula_1">4630099.00000000000</SimpleData>
            <SimpleData name="N_">256.00000000000</SimpleData>
            <SimpleData name="Nombres_y_">FRANCISCA VARUKUGI MBEPEGI EIRAGI</SimpleData>
            <SimpleData name="Sexo">Mujer</SimpleData>
            <SimpleData name="Cambio_de_">NO</SimpleData>
            <SimpleData name="Titular_se">NO</SimpleData>
            <SimpleData name="CÈdula_Ti">NO</SimpleData>
            <SimpleData name="SituaciÛn">NO</SimpleData>
            <SimpleData name="Comunidad">Ind?gena</SimpleData>
            <SimpleData name="Modelo">Modelo 4</SimpleData>
            <SimpleData name="Departamen">CANINDEYU</SimpleData>
            <SimpleData name="Distrito">VILLA YGATIM?</SimpleData>
            <SimpleData name="Localidad">COM INDIG CHUPA POU</SimpleData>
            <SimpleData name="TelÈfono">984151412</SimpleData>
            <SimpleData name="Vivienda_L">-24.21338620000</SimpleData>
            <SimpleData name="Vivienda_1">-55.66895170000</SimpleData>
            <SimpleData name="Superficie">0.70000000000</SimpleData>
            <SimpleData name="Situaci_1">Pol?gono</SimpleData>
            <SimpleData name="Plantado">Si</SimpleData>
            <SimpleData name="Parcela_La">-24.21668128000</SimpleData>
            <SimpleData name="Parcela_Lo">-55.70945597000</SimpleData>
            <SimpleData name="Grupo_Impl">G2</SimpleData>
            <SimpleData name="Grupo_de_P">H-P3-P10P10-XX-XX</SimpleData>
            <SimpleData name="Jornales">4.00000000000</SimpleData>
            <SimpleData name="Monto">446008.00000000000</SimpleData>
            <SimpleData name="ETAPA_FAO">Mantenimiento A?o 1.2</SimpleData>
            <SimpleData name="Estado_del">Activo</SimpleData>
            <SimpleData name="Empresa">Hyh Consultores SRL</SimpleData>
            <SimpleData name="Lote">H</SimpleData>
            <SimpleData name="Monitorear">No</SimpleData>
            <SimpleData name="Fecha_de_M">-</SimpleData>
            <SimpleData name="F__de_pren">-</SimpleData>
            <SimpleData name="Estado_FAO">Monitorear</SimpleData>
            <SimpleData name="Etapa_de_i">Mantenimiento A?o 1.2</SimpleData>
            <SimpleData name="Fecha_visi">2026/09/26</SimpleData>
            <SimpleData name="Cumple_sup">Si</SimpleData>
            <SimpleData name="Estado_mon">-</SimpleData>
            <SimpleData name="Situaci_12">-</SimpleData>
            <SimpleData name="Observaci">-</SimpleData>
            <SimpleData name="Dias_trans">8.43225694444</SimpleData>
            <SimpleData name="Prioridad">ALTA</SimpleData>
            <SimpleData name="OBJECTID_1">256</SimpleData>
          </SchemaData>
        </ExtendedData>
        <Point>
          <coordinates>
            -55.7094559733525,-24.2166812806546,0
          </coordinates>
        </Point>
      </Placemark>
      <Placemark id="Distrito_VILLA_YGATIM__.14">
        <ExtendedData>
          <SchemaData schemaUrl="#Distrito_VILLA_YGATIM__.schema">
            <SimpleData name="CÈdula">1411559.00000000000</SimpleData>
            <SimpleData name="cedula">1411559</SimpleData>
            <SimpleData name="CÈdula_1">1411559.00000000000</SimpleData>
            <SimpleData name="N_">29.00000000000</SimpleData>
            <SimpleData name="Nombres_y_">ISABEL GONZALEZ VERA</SimpleData>
            <SimpleData name="Sexo">Mujer</SimpleData>
            <SimpleData name="Cambio_de_">NO</SimpleData>
            <SimpleData name="Titular_se">NO</SimpleData>
            <SimpleData name="CÈdula_Ti">NO</SimpleData>
            <SimpleData name="SituaciÛn">NO</SimpleData>
            <SimpleData name="Comunidad">Ind?gena</SimpleData>
            <SimpleData name="Modelo">Modelo 6</SimpleData>
            <SimpleData name="Departamen">CANINDEYU</SimpleData>
            <SimpleData name="Distrito">VILLA YGATIM?</SimpleData>
            <SimpleData name="Localidad">COM INDIG ITANARAMI 8 DE DICIEMBRE</SimpleData>
            <SimpleData name="TelÈfono">0986559898</SimpleData>
            <SimpleData name="Vivienda_L">-24.08525710000</SimpleData>
            <SimpleData name="Vivienda_1">-55.70363130000</SimpleData>
            <SimpleData name="Superficie">0.90000000000</SimpleData>
            <SimpleData name="Situaci_1">Pol?gono</SimpleData>
            <SimpleData name="Plantado">Si</SimpleData>
            <SimpleData name="Parcela_La">-24.08626843000</SimpleData>
            <SimpleData name="Parcela_Lo">-55.70534766000</SimpleData>
            <SimpleData name="Grupo_Impl">G2</SimpleData>
            <SimpleData name="Grupo_de_P">H-P2-XX-XX-XX</SimpleData>
            <SimpleData name="Jornales">0.00000000000</SimpleData>
            <SimpleData name="Monto">0.00000000000</SimpleData>
            <SimpleData name="ETAPA_FAO">Mantenimiento A?o 1.1</SimpleData>
            <SimpleData name="Estado_del">Activo</SimpleData>
            <SimpleData name="Empresa">Hyh Consultores SRL</SimpleData>
            <SimpleData name="Lote">H</SimpleData>
            <SimpleData name="Monitorear">No</SimpleData>
            <SimpleData name="Fecha_de_M">19/3/2026</SimpleData>
            <SimpleData name="F__de_pren">70</SimpleData>
            <SimpleData name="Estado_FAO">Monitorear Reposicion</SimpleData>
            <SimpleData name="Etapa_de_i">Mantenimiento A?o 1.1</SimpleData>
            <SimpleData name="Fecha_visi">2026/09/25</SimpleData>
            <SimpleData name="Cumple_sup">Si</SimpleData>
            <SimpleData name="Estado_mon">No cumple</SimpleData>
            <SimpleData name="Situaci_12"><![CDATA[En el momento del monitoreo de la parcela, se observa p?rdida de los plantines de yerba mate causada por hormigas cortadoras y otros factores desconocidos. 
La parcela cuenta con cultivo de kumanda yvyra'i (cajanus cajan) que le sirve como media sobra a]]></SimpleData>
            <SimpleData name="Observaci">-</SimpleData>
            <SimpleData name="Dias_trans">9.24725694444</SimpleData>
            <SimpleData name="Prioridad">ALTA</SimpleData>
            <SimpleData name="OBJECTID_1">29</SimpleData>
          </SchemaData>
        </ExtendedData>
        <Point>
          <coordinates>
            -55.7053476600241,-24.0862684310411,0
          </coordinates>
        </Point>
      </Placemark>
      <Placemark id="Distrito_VILLA_YGATIM__.15">
        <ExtendedData>
          <SchemaData schemaUrl="#Distrito_VILLA_YGATIM__.schema">
            <SimpleData name="CÈdula">6742950.00000000000</SimpleData>
            <SimpleData name="cedula">6742950</SimpleData>
            <SimpleData name="CÈdula_1">6742950.00000000000</SimpleData>
            <SimpleData name="N_">215.00000000000</SimpleData>
            <SimpleData name="Nombres_y_">DELIA NU EZ DUARTE</SimpleData>
            <SimpleData name="Sexo">Mujer</SimpleData>
            <SimpleData name="Cambio_de_">NO</SimpleData>
            <SimpleData name="Titular_se">NO</SimpleData>
            <SimpleData name="CÈdula_Ti">NO</SimpleData>
            <SimpleData name="SituaciÛn">NO</SimpleData>
            <SimpleData name="Comunidad">Ind?gena</SimpleData>
            <SimpleData name="Modelo">Modelo 1</SimpleData>
            <SimpleData name="Departamen">CANINDEYU</SimpleData>
            <SimpleData name="Distrito">VILLA YGATIM?</SimpleData>
            <SimpleData name="Localidad">COM INDIG MBOI JAGUA - CA?ADITA</SimpleData>
            <SimpleData name="TelÈfono">1234567890</SimpleData>
            <SimpleData name="Vivienda_L">-24.11944030000</SimpleData>
            <SimpleData name="Vivienda_1">-55.57120490000</SimpleData>
            <SimpleData name="Superficie">0.80000000000</SimpleData>
            <SimpleData name="Situaci_1">Parametro</SimpleData>
            <SimpleData name="Plantado">Si</SimpleData>
            <SimpleData name="Parcela_La">-24.12437131000</SimpleData>
            <SimpleData name="Parcela_Lo">-55.56355281000</SimpleData>
            <SimpleData name="Grupo_Impl">G2</SimpleData>
            <SimpleData name="Grupo_de_P">H-P12-XX-XX-XX</SimpleData>
            <SimpleData name="Jornales">0.00000000000</SimpleData>
            <SimpleData name="Monto">0.00000000000</SimpleData>
            <SimpleData name="ETAPA_FAO">Mantenimiento A?o 1.1</SimpleData>
            <SimpleData name="Estado_del">Activo</SimpleData>
            <SimpleData name="Empresa">Hyh Consultores SRL</SimpleData>
            <SimpleData name="Lote">H</SimpleData>
            <SimpleData name="Monitorear">Si</SimpleData>
            <SimpleData name="Fecha_de_M">-</SimpleData>
            <SimpleData name="F__de_pren">-</SimpleData>
            <SimpleData name="Estado_FAO">Verificar posible desercion</SimpleData>
            <SimpleData name="Etapa_de_i">Mantenimiento A?o 1.1</SimpleData>
            <SimpleData name="Fecha_visi">2026/09/04</SimpleData>
            <SimpleData name="Cumple_sup">Si</SimpleData>
            <SimpleData name="Estado_mon">-</SimpleData>
            <SimpleData name="Situaci_12">-</SimpleData>
            <SimpleData name="Observaci">Incendios;Se quemo la parcela y no hay ninguna Planta</SimpleData>
            <SimpleData name="Dias_trans">30.66120840280</SimpleData>
            <SimpleData name="Prioridad">ALTA</SimpleData>
            <SimpleData name="OBJECTID_1">215</SimpleData>
          </SchemaData>
        </ExtendedData>
        <Point>
          <coordinates>
            -55.5635528108985,-24.1243713100985,0
          </coordinates>
        </Point>
      </Placemark>
      <Placemark id="Distrito_VILLA_YGATIM__.16">
        <ExtendedData>
          <SchemaData schemaUrl="#Distrito_VILLA_YGATIM__.schema">
            <SimpleData name="CÈdula">4285784.00000000000</SimpleData>
            <SimpleData name="cedula">4285784</SimpleData>
            <SimpleData name="CÈdula_1">4285784.00000000000</SimpleData>
            <SimpleData name="N_">24.00000000000</SimpleData>
            <SimpleData name="Nombres_y_">PABLA BELMONTE PIRIS</SimpleData>
            <SimpleData name="Sexo">Mujer</SimpleData>
            <SimpleData name="Cambio_de_">NO</SimpleData>
            <SimpleData name="Titular_se">NO</SimpleData>
            <SimpleData name="CÈdula_Ti">NO</SimpleData>
            <SimpleData name="SituaciÛn">NO</SimpleData>
            <SimpleData name="Comunidad">Ind?gena</SimpleData>
            <SimpleData name="Modelo">Modelo 1</SimpleData>
            <SimpleData name="Departamen">CANINDEYU</SimpleData>
            <SimpleData name="Distrito">VILLA YGATIM?</SimpleData>
            <SimpleData name="Localidad">COM INDIG MBOI JAGUA ? PINDOTY</SimpleData>
            <SimpleData name="TelÈfono">985357129</SimpleData>
            <SimpleData name="Vivienda_L">-24.12108170000</SimpleData>
            <SimpleData name="Vivienda_1">-55.58373670000</SimpleData>
            <SimpleData name="Superficie">0.80000000000</SimpleData>
            <SimpleData name="Situaci_1">Parametro</SimpleData>
            <SimpleData name="Plantado">Si</SimpleData>
            <SimpleData name="Parcela_La">-24.13429979000</SimpleData>
            <SimpleData name="Parcela_Lo">-55.58179842000</SimpleData>
            <SimpleData name="Grupo_Impl">G2</SimpleData>
            <SimpleData name="Grupo_de_P">H-P8-XX-XX-XX</SimpleData>
            <SimpleData name="Jornales">0.00000000000</SimpleData>
            <SimpleData name="Monto">0.00000000000</SimpleData>
            <SimpleData name="ETAPA_FAO">Mantenimiento A?o 1.1</SimpleData>
            <SimpleData name="Estado_del">Activo</SimpleData>
            <SimpleData name="Empresa">Hyh Consultores SRL</SimpleData>
            <SimpleData name="Lote">H</SimpleData>
            <SimpleData name="Monitorear">No</SimpleData>
            <SimpleData name="Fecha_de_M">-</SimpleData>
            <SimpleData name="F__de_pren">-</SimpleData>
            <SimpleData name="Estado_FAO">Monitorear</SimpleData>
            <SimpleData name="Etapa_de_i">Mantenimiento A?o 1.1</SimpleData>
            <SimpleData name="Fecha_visi">2026/09/25</SimpleData>
            <SimpleData name="Cumple_sup">Si</SimpleData>
            <SimpleData name="Estado_mon">-</SimpleData>
            <SimpleData name="Situaci_12">-</SimpleData>
            <SimpleData name="Observaci">-</SimpleData>
            <SimpleData name="Dias_trans">9.43016203704</SimpleData>
            <SimpleData name="Prioridad">ALTA</SimpleData>
            <SimpleData name="OBJECTID_1">24</SimpleData>
          </SchemaData>
        </ExtendedData>
        <MultiGeometry>
          <Point>
            <coordinates>
              -55.5840753585791,-24.1205783949142,0
            </coordinates>
          </Point>
          <Point>
            <coordinates>
              -55.5817984213777,-24.1342997900955,0
            </coordinates>
          </Point>
          <Point>
            <coordinates>
              -55.5801109750872,-24.1347646845303,0
            </coordinates>
          </Point>
        </MultiGeometry>
      </Placemark>
      <Placemark id="Distrito_VILLA_YGATIM__.17">
        <ExtendedData>
          <SchemaData schemaUrl="#Distrito_VILLA_YGATIM__.schema">
            <SimpleData name="CÈdula">5249994.00000000000</SimpleData>
            <SimpleData name="cedula">5249994</SimpleData>
            <SimpleData name="CÈdula_1">5249994.00000000000</SimpleData>
            <SimpleData name="N_">33.00000000000</SimpleData>
            <SimpleData name="Nombres_y_">DOMINGA ROJAS GONZALEZ</SimpleData>
            <SimpleData name="Sexo">Mujer</SimpleData>
            <SimpleData name="Cambio_de_">NO</SimpleData>
            <SimpleData name="Titular_se">NO</SimpleData>
            <SimpleData name="CÈdula_Ti">NO</SimpleData>
            <SimpleData name="SituaciÛn">NO</SimpleData>
            <SimpleData name="Comunidad">Ind?gena</SimpleData>
            <SimpleData name="Modelo">Modelo 1</SimpleData>
            <SimpleData name="Departamen">CANINDEYU</SimpleData>
            <SimpleData name="Distrito">VILLA YGATIM?</SimpleData>
            <SimpleData name="Localidad">COM INDIG ITANARAMI 8 DE DICIEMBRE</SimpleData>
            <SimpleData name="TelÈfono">0983135986</SimpleData>
            <SimpleData name="Vivienda_L">-24.08537550000</SimpleData>
            <SimpleData name="Vivienda_1">-55.70399840000</SimpleData>
            <SimpleData name="Superficie">0.80000000000</SimpleData>
            <SimpleData name="Situaci_1">Par?metro</SimpleData>
            <SimpleData name="Plantado">Si</SimpleData>
            <SimpleData name="Parcela_La">-24.08682190000</SimpleData>
            <SimpleData name="Parcela_Lo">-55.71112110000</SimpleData>
            <SimpleData name="Grupo_Impl">G2</SimpleData>
            <SimpleData name="Grupo_de_P">H-P7-XX-XX-XX</SimpleData>
            <SimpleData name="Jornales">0.00000000000</SimpleData>
            <SimpleData name="Monto">0.00000000000</SimpleData>
            <SimpleData name="ETAPA_FAO">Mantenimiento A?o 1.1</SimpleData>
            <SimpleData name="Estado_del">Activo</SimpleData>
            <SimpleData name="Empresa">Hyh Consultores SRL</SimpleData>
            <SimpleData name="Lote">H</SimpleData>
            <SimpleData name="Monitorear">No</SimpleData>
            <SimpleData name="Fecha_de_M">16/7/2026</SimpleData>
            <SimpleData name="F__de_pren">90</SimpleData>
            <SimpleData name="Estado_FAO">Monitorear Reposicion</SimpleData>
            <SimpleData name="Etapa_de_i">Mantenimiento A?o 1.1</SimpleData>
            <SimpleData name="Fecha_visi">2026/09/02</SimpleData>
            <SimpleData name="Cumple_sup">Si</SimpleData>
            <SimpleData name="Estado_mon">No cumple</SimpleData>
            <SimpleData name="Situaci_12">Se visualiza picada de gramineas invasoras(pasto colonial) en las hileras y se realiz? la aplicaci?n de herbicidas matatodo en las mismas, no obstante se recomienda el control de las gramineas en las melgas con el uso de rastra liviana</SimpleData>
            <SimpleData name="Observaci">-</SimpleData>
            <SimpleData name="Dias_trans">32.34135416670</SimpleData>
            <SimpleData name="Prioridad">ALTA</SimpleData>
            <SimpleData name="OBJECTID_1">33</SimpleData>
          </SchemaData>
        </ExtendedData>
        <Point>
          <coordinates>
            -55.7111210990383,-24.0868219002537,0
          </coordinates>
        </Point>
      </Placemark>
      <Placemark id="Distrito_VILLA_YGATIM__.18">
        <ExtendedData>
          <SchemaData schemaUrl="#Distrito_VILLA_YGATIM__.schema">
            <SimpleData name="CÈdula">6744973.00000000000</SimpleData>
            <SimpleData name="cedula">6744973</SimpleData>
            <SimpleData name="CÈdula_1">6744973.00000000000</SimpleData>
            <SimpleData name="N_">217.00000000000</SimpleData>
            <SimpleData name="Nombres_y_">EULALIA MONTIEL LOPEZ</SimpleData>
            <SimpleData name="Sexo">Mujer</SimpleData>
            <SimpleData name="Cambio_de_">NO</SimpleData>
            <SimpleData name="Titular_se">NO</SimpleData>
            <SimpleData name="CÈdula_Ti">NO</SimpleData>
            <SimpleData name="SituaciÛn">NO</SimpleData>
            <SimpleData name="Comunidad">Ind?gena</SimpleData>
            <SimpleData name="Modelo">Modelo 6</SimpleData>
            <SimpleData name="Departamen">CANINDEYU</SimpleData>
            <SimpleData name="Distrito">VILLA YGATIM?</SimpleData>
            <SimpleData name="Localidad">COM INDIG MBOI JAGUA ? CENTRO</SimpleData>
            <SimpleData name="TelÈfono">0983249234</SimpleData>
            <SimpleData name="Vivienda_L">-24.12326250000</SimpleData>
            <SimpleData name="Vivienda_1">-55.58187440000</SimpleData>
            <SimpleData name="Superficie">0.90000000000</SimpleData>
            <SimpleData name="Situaci_1">Pol?gono</SimpleData>
            <SimpleData name="Plantado">Si</SimpleData>
            <SimpleData name="Parcela_La">-24.13485419000</SimpleData>
            <SimpleData name="Parcela_Lo">-55.57549788000</SimpleData>
            <SimpleData name="Grupo_Impl">G2</SimpleData>
            <SimpleData name="Grupo_de_P">H-P2-XX-XX-XX</SimpleData>
            <SimpleData name="Jornales">0.00000000000</SimpleData>
            <SimpleData name="Monto">0.00000000000</SimpleData>
            <SimpleData name="ETAPA_FAO">Mantenimiento A?o 1.1</SimpleData>
            <SimpleData name="Estado_del">Activo</SimpleData>
            <SimpleData name="Empresa">Hyh Consultores SRL</SimpleData>
            <SimpleData name="Lote">H</SimpleData>
            <SimpleData name="Monitorear">Si</SimpleData>
            <SimpleData name="Fecha_de_M">25/3/2026</SimpleData>
            <SimpleData name="F__de_pren">0</SimpleData>
            <SimpleData name="Estado_FAO">Monitorear Reposicion</SimpleData>
            <SimpleData name="Etapa_de_i">Mantenimiento A?o 1.1</SimpleData>
            <SimpleData name="Fecha_visi">2026/09/25</SimpleData>
            <SimpleData name="Cumple_sup">Si</SimpleData>
            <SimpleData name="Estado_mon">No cumple</SimpleData>
            <SimpleData name="Situaci_12"><![CDATA[Al momento del monitoreo de mantenimiento y asistencia t?cnica se observa que la parcela no cumple con las especificaciones t?cnicas. Se visualiza cultivo de abono verde (kumandayvyra'i) para cobertura, el mismo servir? como cobertura para el trasplan]]></SimpleData>
            <SimpleData name="Observaci">-</SimpleData>
            <SimpleData name="Dias_trans">9.52292824074</SimpleData>
            <SimpleData name="Prioridad">ALTA</SimpleData>
            <SimpleData name="OBJECTID_1">217</SimpleData>
          </SchemaData>
        </ExtendedData>
        <Point>
          <coordinates>
            -55.57549787718,-24.1348541933617,0
          </coordinates>
        </Point>
      </Placemark>
      <Placemark id="Distrito_VILLA_YGATIM__.19">
        <ExtendedData>
          <SchemaData schemaUrl="#Distrito_VILLA_YGATIM__.schema">
            <SimpleData name="CÈdula">6859679.00000000000</SimpleData>
            <SimpleData name="cedula">6859679</SimpleData>
            <SimpleData name="CÈdula_1">6859679.00000000000</SimpleData>
            <SimpleData name="N_">236.00000000000</SimpleData>
            <SimpleData name="Nombres_y_">ELODIA ISASI PORTILLO</SimpleData>
            <SimpleData name="Sexo">Mujer</SimpleData>
            <SimpleData name="Cambio_de_">NO</SimpleData>
            <SimpleData name="Titular_se">NO</SimpleData>
            <SimpleData name="CÈdula_Ti">NO</SimpleData>
            <SimpleData name="SituaciÛn">NO</SimpleData>
            <SimpleData name="Comunidad">Ind?gena</SimpleData>
            <SimpleData name="Modelo">Modelo 6</SimpleData>
            <SimpleData name="Departamen">CANINDEYU</SimpleData>
            <SimpleData name="Distrito">VILLA YGATIM?</SimpleData>
            <SimpleData name="Localidad">COM INDIG MBOI JAGUA - CA?ADITA</SimpleData>
            <SimpleData name="TelÈfono">0986316675</SimpleData>
            <SimpleData name="Vivienda_L">-24.11729060000</SimpleData>
            <SimpleData name="Vivienda_1">-55.56661910000</SimpleData>
            <SimpleData name="Superficie">0.90000000000</SimpleData>
            <SimpleData name="Situaci_1">Pol?gono</SimpleData>
            <SimpleData name="Plantado">Si</SimpleData>
            <SimpleData name="Parcela_La">-24.12696145000</SimpleData>
            <SimpleData name="Parcela_Lo">-55.55524026000</SimpleData>
            <SimpleData name="Grupo_Impl">G2</SimpleData>
            <SimpleData name="Grupo_de_P">H-P2-XX-XX-XX</SimpleData>
            <SimpleData name="Jornales">0.00000000000</SimpleData>
            <SimpleData name="Monto">0.00000000000</SimpleData>
            <SimpleData name="ETAPA_FAO">Mantenimiento A?o 1.1</SimpleData>
            <SimpleData name="Estado_del">Activo</SimpleData>
            <SimpleData name="Empresa">Hyh Consultores SRL</SimpleData>
            <SimpleData name="Lote">H</SimpleData>
            <SimpleData name="Monitorear">Si</SimpleData>
            <SimpleData name="Fecha_de_M">-</SimpleData>
            <SimpleData name="F__de_pren">-</SimpleData>
            <SimpleData name="Estado_FAO">Verificar posible desercion</SimpleData>
            <SimpleData name="Etapa_de_i">Mantenimiento A?o 1.1</SimpleData>
            <SimpleData name="Fecha_visi">2026/09/25</SimpleData>
            <SimpleData name="Cumple_sup">Si</SimpleData>
            <SimpleData name="Estado_mon">-</SimpleData>
            <SimpleData name="Situaci_12">-</SimpleData>
            <SimpleData name="Observaci">Falta de inter?s o no ve el beneficio;No hay inter?s</SimpleData>
            <SimpleData name="Dias_trans">9.30640612268</SimpleData>
            <SimpleData name="Prioridad">ALTA</SimpleData>
            <SimpleData name="OBJECTID_1">236</SimpleData>
          </SchemaData>
        </ExtendedData>
        <Point>
          <coordinates>
            -55.5552402639669,-24.1269614467214,0
          </coordinates>
        </Point>
      </Placemark>
      <Placemark id="Distrito_VILLA_YGATIM__.20">
        <ExtendedData>
          <SchemaData schemaUrl="#Distrito_VILLA_YGATIM__.schema">
            <SimpleData name="CÈdula">7883098.00000000000</SimpleData>
            <SimpleData name="cedula">7883098</SimpleData>
            <SimpleData name="CÈdula_1">7883098.00000000000</SimpleData>
            <SimpleData name="N_">316.00000000000</SimpleData>
            <SimpleData name="Nombres_y_">FIDELINA BAREIRO PEREIRA</SimpleData>
            <SimpleData name="Sexo">Mujer</SimpleData>
            <SimpleData name="Cambio_de_">NO</SimpleData>
            <SimpleData name="Titular_se">NO</SimpleData>
            <SimpleData name="CÈdula_Ti">NO</SimpleData>
            <SimpleData name="SituaciÛn">NO</SimpleData>
            <SimpleData name="Comunidad">Campesina</SimpleData>
            <SimpleData name="Modelo">Modelo 5</SimpleData>
            <SimpleData name="Departamen">CANINDEYU</SimpleData>
            <SimpleData name="Distrito">VILLA YGATIM?</SimpleData>
            <SimpleData name="Localidad">11 DE SETIEMBRE</SimpleData>
            <SimpleData name="TelÈfono">ND</SimpleData>
            <SimpleData name="Vivienda_L">-24.01673790000</SimpleData>
            <SimpleData name="Vivienda_1">-55.55905710000</SimpleData>
            <SimpleData name="Superficie">0.70000000000</SimpleData>
            <SimpleData name="Situaci_1">Pol?gono</SimpleData>
            <SimpleData name="Plantado">Si</SimpleData>
            <SimpleData name="Parcela_La">-24.01704748000</SimpleData>
            <SimpleData name="Parcela_Lo">-55.56687694000</SimpleData>
            <SimpleData name="Grupo_Impl">G2</SimpleData>
            <SimpleData name="Grupo_de_P">H-P1-XX-XX-XX</SimpleData>
            <SimpleData name="Jornales">0.00000000000</SimpleData>
            <SimpleData name="Monto">0.00000000000</SimpleData>
            <SimpleData name="ETAPA_FAO">Mantenimiento A?o 1.1</SimpleData>
            <SimpleData name="Estado_del">Activo</SimpleData>
            <SimpleData name="Empresa">Hyh Consultores SRL</SimpleData>
            <SimpleData name="Lote">H</SimpleData>
            <SimpleData name="Monitorear">Si</SimpleData>
            <SimpleData name="Fecha_de_M">-</SimpleData>
            <SimpleData name="F__de_pren">-</SimpleData>
            <SimpleData name="Estado_FAO">Monitorear</SimpleData>
            <SimpleData name="Etapa_de_i">Mantenimiento A?o 1.1</SimpleData>
            <SimpleData name="Fecha_visi">2026/08/27</SimpleData>
            <SimpleData name="Cumple_sup">Si</SimpleData>
            <SimpleData name="Estado_mon">-</SimpleData>
            <SimpleData name="Situaci_12">-</SimpleData>
            <SimpleData name="Observaci">-</SimpleData>
            <SimpleData name="Dias_trans">38.28343750000</SimpleData>
            <SimpleData name="Prioridad">ALTA</SimpleData>
            <SimpleData name="OBJECTID_1">316</SimpleData>
          </SchemaData>
        </ExtendedData>
        <Point>
          <coordinates>
            -55.5668769382937,-24.0170474825455,0
          </coordinates>
        </Point>
      </Placemark>
      <Placemark id="Distrito_VILLA_YGATIM__.21">
        <ExtendedData>
          <SchemaData schemaUrl="#Distrito_VILLA_YGATIM__.schema">
            <SimpleData name="CÈdula">3980879.00000000000</SimpleData>
            <SimpleData name="cedula">3980879</SimpleData>
            <SimpleData name="CÈdula_1">3980879.00000000000</SimpleData>
            <SimpleData name="N_">20.00000000000</SimpleData>
            <SimpleData name="Nombres_y_">OSCAR MBYVAGI</SimpleData>
            <SimpleData name="Sexo">Hombre</SimpleData>
            <SimpleData name="Cambio_de_">NO</SimpleData>
            <SimpleData name="Titular_se">NO</SimpleData>
            <SimpleData name="CÈdula_Ti">NO</SimpleData>
            <SimpleData name="SituaciÛn">NO</SimpleData>
            <SimpleData name="Comunidad">Ind?gena</SimpleData>
            <SimpleData name="Modelo">Modelo 6</SimpleData>
            <SimpleData name="Departamen">CANINDEYU</SimpleData>
            <SimpleData name="Distrito">VILLA YGATIM?</SimpleData>
            <SimpleData name="Localidad">COM INDIG ARROYO BANDERA</SimpleData>
            <SimpleData name="TelÈfono">0985595224</SimpleData>
            <SimpleData name="Vivienda_L">-24.10225860000</SimpleData>
            <SimpleData name="Vivienda_1">-55.54873630000</SimpleData>
            <SimpleData name="Superficie">0.90000000000</SimpleData>
            <SimpleData name="Situaci_1">Pol?gono</SimpleData>
            <SimpleData name="Plantado">Si</SimpleData>
            <SimpleData name="Parcela_La">-24.12092218000</SimpleData>
            <SimpleData name="Parcela_Lo">-55.54417364000</SimpleData>
            <SimpleData name="Grupo_Impl">G2</SimpleData>
            <SimpleData name="Grupo_de_P">H-P2-XX-XX-XX</SimpleData>
            <SimpleData name="Jornales">0.00000000000</SimpleData>
            <SimpleData name="Monto">0.00000000000</SimpleData>
            <SimpleData name="ETAPA_FAO">Mantenimiento A?o 1.1</SimpleData>
            <SimpleData name="Estado_del">Activo</SimpleData>
            <SimpleData name="Empresa">Hyh Consultores SRL</SimpleData>
            <SimpleData name="Lote">H</SimpleData>
            <SimpleData name="Monitorear">Si</SimpleData>
            <SimpleData name="Fecha_de_M">17/12/2025</SimpleData>
            <SimpleData name="F__de_pren">25</SimpleData>
            <SimpleData name="Estado_FAO">Monitorear Reposicion</SimpleData>
            <SimpleData name="Etapa_de_i">Mantenimiento A?o 1.1</SimpleData>
            <SimpleData name="Fecha_visi">2026/09/23</SimpleData>
            <SimpleData name="Cumple_sup">Si</SimpleData>
            <SimpleData name="Estado_mon">No cumple</SimpleData>
            <SimpleData name="Situaci_12">Al momento del monitoreo de mantenimiento se visualiza importante presencia de malezas invasoras (gram?neas) en toda la parcela. Se observa algunas plantas de Yerba Mate debido a la situaci?n mencionada y rubros de autoconsumo (ma?z)</SimpleData>
            <SimpleData name="Observaci">-</SimpleData>
            <SimpleData name="Dias_trans">11.23103009260</SimpleData>
            <SimpleData name="Prioridad">ALTA</SimpleData>
            <SimpleData name="OBJECTID_1">20</SimpleData>
          </SchemaData>
        </ExtendedData>
        <Point>
          <coordinates>
            -55.5441736364655,-24.120922177513,0
          </coordinates>
        </Point>
      </Placemark>
      <Placemark id="Distrito_VILLA_YGATIM__.22">
        <ExtendedData>
          <SchemaData schemaUrl="#Distrito_VILLA_YGATIM__.schema">
            <SimpleData name="CÈdula">5752575.00000000000</SimpleData>
            <SimpleData name="cedula">5752575</SimpleData>
            <SimpleData name="CÈdula_1">5752575.00000000000</SimpleData>
            <SimpleData name="N_">248.00000000000</SimpleData>
            <SimpleData name="Nombres_y_">DORCA TYKUARANGI MBEPURANGI PIRAGI</SimpleData>
            <SimpleData name="Sexo">Mujer</SimpleData>
            <SimpleData name="Cambio_de_">NO</SimpleData>
            <SimpleData name="Titular_se">NO</SimpleData>
            <SimpleData name="CÈdula_Ti">NO</SimpleData>
            <SimpleData name="SituaciÛn">NO</SimpleData>
            <SimpleData name="Comunidad">Ind?gena</SimpleData>
            <SimpleData name="Modelo">Modelo 4</SimpleData>
            <SimpleData name="Departamen">CANINDEYU</SimpleData>
            <SimpleData name="Distrito">VILLA YGATIM?</SimpleData>
            <SimpleData name="Localidad">COM INDIG CHUPA POU</SimpleData>
            <SimpleData name="TelÈfono">984032343</SimpleData>
            <SimpleData name="Vivienda_L">-24.21052670000</SimpleData>
            <SimpleData name="Vivienda_1">-55.67364670000</SimpleData>
            <SimpleData name="Superficie">0.70000000000</SimpleData>
            <SimpleData name="Situaci_1">Pol?gono</SimpleData>
            <SimpleData name="Plantado">Si</SimpleData>
            <SimpleData name="Parcela_La">-24.22017038000</SimpleData>
            <SimpleData name="Parcela_Lo">-55.70935069000</SimpleData>
            <SimpleData name="Grupo_Impl">G2</SimpleData>
            <SimpleData name="Grupo_de_P">H-P3-P10P10-XX-XX</SimpleData>
            <SimpleData name="Jornales">4.00000000000</SimpleData>
            <SimpleData name="Monto">446008.00000000000</SimpleData>
            <SimpleData name="ETAPA_FAO">Mantenimiento A?o 1.2</SimpleData>
            <SimpleData name="Estado_del">Activo</SimpleData>
            <SimpleData name="Empresa">Hyh Consultores SRL</SimpleData>
            <SimpleData name="Lote">H</SimpleData>
            <SimpleData name="Monitorear">No</SimpleData>
            <SimpleData name="Fecha_de_M">-</SimpleData>
            <SimpleData name="F__de_pren">-</SimpleData>
            <SimpleData name="Estado_FAO">Monitorear</SimpleData>
            <SimpleData name="Etapa_de_i">Mantenimiento A?o 1.2</SimpleData>
            <SimpleData name="Fecha_visi">2026/09/24</SimpleData>
            <SimpleData name="Cumple_sup">Si</SimpleData>
            <SimpleData name="Estado_mon">-</SimpleData>
            <SimpleData name="Situaci_12">-</SimpleData>
            <SimpleData name="Observaci">-</SimpleData>
            <SimpleData name="Dias_trans">10.22137731480</SimpleData>
            <SimpleData name="Prioridad">ALTA</SimpleData>
            <SimpleData name="OBJECTID_1">248</SimpleData>
          </SchemaData>
        </ExtendedData>
        <Point>
          <coordinates>
            -55.7093506923558,-24.2201703844669,0
          </coordinates>
        </Point>
      </Placemark>
      <Placemark id="Distrito_VILLA_YGATIM__.23">
        <ExtendedData>
          <SchemaData schemaUrl="#Distrito_VILLA_YGATIM__.schema">
            <SimpleData name="CÈdula">6349367.00000000000</SimpleData>
            <SimpleData name="cedula">6349367</SimpleData>
            <SimpleData name="CÈdula_1">6349367.00000000000</SimpleData>
            <SimpleData name="N_">32.00000000000</SimpleData>
            <SimpleData name="Nombres_y_">ESTELA MBEKUTUGI VELAZQUEZ GARCIA</SimpleData>
            <SimpleData name="Sexo">Mujer</SimpleData>
            <SimpleData name="Cambio_de_">NO</SimpleData>
            <SimpleData name="Titular_se">NO</SimpleData>
            <SimpleData name="CÈdula_Ti">NO</SimpleData>
            <SimpleData name="SituaciÛn">NO</SimpleData>
            <SimpleData name="Comunidad">Ind?gena</SimpleData>
            <SimpleData name="Modelo">Modelo 4</SimpleData>
            <SimpleData name="Departamen">CANINDEYU</SimpleData>
            <SimpleData name="Distrito">VILLA YGATIM?</SimpleData>
            <SimpleData name="Localidad">COM INDIG CHUPA POU</SimpleData>
            <SimpleData name="TelÈfono">0984710858</SimpleData>
            <SimpleData name="Vivienda_L">-24.21453200000</SimpleData>
            <SimpleData name="Vivienda_1">-55.66705580000</SimpleData>
            <SimpleData name="Superficie">0.70000000000</SimpleData>
            <SimpleData name="Situaci_1">Pol?gono</SimpleData>
            <SimpleData name="Plantado">Si</SimpleData>
            <SimpleData name="Parcela_La">-24.21781817000</SimpleData>
            <SimpleData name="Parcela_Lo">-55.70777813000</SimpleData>
            <SimpleData name="Grupo_Impl">G2</SimpleData>
            <SimpleData name="Grupo_de_P">H-P2-P10P10-XX-XX</SimpleData>
            <SimpleData name="Jornales">4.00000000000</SimpleData>
            <SimpleData name="Monto">446008.00000000000</SimpleData>
            <SimpleData name="ETAPA_FAO">Mantenimiento A?o 1.2</SimpleData>
            <SimpleData name="Estado_del">Activo</SimpleData>
            <SimpleData name="Empresa">Hyh Consultores SRL</SimpleData>
            <SimpleData name="Lote">H</SimpleData>
            <SimpleData name="Monitorear">No</SimpleData>
            <SimpleData name="Fecha_de_M">-</SimpleData>
            <SimpleData name="F__de_pren">-</SimpleData>
            <SimpleData name="Estado_FAO">Monitorear</SimpleData>
            <SimpleData name="Etapa_de_i">Mantenimiento A?o 1.2</SimpleData>
            <SimpleData name="Fecha_visi">2026/09/07</SimpleData>
            <SimpleData name="Cumple_sup">Si</SimpleData>
            <SimpleData name="Estado_mon">-</SimpleData>
            <SimpleData name="Situaci_12">-</SimpleData>
            <SimpleData name="Observaci">-</SimpleData>
            <SimpleData name="Dias_trans">27.19746527780</SimpleData>
            <SimpleData name="Prioridad">ALTA</SimpleData>
            <SimpleData name="OBJECTID_1">32</SimpleData>
          </SchemaData>
        </ExtendedData>
        <Point>
          <coordinates>
            -55.707778130034,-24.2178181660721,0
          </coordinates>
        </Point>
      </Placemark>
      <Placemark id="Distrito_VILLA_YGATIM__.24">
        <ExtendedData>
          <SchemaData schemaUrl="#Distrito_VILLA_YGATIM__.schema">
            <SimpleData name="CÈdula">4173635.00000000000</SimpleData>
            <SimpleData name="cedula">4173635</SimpleData>
            <SimpleData name="CÈdula_1">4173635.00000000000</SimpleData>
            <SimpleData name="N_">28.00000000000</SimpleData>
            <SimpleData name="Nombres_y_">ALEJANDRO PIKYGI</SimpleData>
            <SimpleData name="Sexo">Hombre</SimpleData>
            <SimpleData name="Cambio_de_">NO</SimpleData>
            <SimpleData name="Titular_se">NO</SimpleData>
            <SimpleData name="CÈdula_Ti">NO</SimpleData>
            <SimpleData name="SituaciÛn">NO</SimpleData>
            <SimpleData name="Comunidad">Ind?gena</SimpleData>
            <SimpleData name="Modelo">Modelo 5</SimpleData>
            <SimpleData name="Departamen">CANINDEYU</SimpleData>
            <SimpleData name="Distrito">VILLA YGATIM?</SimpleData>
            <SimpleData name="Localidad">COM INDIG CHUPA POU</SimpleData>
            <SimpleData name="TelÈfono">0983371726</SimpleData>
            <SimpleData name="Vivienda_L">-24.21061540000</SimpleData>
            <SimpleData name="Vivienda_1">-55.67258490000</SimpleData>
            <SimpleData name="Superficie">0.70000000000</SimpleData>
            <SimpleData name="Situaci_1">Pol?gono</SimpleData>
            <SimpleData name="Plantado">Si</SimpleData>
            <SimpleData name="Parcela_La">-24.21016491000</SimpleData>
            <SimpleData name="Parcela_Lo">-55.67161418000</SimpleData>
            <SimpleData name="Grupo_Impl">G2</SimpleData>
            <SimpleData name="Grupo_de_P">H-P2-XX-XX-XX</SimpleData>
            <SimpleData name="Jornales">0.00000000000</SimpleData>
            <SimpleData name="Monto">0.00000000000</SimpleData>
            <SimpleData name="ETAPA_FAO">Mantenimiento A?o 1.1</SimpleData>
            <SimpleData name="Estado_del">Activo</SimpleData>
            <SimpleData name="Empresa">Hyh Consultores SRL</SimpleData>
            <SimpleData name="Lote">H</SimpleData>
            <SimpleData name="Monitorear">No</SimpleData>
            <SimpleData name="Fecha_de_M">4,6224397026e+04</SimpleData>
            <SimpleData name="F__de_pren">50</SimpleData>
            <SimpleData name="Estado_FAO">Monitorear Reposicion</SimpleData>
            <SimpleData name="Etapa_de_i">Mantenimiento A?o 1.1</SimpleData>
            <SimpleData name="Fecha_visi">2026/09/24</SimpleData>
            <SimpleData name="Cumple_sup">Si</SimpleData>
            <SimpleData name="Estado_mon">No cumple</SimpleData>
            <SimpleData name="Situaci_12">Al momento del monitoreo de mantenimiento y asistencia t?cnica se observa que la parcela no cumple con las especificaciones t?cnicas establecidas.  Se visualiza faltante de especies forestales nativas y eucalipto.  Se verifica alta p?rdida de injerto</SimpleData>
            <SimpleData name="Observaci">-</SimpleData>
            <SimpleData name="Dias_trans">10.49785879630</SimpleData>
            <SimpleData name="Prioridad">ALTA</SimpleData>
            <SimpleData name="OBJECTID_1">28</SimpleData>
          </SchemaData>
        </ExtendedData>
        <Point>
          <coordinates>
            -55.6716141826578,-24.2101649085487,0
          </coordinates>
        </Point>
      </Placemark>
      <Placemark id="Distrito_VILLA_YGATIM__.25">
        <ExtendedData>
          <SchemaData schemaUrl="#Distrito_VILLA_YGATIM__.schema">
            <SimpleData name="CÈdula">5752649.00000000000</SimpleData>
            <SimpleData name="cedula">5752649</SimpleData>
            <SimpleData name="CÈdula_1">5752649.00000000000</SimpleData>
            <SimpleData name="N_">244.00000000000</SimpleData>
            <SimpleData name="Nombres_y_">FABIO KUACHINGI KANJEGI CHACHUPARANGI</SimpleData>
            <SimpleData name="Sexo">Hombre</SimpleData>
            <SimpleData name="Cambio_de_">NO</SimpleData>
            <SimpleData name="Titular_se">NO</SimpleData>
            <SimpleData name="CÈdula_Ti">NO</SimpleData>
            <SimpleData name="SituaciÛn">NO</SimpleData>
            <SimpleData name="Comunidad">Ind?gena</SimpleData>
            <SimpleData name="Modelo">Modelo 4</SimpleData>
            <SimpleData name="Departamen">CANINDEYU</SimpleData>
            <SimpleData name="Distrito">VILLA YGATIM?</SimpleData>
            <SimpleData name="Localidad">COM INDIG CHUPA POU</SimpleData>
            <SimpleData name="TelÈfono">984067697</SimpleData>
            <SimpleData name="Vivienda_L">-24.20858330000</SimpleData>
            <SimpleData name="Vivienda_1">-55.67578830000</SimpleData>
            <SimpleData name="Superficie">0.70000000000</SimpleData>
            <SimpleData name="Situaci_1">Pol?gono</SimpleData>
            <SimpleData name="Plantado">Si</SimpleData>
            <SimpleData name="Parcela_La">-24.23613461000</SimpleData>
            <SimpleData name="Parcela_Lo">-55.72626836000</SimpleData>
            <SimpleData name="Grupo_Impl">G2</SimpleData>
            <SimpleData name="Grupo_de_P">H-P3-P10P10-XX-XX</SimpleData>
            <SimpleData name="Jornales">4.00000000000</SimpleData>
            <SimpleData name="Monto">446008.00000000000</SimpleData>
            <SimpleData name="ETAPA_FAO">Mantenimiento A?o 1.2</SimpleData>
            <SimpleData name="Estado_del">Activo</SimpleData>
            <SimpleData name="Empresa">Hyh Consultores SRL</SimpleData>
            <SimpleData name="Lote">H</SimpleData>
            <SimpleData name="Monitorear">No</SimpleData>
            <SimpleData name="Fecha_de_M">-</SimpleData>
            <SimpleData name="F__de_pren">-</SimpleData>
            <SimpleData name="Estado_FAO">Monitorear</SimpleData>
            <SimpleData name="Etapa_de_i">Mantenimiento A?o 1.2</SimpleData>
            <SimpleData name="Fecha_visi">2026/09/25</SimpleData>
            <SimpleData name="Cumple_sup">Si</SimpleData>
            <SimpleData name="Estado_mon">-</SimpleData>
            <SimpleData name="Situaci_12">-</SimpleData>
            <SimpleData name="Observaci">-</SimpleData>
            <SimpleData name="Dias_trans">9.41892361111</SimpleData>
            <SimpleData name="Prioridad">ALTA</SimpleData>
            <SimpleData name="OBJECTID_1">244</SimpleData>
          </SchemaData>
        </ExtendedData>
        <Point>
          <coordinates>
            -55.7262683600579,-24.2361346065099,0
          </coordinates>
        </Point>
      </Placemark>
      <Placemark id="Distrito_VILLA_YGATIM__.26">
        <ExtendedData>
          <SchemaData schemaUrl="#Distrito_VILLA_YGATIM__.schema">
            <SimpleData name="CÈdula">6317323.00000000000</SimpleData>
            <SimpleData name="cedula">6317323</SimpleData>
            <SimpleData name="CÈdula_1">6317323.00000000000</SimpleData>
            <SimpleData name="N_">247.00000000000</SimpleData>
            <SimpleData name="Nombres_y_">RUHT KUCHINGI KRACHOGI MBEPURANGI</SimpleData>
            <SimpleData name="Sexo">Mujer</SimpleData>
            <SimpleData name="Cambio_de_">NO</SimpleData>
            <SimpleData name="Titular_se">NO</SimpleData>
            <SimpleData name="CÈdula_Ti">NO</SimpleData>
            <SimpleData name="SituaciÛn">NO</SimpleData>
            <SimpleData name="Comunidad">Ind?gena</SimpleData>
            <SimpleData name="Modelo">Modelo 4</SimpleData>
            <SimpleData name="Departamen">CANINDEYU</SimpleData>
            <SimpleData name="Distrito">VILLA YGATIM?</SimpleData>
            <SimpleData name="Localidad">COM INDIG CHUPA POU</SimpleData>
            <SimpleData name="TelÈfono">984463162</SimpleData>
            <SimpleData name="Vivienda_L">-24.20880830000</SimpleData>
            <SimpleData name="Vivienda_1">-55.67972830000</SimpleData>
            <SimpleData name="Superficie">0.70000000000</SimpleData>
            <SimpleData name="Situaci_1">Pol?gono</SimpleData>
            <SimpleData name="Plantado">Si</SimpleData>
            <SimpleData name="Parcela_La">-24.23722225000</SimpleData>
            <SimpleData name="Parcela_Lo">-55.72580218000</SimpleData>
            <SimpleData name="Grupo_Impl">G2</SimpleData>
            <SimpleData name="Grupo_de_P">H-P3-P10P10-XX-XX</SimpleData>
            <SimpleData name="Jornales">4.00000000000</SimpleData>
            <SimpleData name="Monto">446008.00000000000</SimpleData>
            <SimpleData name="ETAPA_FAO">Mantenimiento A?o 1.2</SimpleData>
            <SimpleData name="Estado_del">Activo</SimpleData>
            <SimpleData name="Empresa">Hyh Consultores SRL</SimpleData>
            <SimpleData name="Lote">H</SimpleData>
            <SimpleData name="Monitorear">No</SimpleData>
            <SimpleData name="Fecha_de_M">-</SimpleData>
            <SimpleData name="F__de_pren">-</SimpleData>
            <SimpleData name="Estado_FAO">Monitorear</SimpleData>
            <SimpleData name="Etapa_de_i">Mantenimiento A?o 1.2</SimpleData>
            <SimpleData name="Fecha_visi">2026/09/23</SimpleData>
            <SimpleData name="Cumple_sup">Si</SimpleData>
            <SimpleData name="Estado_mon">-</SimpleData>
            <SimpleData name="Situaci_12">-</SimpleData>
            <SimpleData name="Observaci">-</SimpleData>
            <SimpleData name="Dias_trans">11.01824074070</SimpleData>
            <SimpleData name="Prioridad">ALTA</SimpleData>
            <SimpleData name="OBJECTID_1">247</SimpleData>
          </SchemaData>
        </ExtendedData>
        <Point>
          <coordinates>
            -55.7258021807444,-24.2372222453709,0
          </coordinates>
        </Point>
      </Placemark>
      <Placemark id="Distrito_VILLA_YGATIM__.27">
        <ExtendedData>
          <SchemaData schemaUrl="#Distrito_VILLA_YGATIM__.schema">
            <SimpleData name="CÈdula">4987465.00000000000</SimpleData>
            <SimpleData name="cedula">4987465</SimpleData>
            <SimpleData name="CÈdula_1">4987465.00000000000</SimpleData>
            <SimpleData name="N_">22.00000000000</SimpleData>
            <SimpleData name="Nombres_y_">MARY MBYVANGI DE CHIMBEGI</SimpleData>
            <SimpleData name="Sexo">Mujer</SimpleData>
            <SimpleData name="Cambio_de_">NO</SimpleData>
            <SimpleData name="Titular_se">NO</SimpleData>
            <SimpleData name="CÈdula_Ti">NO</SimpleData>
            <SimpleData name="SituaciÛn">NO</SimpleData>
            <SimpleData name="Comunidad">Ind?gena</SimpleData>
            <SimpleData name="Modelo">Modelo 1</SimpleData>
            <SimpleData name="Departamen">CANINDEYU</SimpleData>
            <SimpleData name="Distrito">VILLA YGATIM?</SimpleData>
            <SimpleData name="Localidad">COM INDIG CHUPA POU</SimpleData>
            <SimpleData name="TelÈfono">0981883599</SimpleData>
            <SimpleData name="Vivienda_L">-24.20913280000</SimpleData>
            <SimpleData name="Vivienda_1">-55.67699830000</SimpleData>
            <SimpleData name="Superficie">0.80000000000</SimpleData>
            <SimpleData name="Situaci_1">Pol?gono</SimpleData>
            <SimpleData name="Plantado">Si</SimpleData>
            <SimpleData name="Parcela_La">-24.21817431000</SimpleData>
            <SimpleData name="Parcela_Lo">-55.66460066000</SimpleData>
            <SimpleData name="Grupo_Impl">G2</SimpleData>
            <SimpleData name="Grupo_de_P">H-P2-P10P10-XX-XX</SimpleData>
            <SimpleData name="Jornales">4.00000000000</SimpleData>
            <SimpleData name="Monto">446008.00000000000</SimpleData>
            <SimpleData name="ETAPA_FAO">Mantenimiento A?o 1.2</SimpleData>
            <SimpleData name="Estado_del">Activo</SimpleData>
            <SimpleData name="Empresa">Hyh Consultores SRL</SimpleData>
            <SimpleData name="Lote">H</SimpleData>
            <SimpleData name="Monitorear">No</SimpleData>
            <SimpleData name="Fecha_de_M">30/6/2026</SimpleData>
            <SimpleData name="F__de_pren">80</SimpleData>
            <SimpleData name="Estado_FAO">Monitorear Reposicion</SimpleData>
            <SimpleData name="Etapa_de_i">Mantenimiento A?o 1.2</SimpleData>
            <SimpleData name="Fecha_visi">2026/09/26</SimpleData>
            <SimpleData name="Cumple_sup">Si</SimpleData>
            <SimpleData name="Estado_mon">No cumple</SimpleData>
            <SimpleData name="Situaci_12">Al momento del monitoreo de mantenimiento y asistencia t?cnica se observa que la parcela 1no cumple con las especificaciones t?cnicas establecidas. Se visualiza plantines reci?n trasplantados sin prendimiento. Se observa adem?s en las parcelas 1 y 2</SimpleData>
            <SimpleData name="Observaci">-</SimpleData>
            <SimpleData name="Dias_trans">8.39325231482</SimpleData>
            <SimpleData name="Prioridad">ALTA</SimpleData>
            <SimpleData name="OBJECTID_1">22</SimpleData>
          </SchemaData>
        </ExtendedData>
        <MultiGeometry>
          <Point>
            <coordinates>
              -55.6646006637404,-24.2181743139352,0
            </coordinates>
          </Point>
          <Point>
            <coordinates>
              -55.6634242624682,-24.2191013262722,0
            </coordinates>
          </Point>
        </MultiGeometry>
      </Placemark>
      <Placemark id="Distrito_VILLA_YGATIM__.28">
        <ExtendedData>
          <SchemaData schemaUrl="#Distrito_VILLA_YGATIM__.schema">
            <SimpleData name="CÈdula">6864681.00000000000</SimpleData>
            <SimpleData name="cedula">6864681</SimpleData>
            <SimpleData name="CÈdula_1">6864681.00000000000</SimpleData>
            <SimpleData name="N_">63.00000000000</SimpleData>
            <SimpleData name="Nombres_y_">CLAUDIA VILLALBA TABARES</SimpleData>
            <SimpleData name="Sexo">Mujer</SimpleData>
            <SimpleData name="Cambio_de_">NO</SimpleData>
            <SimpleData name="Titular_se">NO</SimpleData>
            <SimpleData name="CÈdula_Ti">NO</SimpleData>
            <SimpleData name="SituaciÛn">NO</SimpleData>
            <SimpleData name="Comunidad">Ind?gena</SimpleData>
            <SimpleData name="Modelo">Modelo 1</SimpleData>
            <SimpleData name="Departamen">CANINDEYU</SimpleData>
            <SimpleData name="Distrito">VILLA YGATIM?</SimpleData>
            <SimpleData name="Localidad">COM INDIG SAN ANTONIO</SimpleData>
            <SimpleData name="TelÈfono">0984029649</SimpleData>
            <SimpleData name="Vivienda_L">-24.06762230000</SimpleData>
            <SimpleData name="Vivienda_1">-55.73617500000</SimpleData>
            <SimpleData name="Superficie">0.80000000000</SimpleData>
            <SimpleData name="Situaci_1">Par?metro</SimpleData>
            <SimpleData name="Plantado">Si</SimpleData>
            <SimpleData name="Parcela_La">-24.06729599000</SimpleData>
            <SimpleData name="Parcela_Lo">-55.74009127000</SimpleData>
            <SimpleData name="Grupo_Impl">G2</SimpleData>
            <SimpleData name="Grupo_de_P">H-P8-XX-XX-XX</SimpleData>
            <SimpleData name="Jornales">0.00000000000</SimpleData>
            <SimpleData name="Monto">0.00000000000</SimpleData>
            <SimpleData name="ETAPA_FAO">Mantenimiento A?o 1.1</SimpleData>
            <SimpleData name="Estado_del">Activo</SimpleData>
            <SimpleData name="Empresa">Hyh Consultores SRL</SimpleData>
            <SimpleData name="Lote">H</SimpleData>
            <SimpleData name="Monitorear">No</SimpleData>
            <SimpleData name="Fecha_de_M">-</SimpleData>
            <SimpleData name="F__de_pren">-</SimpleData>
            <SimpleData name="Estado_FAO">Verificar posible desercion</SimpleData>
            <SimpleData name="Etapa_de_i">Mantenimiento A?o 1.1</SimpleData>
            <SimpleData name="Fecha_visi">2026/10/01</SimpleData>
            <SimpleData name="Cumple_sup">Si</SimpleData>
            <SimpleData name="Estado_mon">-</SimpleData>
            <SimpleData name="Situaci_12">-</SimpleData>
            <SimpleData name="Observaci">Falta de inter?s o no ve el beneficio;Parcela abandonada</SimpleData>
            <SimpleData name="Dias_trans">3.64778980324</SimpleData>
            <SimpleData name="Prioridad">ALTA</SimpleData>
            <SimpleData name="OBJECTID_1">63</SimpleData>
          </SchemaData>
        </ExtendedData>
        <Point>
          <coordinates>
            -55.7400912693904,-24.0672959939582,0
          </coordinates>
        </Point>
      </Placemark>
      <Placemark id="Distrito_VILLA_YGATIM__.29">
        <ExtendedData>
          <SchemaData schemaUrl="#Distrito_VILLA_YGATIM__.schema">
            <SimpleData name="CÈdula">6349371.00000000000</SimpleData>
            <SimpleData name="cedula">6349371</SimpleData>
            <SimpleData name="CÈdula_1">6349371.00000000000</SimpleData>
            <SimpleData name="N_">252.00000000000</SimpleData>
            <SimpleData name="Nombres_y_">SULMA KADJEGI CHEVUGI VYPYGI</SimpleData>
            <SimpleData name="Sexo">Mujer</SimpleData>
            <SimpleData name="Cambio_de_">NO</SimpleData>
            <SimpleData name="Titular_se">NO</SimpleData>
            <SimpleData name="CÈdula_Ti">NO</SimpleData>
            <SimpleData name="SituaciÛn">NO</SimpleData>
            <SimpleData name="Comunidad">Ind?gena</SimpleData>
            <SimpleData name="Modelo">Modelo 3</SimpleData>
            <SimpleData name="Departamen">CANINDEYU</SimpleData>
            <SimpleData name="Distrito">VILLA YGATIM?</SimpleData>
            <SimpleData name="Localidad">COM INDIG CHUPA POU</SimpleData>
            <SimpleData name="TelÈfono">986554850</SimpleData>
            <SimpleData name="Vivienda_L">-24.21198500000</SimpleData>
            <SimpleData name="Vivienda_1">-55.67172000000</SimpleData>
            <SimpleData name="Superficie">1.00000000000</SimpleData>
            <SimpleData name="Situaci_1">Pol?gono</SimpleData>
            <SimpleData name="Plantado">Si</SimpleData>
            <SimpleData name="Parcela_La">-24.23645381000</SimpleData>
            <SimpleData name="Parcela_Lo">-55.72775743000</SimpleData>
            <SimpleData name="Grupo_Impl">G2</SimpleData>
            <SimpleData name="Grupo_de_P">H-P3-P10P10-XX-XX</SimpleData>
            <SimpleData name="Jornales">4.00000000000</SimpleData>
            <SimpleData name="Monto">446008.00000000000</SimpleData>
            <SimpleData name="ETAPA_FAO">Mantenimiento A?o 1.2</SimpleData>
            <SimpleData name="Estado_del">Activo</SimpleData>
            <SimpleData name="Empresa">Hyh Consultores SRL</SimpleData>
            <SimpleData name="Lote">H</SimpleData>
            <SimpleData name="Monitorear">No</SimpleData>
            <SimpleData name="Fecha_de_M">-</SimpleData>
            <SimpleData name="F__de_pren">-</SimpleData>
            <SimpleData name="Estado_FAO">Monitorear</SimpleData>
            <SimpleData name="Etapa_de_i">Mantenimiento A?o 1.2</SimpleData>
            <SimpleData name="Fecha_visi">2026/09/25</SimpleData>
            <SimpleData name="Cumple_sup">Si</SimpleData>
            <SimpleData name="Estado_mon">-</SimpleData>
            <SimpleData name="Situaci_12">-</SimpleData>
            <SimpleData name="Observaci">-</SimpleData>
            <SimpleData name="Dias_trans">9.42365740741</SimpleData>
            <SimpleData name="Prioridad">ALTA</SimpleData>
            <SimpleData name="OBJECTID_1">252</SimpleData>
          </SchemaData>
        </ExtendedData>
        <Point>
          <coordinates>
            -55.7277574272334,-24.236453806041,0
          </coordinates>
        </Point>
      </Placemark>
      <Placemark id="Distrito_VILLA_YGATIM__.30">
        <ExtendedData>
          <SchemaData schemaUrl="#Distrito_VILLA_YGATIM__.schema">
            <SimpleData name="CÈdula">6739827.00000000000</SimpleData>
            <SimpleData name="cedula">6739827</SimpleData>
            <SimpleData name="CÈdula_1">6739827.00000000000</SimpleData>
            <SimpleData name="N_">214.00000000000</SimpleData>
            <SimpleData name="Nombres_y_">DANIELA JUKUGI</SimpleData>
            <SimpleData name="Sexo">Mujer</SimpleData>
            <SimpleData name="Cambio_de_">NO</SimpleData>
            <SimpleData name="Titular_se">NO</SimpleData>
            <SimpleData name="CÈdula_Ti">NO</SimpleData>
            <SimpleData name="SituaciÛn">NO</SimpleData>
            <SimpleData name="Comunidad">Ind?gena</SimpleData>
            <SimpleData name="Modelo">Modelo 6</SimpleData>
            <SimpleData name="Departamen">CANINDEYU</SimpleData>
            <SimpleData name="Distrito">VILLA YGATIM?</SimpleData>
            <SimpleData name="Localidad">COM INDIG ARROYO BANDERA</SimpleData>
            <SimpleData name="TelÈfono">0983386202</SimpleData>
            <SimpleData name="Vivienda_L">-24.10441990000</SimpleData>
            <SimpleData name="Vivienda_1">-55.55012400000</SimpleData>
            <SimpleData name="Superficie">0.90000000000</SimpleData>
            <SimpleData name="Situaci_1">Pol?gono</SimpleData>
            <SimpleData name="Plantado">Si</SimpleData>
            <SimpleData name="Parcela_La">-24.12128413000</SimpleData>
            <SimpleData name="Parcela_Lo">-55.54474363000</SimpleData>
            <SimpleData name="Grupo_Impl">G2</SimpleData>
            <SimpleData name="Grupo_de_P">H-P2-XX-XX-XX</SimpleData>
            <SimpleData name="Jornales">0.00000000000</SimpleData>
            <SimpleData name="Monto">0.00000000000</SimpleData>
            <SimpleData name="ETAPA_FAO">Mantenimiento A?o 1.1</SimpleData>
            <SimpleData name="Estado_del">Activo</SimpleData>
            <SimpleData name="Empresa">Hyh Consultores SRL</SimpleData>
            <SimpleData name="Lote">H</SimpleData>
            <SimpleData name="Monitorear">Si</SimpleData>
            <SimpleData name="Fecha_de_M">17/12/2025</SimpleData>
            <SimpleData name="F__de_pren">20</SimpleData>
            <SimpleData name="Estado_FAO">Monitorear Reposicion</SimpleData>
            <SimpleData name="Etapa_de_i">Mantenimiento A?o 1.1</SimpleData>
            <SimpleData name="Fecha_visi">2026/09/23</SimpleData>
            <SimpleData name="Cumple_sup">Si</SimpleData>
            <SimpleData name="Estado_mon">No cumple</SimpleData>
            <SimpleData name="Situaci_12">Al momento del monitoreo de mantenimiento se visualiza importante presencia de malezas invasoras (pasto colonial) en toda la parcela. Se observa  plantas  de kumanda yvyrai y no se puede determinar la presencia de Yerba Mate debido a la situaci?n mencio</SimpleData>
            <SimpleData name="Observaci">-</SimpleData>
            <SimpleData name="Dias_trans">11.27657407410</SimpleData>
            <SimpleData name="Prioridad">ALTA</SimpleData>
            <SimpleData name="OBJECTID_1">214</SimpleData>
          </SchemaData>
        </ExtendedData>
        <Point>
          <coordinates>
            -55.5447436337812,-24.1212841291275,0
          </coordinates>
        </Point>
      </Placemark>
      <Placemark id="Distrito_VILLA_YGATIM__.31">
        <ExtendedData>
          <SchemaData schemaUrl="#Distrito_VILLA_YGATIM__.schema">
            <SimpleData name="CÈdula">4496144.00000000000</SimpleData>
            <SimpleData name="cedula">4496144</SimpleData>
            <SimpleData name="CÈdula_1">4496144.00000000000</SimpleData>
            <SimpleData name="N_">254.00000000000</SimpleData>
            <SimpleData name="Nombres_y_">FERNANDO MBIKUGI KRAJAGI PAYVAGI</SimpleData>
            <SimpleData name="Sexo">Hombre</SimpleData>
            <SimpleData name="Cambio_de_">NO</SimpleData>
            <SimpleData name="Titular_se">NO</SimpleData>
            <SimpleData name="CÈdula_Ti">NO</SimpleData>
            <SimpleData name="SituaciÛn">NO</SimpleData>
            <SimpleData name="Comunidad">Ind?gena</SimpleData>
            <SimpleData name="Modelo">Modelo 3</SimpleData>
            <SimpleData name="Departamen">CANINDEYU</SimpleData>
            <SimpleData name="Distrito">VILLA YGATIM?</SimpleData>
            <SimpleData name="Localidad">COM INDIG CHUPA POU</SimpleData>
            <SimpleData name="TelÈfono">986555976</SimpleData>
            <SimpleData name="Vivienda_L">-24.20979580000</SimpleData>
            <SimpleData name="Vivienda_1">-55.67456000000</SimpleData>
            <SimpleData name="Superficie">1.00000000000</SimpleData>
            <SimpleData name="Situaci_1">Pol?gono</SimpleData>
            <SimpleData name="Plantado">Si</SimpleData>
            <SimpleData name="Parcela_La">-24.23431193000</SimpleData>
            <SimpleData name="Parcela_Lo">-55.72828140000</SimpleData>
            <SimpleData name="Grupo_Impl">G2</SimpleData>
            <SimpleData name="Grupo_de_P">H-P3-P10P10-XX-XX</SimpleData>
            <SimpleData name="Jornales">4.00000000000</SimpleData>
            <SimpleData name="Monto">446008.00000000000</SimpleData>
            <SimpleData name="ETAPA_FAO">Mantenimiento A?o 1.2</SimpleData>
            <SimpleData name="Estado_del">Activo</SimpleData>
            <SimpleData name="Empresa">Hyh Consultores SRL</SimpleData>
            <SimpleData name="Lote">H</SimpleData>
            <SimpleData name="Monitorear">No</SimpleData>
            <SimpleData name="Fecha_de_M">-</SimpleData>
            <SimpleData name="F__de_pren">-</SimpleData>
            <SimpleData name="Estado_FAO">Monitorear</SimpleData>
            <SimpleData name="Etapa_de_i">Mantenimiento A?o 1.2</SimpleData>
            <SimpleData name="Fecha_visi">2026/09/23</SimpleData>
            <SimpleData name="Cumple_sup">Si</SimpleData>
            <SimpleData name="Estado_mon">-</SimpleData>
            <SimpleData name="Situaci_12">-</SimpleData>
            <SimpleData name="Observaci">-</SimpleData>
            <SimpleData name="Dias_trans">11.01584490740</SimpleData>
            <SimpleData name="Prioridad">ALTA</SimpleData>
            <SimpleData name="OBJECTID_1">254</SimpleData>
          </SchemaData>
        </ExtendedData>
        <Point>
          <coordinates>
            -55.7282814047347,-24.2343119330357,0
          </coordinates>
        </Point>
      </Placemark>
      <Placemark id="Distrito_VILLA_YGATIM__.32">
        <ExtendedData>
          <SchemaData schemaUrl="#Distrito_VILLA_YGATIM__.schema">
            <SimpleData name="CÈdula">4845358.00000000000</SimpleData>
            <SimpleData name="cedula">4845358</SimpleData>
            <SimpleData name="CÈdula_1">4845358.00000000000</SimpleData>
            <SimpleData name="N_">257.00000000000</SimpleData>
            <SimpleData name="Nombres_y_">CRISTINA  CHEVUGI</SimpleData>
            <SimpleData name="Sexo">Mujer</SimpleData>
            <SimpleData name="Cambio_de_">NO</SimpleData>
            <SimpleData name="Titular_se">NO</SimpleData>
            <SimpleData name="CÈdula_Ti">NO</SimpleData>
            <SimpleData name="SituaciÛn">NO</SimpleData>
            <SimpleData name="Comunidad">Ind?gena</SimpleData>
            <SimpleData name="Modelo">Modelo 4</SimpleData>
            <SimpleData name="Departamen">CANINDEYU</SimpleData>
            <SimpleData name="Distrito">VILLA YGATIM?</SimpleData>
            <SimpleData name="Localidad">COM INDIG CHUPA POU</SimpleData>
            <SimpleData name="TelÈfono">983275720</SimpleData>
            <SimpleData name="Vivienda_L">-24.20899470000</SimpleData>
            <SimpleData name="Vivienda_1">-55.67598410000</SimpleData>
            <SimpleData name="Superficie">0.70000000000</SimpleData>
            <SimpleData name="Situaci_1">Pol?gono</SimpleData>
            <SimpleData name="Plantado">Si</SimpleData>
            <SimpleData name="Parcela_La">-24.21667322000</SimpleData>
            <SimpleData name="Parcela_Lo">-55.70866023000</SimpleData>
            <SimpleData name="Grupo_Impl">G2</SimpleData>
            <SimpleData name="Grupo_de_P">H-P3-P10P10-XX-XX</SimpleData>
            <SimpleData name="Jornales">4.00000000000</SimpleData>
            <SimpleData name="Monto">446008.00000000000</SimpleData>
            <SimpleData name="ETAPA_FAO">Mantenimiento A?o 1.2</SimpleData>
            <SimpleData name="Estado_del">Activo</SimpleData>
            <SimpleData name="Empresa">Hyh Consultores SRL</SimpleData>
            <SimpleData name="Lote">H</SimpleData>
            <SimpleData name="Monitorear">No</SimpleData>
            <SimpleData name="Fecha_de_M">-</SimpleData>
            <SimpleData name="F__de_pren">-</SimpleData>
            <SimpleData name="Estado_FAO">Monitorear</SimpleData>
            <SimpleData name="Etapa_de_i">Mantenimiento A?o 1.2</SimpleData>
            <SimpleData name="Fecha_visi">2026/09/13</SimpleData>
            <SimpleData name="Cumple_sup">Si</SimpleData>
            <SimpleData name="Estado_mon">-</SimpleData>
            <SimpleData name="Situaci_12">-</SimpleData>
            <SimpleData name="Observaci">-</SimpleData>
            <SimpleData name="Dias_trans">21.14375000000</SimpleData>
            <SimpleData name="Prioridad">ALTA</SimpleData>
            <SimpleData name="OBJECTID_1">257</SimpleData>
          </SchemaData>
        </ExtendedData>
        <Point>
          <coordinates>
            -55.7086602259513,-24.2166732215485,0
          </coordinates>
        </Point>
      </Placemark>
      <Placemark id="Distrito_VILLA_YGATIM__.33">
        <ExtendedData>
          <SchemaData schemaUrl="#Distrito_VILLA_YGATIM__.schema">
            <SimpleData name="CÈdula">7863761.00000000000</SimpleData>
            <SimpleData name="cedula">7863761</SimpleData>
            <SimpleData name="CÈdula_1">7863761.00000000000</SimpleData>
            <SimpleData name="N_">246.00000000000</SimpleData>
            <SimpleData name="Nombres_y_">SARA  VYRAKOGI</SimpleData>
            <SimpleData name="Sexo">Mujer</SimpleData>
            <SimpleData name="Cambio_de_">NO</SimpleData>
            <SimpleData name="Titular_se">NO</SimpleData>
            <SimpleData name="CÈdula_Ti">NO</SimpleData>
            <SimpleData name="SituaciÛn">NO</SimpleData>
            <SimpleData name="Comunidad">Ind?gena</SimpleData>
            <SimpleData name="Modelo">Modelo 4</SimpleData>
            <SimpleData name="Departamen">CANINDEYU</SimpleData>
            <SimpleData name="Distrito">VILLA YGATIM?</SimpleData>
            <SimpleData name="Localidad">COM INDIG CHUPA POU</SimpleData>
            <SimpleData name="TelÈfono">981189989</SimpleData>
            <SimpleData name="Vivienda_L">-24.20873000000</SimpleData>
            <SimpleData name="Vivienda_1">-55.67867670000</SimpleData>
            <SimpleData name="Superficie">0.70000000000</SimpleData>
            <SimpleData name="Situaci_1">Pol?gono</SimpleData>
            <SimpleData name="Plantado">Si</SimpleData>
            <SimpleData name="Parcela_La">-24.21997744000</SimpleData>
            <SimpleData name="Parcela_Lo">-55.70698262000</SimpleData>
            <SimpleData name="Grupo_Impl">G2</SimpleData>
            <SimpleData name="Grupo_de_P">H-P3-P10P10-XX-XX</SimpleData>
            <SimpleData name="Jornales">4.00000000000</SimpleData>
            <SimpleData name="Monto">446008.00000000000</SimpleData>
            <SimpleData name="ETAPA_FAO">Mantenimiento A?o 1.2</SimpleData>
            <SimpleData name="Estado_del">Activo</SimpleData>
            <SimpleData name="Empresa">Hyh Consultores SRL</SimpleData>
            <SimpleData name="Lote">H</SimpleData>
            <SimpleData name="Monitorear">No</SimpleData>
            <SimpleData name="Fecha_de_M">-</SimpleData>
            <SimpleData name="F__de_pren">-</SimpleData>
            <SimpleData name="Estado_FAO">Monitorear</SimpleData>
            <SimpleData name="Etapa_de_i">Mantenimiento A?o 1.2</SimpleData>
            <SimpleData name="Fecha_visi">2026/09/13</SimpleData>
            <SimpleData name="Cumple_sup">Si</SimpleData>
            <SimpleData name="Estado_mon">-</SimpleData>
            <SimpleData name="Situaci_12">-</SimpleData>
            <SimpleData name="Observaci">-</SimpleData>
            <SimpleData name="Dias_trans">21.15533564820</SimpleData>
            <SimpleData name="Prioridad">ALTA</SimpleData>
            <SimpleData name="OBJECTID_1">246</SimpleData>
          </SchemaData>
        </ExtendedData>
        <Point>
          <coordinates>
            -55.7069826243708,-24.2199774402847,0
          </coordinates>
        </Point>
      </Placemark>
      <Placemark id="Distrito_VILLA_YGATIM__.34">
        <ExtendedData>
          <SchemaData schemaUrl="#Distrito_VILLA_YGATIM__.schema">
            <SimpleData name="CÈdula">5752665.00000000000</SimpleData>
            <SimpleData name="cedula">5752665</SimpleData>
            <SimpleData name="CÈdula_1">5752665.00000000000</SimpleData>
            <SimpleData name="N_">249.00000000000</SimpleData>
            <SimpleData name="Nombres_y_">MARCELA VARUKUGI PIKYGI MBYVANGI</SimpleData>
            <SimpleData name="Sexo">Mujer</SimpleData>
            <SimpleData name="Cambio_de_">NO</SimpleData>
            <SimpleData name="Titular_se">NO</SimpleData>
            <SimpleData name="CÈdula_Ti">NO</SimpleData>
            <SimpleData name="SituaciÛn">NO</SimpleData>
            <SimpleData name="Comunidad">Ind?gena</SimpleData>
            <SimpleData name="Modelo">Modelo 4</SimpleData>
            <SimpleData name="Departamen">CANINDEYU</SimpleData>
            <SimpleData name="Distrito">VILLA YGATIM?</SimpleData>
            <SimpleData name="Localidad">COM INDIG CHUPA POU</SimpleData>
            <SimpleData name="TelÈfono">1234567890</SimpleData>
            <SimpleData name="Vivienda_L">-24.21215000000</SimpleData>
            <SimpleData name="Vivienda_1">-55.67073170000</SimpleData>
            <SimpleData name="Superficie">0.70000000000</SimpleData>
            <SimpleData name="Situaci_1">Pol?gono</SimpleData>
            <SimpleData name="Plantado">Si</SimpleData>
            <SimpleData name="Parcela_La">-24.21773564000</SimpleData>
            <SimpleData name="Parcela_Lo">-55.70950770000</SimpleData>
            <SimpleData name="Grupo_Impl">G2</SimpleData>
            <SimpleData name="Grupo_de_P">H-P3-P10P10-XX-XX</SimpleData>
            <SimpleData name="Jornales">4.00000000000</SimpleData>
            <SimpleData name="Monto">446008.00000000000</SimpleData>
            <SimpleData name="ETAPA_FAO">Mantenimiento A?o 1.2</SimpleData>
            <SimpleData name="Estado_del">Activo</SimpleData>
            <SimpleData name="Empresa">Hyh Consultores SRL</SimpleData>
            <SimpleData name="Lote">H</SimpleData>
            <SimpleData name="Monitorear">No</SimpleData>
            <SimpleData name="Fecha_de_M">-</SimpleData>
            <SimpleData name="F__de_pren">-</SimpleData>
            <SimpleData name="Estado_FAO">Monitorear</SimpleData>
            <SimpleData name="Etapa_de_i">Mantenimiento A?o 1.2</SimpleData>
            <SimpleData name="Fecha_visi">2026/09/13</SimpleData>
            <SimpleData name="Cumple_sup">Si</SimpleData>
            <SimpleData name="Estado_mon">-</SimpleData>
            <SimpleData name="Situaci_12">-</SimpleData>
            <SimpleData name="Observaci">-</SimpleData>
            <SimpleData name="Dias_trans">21.14687500000</SimpleData>
            <SimpleData name="Prioridad">ALTA</SimpleData>
            <SimpleData name="OBJECTID_1">249</SimpleData>
          </SchemaData>
        </ExtendedData>
        <Point>
          <coordinates>
            -55.7095077039155,-24.2177356360558,0
          </coordinates>
        </Point>
      </Placemark>
      <Placemark id="Distrito_VILLA_YGATIM__.35">
        <ExtendedData>
          <SchemaData schemaUrl="#Distrito_VILLA_YGATIM__.schema">
            <SimpleData name="CÈdula">7773200.00000000000</SimpleData>
            <SimpleData name="cedula">7773200</SimpleData>
            <SimpleData name="CÈdula_1">7773200.00000000000</SimpleData>
            <SimpleData name="N_">30.00000000000</SimpleData>
            <SimpleData name="Nombres_y_">CHINITA TAYJANGA</SimpleData>
            <SimpleData name="Sexo">Mujer</SimpleData>
            <SimpleData name="Cambio_de_">NO</SimpleData>
            <SimpleData name="Titular_se">NO</SimpleData>
            <SimpleData name="CÈdula_Ti">NO</SimpleData>
            <SimpleData name="SituaciÛn">NO</SimpleData>
            <SimpleData name="Comunidad">Ind?gena</SimpleData>
            <SimpleData name="Modelo">Modelo 4</SimpleData>
            <SimpleData name="Departamen">CANINDEYU</SimpleData>
            <SimpleData name="Distrito">VILLA YGATIM?</SimpleData>
            <SimpleData name="Localidad">COM INDIG CHUPA POU</SimpleData>
            <SimpleData name="TelÈfono">0986555703</SimpleData>
            <SimpleData name="Vivienda_L">-24.20881340000</SimpleData>
            <SimpleData name="Vivienda_1">-55.67539390000</SimpleData>
            <SimpleData name="Superficie">0.70000000000</SimpleData>
            <SimpleData name="Situaci_1">Pol?gono</SimpleData>
            <SimpleData name="Plantado">Si</SimpleData>
            <SimpleData name="Parcela_La">-24.21851202000</SimpleData>
            <SimpleData name="Parcela_Lo">-55.70794804000</SimpleData>
            <SimpleData name="Grupo_Impl">G2</SimpleData>
            <SimpleData name="Grupo_de_P">H-P2-P10P10-XX-XX</SimpleData>
            <SimpleData name="Jornales">4.00000000000</SimpleData>
            <SimpleData name="Monto">446008.00000000000</SimpleData>
            <SimpleData name="ETAPA_FAO">Mantenimiento A?o 1.2</SimpleData>
            <SimpleData name="Estado_del">Activo</SimpleData>
            <SimpleData name="Empresa">Hyh Consultores SRL</SimpleData>
            <SimpleData name="Lote">H</SimpleData>
            <SimpleData name="Monitorear">No</SimpleData>
            <SimpleData name="Fecha_de_M">-</SimpleData>
            <SimpleData name="F__de_pren">-</SimpleData>
            <SimpleData name="Estado_FAO">Monitorear</SimpleData>
            <SimpleData name="Etapa_de_i">Mantenimiento A?o 1.2</SimpleData>
            <SimpleData name="Fecha_visi">2026/09/07</SimpleData>
            <SimpleData name="Cumple_sup">Si</SimpleData>
            <SimpleData name="Estado_mon">-</SimpleData>
            <SimpleData name="Situaci_12">-</SimpleData>
            <SimpleData name="Observaci">-</SimpleData>
            <SimpleData name="Dias_trans">27.19563657410</SimpleData>
            <SimpleData name="Prioridad">ALTA</SimpleData>
            <SimpleData name="OBJECTID_1">30</SimpleData>
          </SchemaData>
        </ExtendedData>
        <Point>
          <coordinates>
            -55.7079480441857,-24.2185120153538,0
          </coordinates>
        </Point>
      </Placemark>
      <Placemark id="Distrito_VILLA_YGATIM__.36">
        <ExtendedData>
          <SchemaData schemaUrl="#Distrito_VILLA_YGATIM__.schema">
            <SimpleData name="CÈdula">3943198.00000000000</SimpleData>
            <SimpleData name="cedula">3943198</SimpleData>
            <SimpleData name="CÈdula_1">3943198.00000000000</SimpleData>
            <SimpleData name="N_">243.00000000000</SimpleData>
            <SimpleData name="Nombres_y_">MARIO  KANYEGI</SimpleData>
            <SimpleData name="Sexo">Hombre</SimpleData>
            <SimpleData name="Cambio_de_">NO</SimpleData>
            <SimpleData name="Titular_se">NO</SimpleData>
            <SimpleData name="CÈdula_Ti">NO</SimpleData>
            <SimpleData name="SituaciÛn">NO</SimpleData>
            <SimpleData name="Comunidad">Ind?gena</SimpleData>
            <SimpleData name="Modelo">Modelo 4</SimpleData>
            <SimpleData name="Departamen">CANINDEYU</SimpleData>
            <SimpleData name="Distrito">VILLA YGATIM?</SimpleData>
            <SimpleData name="Localidad">COM INDIG CHUPA POU</SimpleData>
            <SimpleData name="TelÈfono">981092848</SimpleData>
            <SimpleData name="Vivienda_L">-24.20864170000</SimpleData>
            <SimpleData name="Vivienda_1">-55.67572830000</SimpleData>
            <SimpleData name="Superficie">0.70000000000</SimpleData>
            <SimpleData name="Situaci_1">Pol?gono</SimpleData>
            <SimpleData name="Plantado">Si</SimpleData>
            <SimpleData name="Parcela_La">-24.23607347000</SimpleData>
            <SimpleData name="Parcela_Lo">-55.72551668000</SimpleData>
            <SimpleData name="Grupo_Impl">G2</SimpleData>
            <SimpleData name="Grupo_de_P">H-P3-P10P10-XX-XX</SimpleData>
            <SimpleData name="Jornales">4.00000000000</SimpleData>
            <SimpleData name="Monto">446008.00000000000</SimpleData>
            <SimpleData name="ETAPA_FAO">Mantenimiento A?o 1.2</SimpleData>
            <SimpleData name="Estado_del">Activo</SimpleData>
            <SimpleData name="Empresa">Hyh Consultores SRL</SimpleData>
            <SimpleData name="Lote">H</SimpleData>
            <SimpleData name="Monitorear">No</SimpleData>
            <SimpleData name="Fecha_de_M">-</SimpleData>
            <SimpleData name="F__de_pren">-</SimpleData>
            <SimpleData name="Estado_FAO">Monitorear</SimpleData>
            <SimpleData name="Etapa_de_i">Mantenimiento A?o 1.2</SimpleData>
            <SimpleData name="Fecha_visi">2026/09/26</SimpleData>
            <SimpleData name="Cumple_sup">Si</SimpleData>
            <SimpleData name="Estado_mon">-</SimpleData>
            <SimpleData name="Situaci_12">-</SimpleData>
            <SimpleData name="Observaci">-</SimpleData>
            <SimpleData name="Dias_trans">8.46846064815</SimpleData>
            <SimpleData name="Prioridad">ALTA</SimpleData>
            <SimpleData name="OBJECTID_1">243</SimpleData>
          </SchemaData>
        </ExtendedData>
        <Point>
          <coordinates>
            -55.7255166773567,-24.236073469127,0
          </coordinates>
        </Point>
      </Placemark>
      <Placemark id="Distrito_VILLA_YGATIM__.37">
        <ExtendedData>
          <SchemaData schemaUrl="#Distrito_VILLA_YGATIM__.schema">
            <SimpleData name="CÈdula">4251068.00000000000</SimpleData>
            <SimpleData name="cedula">4251068</SimpleData>
            <SimpleData name="CÈdula_1">4251068.00000000000</SimpleData>
            <SimpleData name="N_">23.00000000000</SimpleData>
            <SimpleData name="Nombres_y_">AGUEDA EVANGELINA PAREDEZ GAVILAN</SimpleData>
            <SimpleData name="Sexo">Mujer</SimpleData>
            <SimpleData name="Cambio_de_">NO</SimpleData>
            <SimpleData name="Titular_se">NO</SimpleData>
            <SimpleData name="CÈdula_Ti">NO</SimpleData>
            <SimpleData name="SituaciÛn">NO</SimpleData>
            <SimpleData name="Comunidad">Campesina</SimpleData>
            <SimpleData name="Modelo">Modelo 5</SimpleData>
            <SimpleData name="Departamen">CANINDEYU</SimpleData>
            <SimpleData name="Distrito">VILLA YGATIM?</SimpleData>
            <SimpleData name="Localidad">ARROYO GUAZU</SimpleData>
            <SimpleData name="TelÈfono">0984324645</SimpleData>
            <SimpleData name="Vivienda_L">-24.01210830000</SimpleData>
            <SimpleData name="Vivienda_1">-55.65809170000</SimpleData>
            <SimpleData name="Superficie">0.70000000000</SimpleData>
            <SimpleData name="Situaci_1">Par?metro</SimpleData>
            <SimpleData name="Plantado">Si</SimpleData>
            <SimpleData name="Parcela_La">-24.01056682000</SimpleData>
            <SimpleData name="Parcela_Lo">-55.65825087000</SimpleData>
            <SimpleData name="Grupo_Impl">G2</SimpleData>
            <SimpleData name="Grupo_de_P">H-P8-XX-XX-XX</SimpleData>
            <SimpleData name="Jornales">0.00000000000</SimpleData>
            <SimpleData name="Monto">0.00000000000</SimpleData>
            <SimpleData name="ETAPA_FAO">Mantenimiento A?o 1.1</SimpleData>
            <SimpleData name="Estado_del">Activo</SimpleData>
            <SimpleData name="Empresa">Hyh Consultores SRL</SimpleData>
            <SimpleData name="Lote">H</SimpleData>
            <SimpleData name="Monitorear">Si</SimpleData>
            <SimpleData name="Fecha_de_M">-</SimpleData>
            <SimpleData name="F__de_pren">-</SimpleData>
            <SimpleData name="Estado_FAO">Monitorear</SimpleData>
            <SimpleData name="Etapa_de_i">Mantenimiento A?o 1.1</SimpleData>
            <SimpleData name="Fecha_visi">2026/09/04</SimpleData>
            <SimpleData name="Cumple_sup">Si</SimpleData>
            <SimpleData name="Estado_mon">-</SimpleData>
            <SimpleData name="Situaci_12">-</SimpleData>
            <SimpleData name="Observaci">-</SimpleData>
            <SimpleData name="Dias_trans">30.24746527780</SimpleData>
            <SimpleData name="Prioridad">ALTA</SimpleData>
            <SimpleData name="OBJECTID_1">23</SimpleData>
          </SchemaData>
        </ExtendedData>
        <Point>
          <coordinates>
            -55.6582508734129,-24.0105668160622,0
          </coordinates>
        </Point>
      </Placemark>
      <Placemark id="Distrito_VILLA_YGATIM__.38">
        <ExtendedData>
          <SchemaData schemaUrl="#Distrito_VILLA_YGATIM__.schema">
            <SimpleData name="CÈdula">5968758.00000000000</SimpleData>
            <SimpleData name="cedula">5968758</SimpleData>
            <SimpleData name="CÈdula_1">5968758.00000000000</SimpleData>
            <SimpleData name="N_">31.00000000000</SimpleData>
            <SimpleData name="Nombres_y_">MARISA KRIJUGI TAKUANGI MBYVANGI</SimpleData>
            <SimpleData name="Sexo">Mujer</SimpleData>
            <SimpleData name="Cambio_de_">NO</SimpleData>
            <SimpleData name="Titular_se">NO</SimpleData>
            <SimpleData name="CÈdula_Ti">NO</SimpleData>
            <SimpleData name="SituaciÛn">NO</SimpleData>
            <SimpleData name="Comunidad">Ind?gena</SimpleData>
            <SimpleData name="Modelo">Modelo 4</SimpleData>
            <SimpleData name="Departamen">CANINDEYU</SimpleData>
            <SimpleData name="Distrito">VILLA YGATIM?</SimpleData>
            <SimpleData name="Localidad">COM INDIG CHUPA POU</SimpleData>
            <SimpleData name="TelÈfono">986825395</SimpleData>
            <SimpleData name="Vivienda_L">-24.20922670000</SimpleData>
            <SimpleData name="Vivienda_1">-55.67919920000</SimpleData>
            <SimpleData name="Superficie">0.70000000000</SimpleData>
            <SimpleData name="Situaci_1">Pol?gono</SimpleData>
            <SimpleData name="Plantado">Si</SimpleData>
            <SimpleData name="Parcela_La">-24.21828425000</SimpleData>
            <SimpleData name="Parcela_Lo">-55.70700569000</SimpleData>
            <SimpleData name="Grupo_Impl">G2</SimpleData>
            <SimpleData name="Grupo_de_P">H-P2-P10P10-XX-XX</SimpleData>
            <SimpleData name="Jornales">4.00000000000</SimpleData>
            <SimpleData name="Monto">446008.00000000000</SimpleData>
            <SimpleData name="ETAPA_FAO">Mantenimiento A?o 1.2</SimpleData>
            <SimpleData name="Estado_del">Activo</SimpleData>
            <SimpleData name="Empresa">Hyh Consultores SRL</SimpleData>
            <SimpleData name="Lote">H</SimpleData>
            <SimpleData name="Monitorear">No</SimpleData>
            <SimpleData name="Fecha_de_M">-</SimpleData>
            <SimpleData name="F__de_pren">-</SimpleData>
            <SimpleData name="Estado_FAO">Monitorear</SimpleData>
            <SimpleData name="Etapa_de_i">Mantenimiento A?o 1.2</SimpleData>
            <SimpleData name="Fecha_visi">2026/09/07</SimpleData>
            <SimpleData name="Cumple_sup">Si</SimpleData>
            <SimpleData name="Estado_mon">-</SimpleData>
            <SimpleData name="Situaci_12">-</SimpleData>
            <SimpleData name="Observaci">-</SimpleData>
            <SimpleData name="Dias_trans">27.20856481480</SimpleData>
            <SimpleData name="Prioridad">ALTA</SimpleData>
            <SimpleData name="OBJECTID_1">31</SimpleData>
          </SchemaData>
        </ExtendedData>
        <Point>
          <coordinates>
            -55.7070056897004,-24.2182842540627,0
          </coordinates>
        </Point>
      </Placemark>
    </Document>
  </Document>
</kml>
